[10-Oct-2025 20:42:44 America/Montevideo] PHP Notice:  Only variables should be passed by reference in C:\Users\USUARIO\Documents\GitHub\Draftosaurus\backend\api\repositories\UserRepository.php on line 136
[10-Oct-2025 20:42:44 America/Montevideo] PHP Notice:  Only variables should be passed by reference in C:\Users\USUARIO\Documents\GitHub\Draftosaurus\backend\api\repositories\UserRepository.php on line 136
[10-Oct-2025 20:42:44 America/Montevideo] PHP Notice:  Only variables should be passed by reference in C:\Users\USUARIO\Documents\GitHub\Draftosaurus\backend\api\repositories\UserRepository.php on line 136
[10-Oct-2025 20:42:44 America/Montevideo] PHP Notice:  Only variables should be passed by reference in C:\Users\USUARIO\Documents\GitHub\Draftosaurus\backend\api\repositories\UserRepository.php on line 136
[10-Oct-2025 22:00:17 America/Montevideo] Login intentado: admin / admin
[10-Oct-2025 22:00:17 America/Montevideo] === INICIO AuthService::login ===
[10-Oct-2025 22:00:17 America/Montevideo] Intentando login para: admin
[10-Oct-2025 22:00:17 America/Montevideo] === INICIO verifyCredentials ===
[10-Oct-2025 22:00:17 America/Montevideo] Identifier: admin
[10-Oct-2025 22:00:17 America/Montevideo] Usuario encontrado: admin
[10-Oct-2025 22:00:17 America/Montevideo] Estado del usuario: activo
[10-Oct-2025 22:00:17 America/Montevideo] Usuario activo, verificando contraseña...
[10-Oct-2025 22:00:17 America/Montevideo] Password verify: OK
[10-Oct-2025 22:00:17 America/Montevideo] Usuario estado final: activo
[10-Oct-2025 22:00:17 America/Montevideo] === FIN verifyCredentials (success) ===
[10-Oct-2025 22:00:17 America/Montevideo] Login exitoso para usuario ID: 1
[10-Oct-2025 22:00:17 America/Montevideo] === FIN AuthService::login (success) ===
[10-Oct-2025 22:00:17 America/Montevideo] === INICIO AuthService::login ===
[10-Oct-2025 22:00:17 America/Montevideo] Intentando login para: admin
[10-Oct-2025 22:00:17 America/Montevideo] === INICIO verifyCredentials ===
[10-Oct-2025 22:00:17 America/Montevideo] Identifier: admin
[10-Oct-2025 22:00:17 America/Montevideo] Usuario encontrado: admin
[10-Oct-2025 22:00:17 America/Montevideo] Estado del usuario: activo
[10-Oct-2025 22:00:17 America/Montevideo] Usuario activo, verificando contraseña...
[10-Oct-2025 22:00:18 America/Montevideo] Password verify: OK
[10-Oct-2025 22:00:18 America/Montevideo] Usuario estado final: activo
[10-Oct-2025 22:00:18 America/Montevideo] === FIN verifyCredentials (success) ===
[10-Oct-2025 22:00:18 America/Montevideo] Login exitoso para usuario ID: 1
[10-Oct-2025 22:00:18 America/Montevideo] === FIN AuthService::login (success) ===
[10-Oct-2025 22:00:18 America/Montevideo] === Validando estado de usuario ID: 1 ===
[10-Oct-2025 22:00:18 America/Montevideo] === UserRepository::findById(1) ===
[10-Oct-2025 22:00:18 America/Montevideo] Usuario ID 1 encontrado: admin (estado: activo)
[10-Oct-2025 22:00:18 America/Montevideo] Usuario 1 está activo
[10-Oct-2025 22:00:18 America/Montevideo] === AdminController::listUsers - INICIO ===
[10-Oct-2025 22:00:18 America/Montevideo] Usuarios obtenidos: 9
[10-Oct-2025 22:00:18 America/Montevideo] === AdminController::listUsers - SUCCESS ===
[10-Oct-2025 22:00:18 America/Montevideo] === Validando estado de usuario ID: 1 ===
[10-Oct-2025 22:00:18 America/Montevideo] === UserRepository::findById(1) ===
[10-Oct-2025 22:00:18 America/Montevideo] Usuario ID 1 encontrado: admin (estado: activo)
[10-Oct-2025 22:00:18 America/Montevideo] Usuario 1 está activo
[10-Oct-2025 22:00:18 America/Montevideo] === AdminController::listMessages - INICIO ===
[10-Oct-2025 22:00:18 America/Montevideo] Mensajes obtenidos: 4
[10-Oct-2025 22:00:18 America/Montevideo] === AdminController::listMessages - SUCCESS ===
[10-Oct-2025 22:00:29 America/Montevideo] === Validando estado de usuario ID: 1 ===
[10-Oct-2025 22:00:29 America/Montevideo] === UserRepository::findById(1) ===
[10-Oct-2025 22:00:29 America/Montevideo] Usuario ID 1 encontrado: admin (estado: activo)
[10-Oct-2025 22:00:29 America/Montevideo] Usuario 1 está activo
[10-Oct-2025 22:00:29 America/Montevideo] === AdminController::toggleUserStatus(9) - INICIO ===
[10-Oct-2025 22:00:29 America/Montevideo] Cambiando status de usuario 9 a: suspendido
[10-Oct-2025 22:00:29 America/Montevideo] Resultado cambio status: {"success":true,"message":"Estado actualizado"}
[10-Oct-2025 22:00:29 America/Montevideo] === AdminController::toggleUserStatus - FIN ===
[10-Oct-2025 22:00:29 America/Montevideo] === Validando estado de usuario ID: 1 ===
[10-Oct-2025 22:00:29 America/Montevideo] === UserRepository::findById(1) ===
[10-Oct-2025 22:00:29 America/Montevideo] Usuario ID 1 encontrado: admin (estado: activo)
[10-Oct-2025 22:00:29 America/Montevideo] Usuario 1 está activo
[10-Oct-2025 22:00:29 America/Montevideo] === AdminController::listUsers - INICIO ===
[10-Oct-2025 22:00:29 America/Montevideo] Usuarios obtenidos: 9
[10-Oct-2025 22:00:29 America/Montevideo] === AdminController::listUsers - SUCCESS ===
[10-Oct-2025 22:00:34 America/Montevideo] === Validando estado de usuario ID: 1 ===
[10-Oct-2025 22:00:34 America/Montevideo] === UserRepository::findById(1) ===
[10-Oct-2025 22:00:34 America/Montevideo] Usuario ID 1 encontrado: admin (estado: activo)
[10-Oct-2025 22:00:34 America/Montevideo] Usuario 1 está activo
[10-Oct-2025 22:00:34 America/Montevideo] === AdminController::getUser(9) - INICIO ===
[10-Oct-2025 22:00:34 America/Montevideo] Usuario 9 encontrado y enviado
[10-Oct-2025 22:00:34 America/Montevideo] === AdminController::getUser - FIN ===
[10-Oct-2025 22:00:42 America/Montevideo] === Validando estado de usuario ID: 1 ===
[10-Oct-2025 22:00:42 America/Montevideo] === UserRepository::findById(1) ===
[10-Oct-2025 22:00:42 America/Montevideo] Usuario ID 1 encontrado: admin (estado: activo)
[10-Oct-2025 22:00:42 America/Montevideo] Usuario 1 está activo
[10-Oct-2025 22:00:42 America/Montevideo] === AdminController::updateUser(9) - INICIO ===
[10-Oct-2025 22:00:42 America/Montevideo] Raw input para update: {"name":"juanpalote","email":"juanpalo@gmail.com"}
[10-Oct-2025 22:00:42 America/Montevideo] Datos para actualizar ID 9: {"name":"juanpalote","email":"juanpalo@gmail.com"}
[10-Oct-2025 22:00:42 America/Montevideo] === AdminService::updateUser - INICIO ===
[10-Oct-2025 22:00:42 America/Montevideo] ID: 9, Datos: {"name":"juanpalote","email":"juanpalo@gmail.com"}
[10-Oct-2025 22:00:42 America/Montevideo] === AdminRepository::updateUser - INICIO ===
[10-Oct-2025 22:00:42 America/Montevideo] ID: 9, Datos: {"name":"juanpalote","email":"juanpalo@gmail.com"}
[10-Oct-2025 22:00:42 America/Montevideo] Campo name -> username = 'juanpalote'
[10-Oct-2025 22:00:42 America/Montevideo] Campo email -> email = 'juanpalo@gmail.com'
[10-Oct-2025 22:00:42 America/Montevideo] SQL a ejecutar: UPDATE users SET username = ?, email = ?, updated_at = NOW() WHERE id = ?
[10-Oct-2025 22:00:42 America/Montevideo] Valores: ["juanpalote","juanpalo@gmail.com"] [ID: 9]
[10-Oct-2025 22:00:42 America/Montevideo] UPDATE completado - Filas afectadas: 1
[10-Oct-2025 22:00:42 America/Montevideo] === AdminRepository::updateUser - SUCCESS ===
[10-Oct-2025 22:00:42 America/Montevideo] Filas afectadas: 1
[10-Oct-2025 22:00:42 America/Montevideo] === AdminService::updateUser - SUCCESS ===
[10-Oct-2025 22:00:42 America/Montevideo] Resultado update: {"success":true,"message":"Usuario actualizado"}
[10-Oct-2025 22:00:42 America/Montevideo] === AdminController::updateUser - FIN ===
[10-Oct-2025 22:00:43 America/Montevideo] === Validando estado de usuario ID: 1 ===
[10-Oct-2025 22:00:43 America/Montevideo] === UserRepository::findById(1) ===
[10-Oct-2025 22:00:43 America/Montevideo] Usuario ID 1 encontrado: admin (estado: activo)
[10-Oct-2025 22:00:43 America/Montevideo] Usuario 1 está activo
[10-Oct-2025 22:00:43 America/Montevideo] === AdminController::listUsers - INICIO ===
[10-Oct-2025 22:00:43 America/Montevideo] Usuarios obtenidos: 9
[10-Oct-2025 22:00:43 America/Montevideo] === AdminController::listUsers - SUCCESS ===
[10-Oct-2025 22:02:16 America/Montevideo] Login intentado: martin@martin.com / martin123
[10-Oct-2025 22:02:16 America/Montevideo] === INICIO AuthService::login ===
[10-Oct-2025 22:02:16 America/Montevideo] Intentando login para: martin@martin.com
[10-Oct-2025 22:02:16 America/Montevideo] === INICIO verifyCredentials ===
[10-Oct-2025 22:02:16 America/Montevideo] Identifier: martin@martin.com
[10-Oct-2025 22:02:16 America/Montevideo] Usuario encontrado: martin
[10-Oct-2025 22:02:16 America/Montevideo] Estado del usuario: activo
[10-Oct-2025 22:02:16 America/Montevideo] Usuario activo, verificando contraseña...
[10-Oct-2025 22:02:17 America/Montevideo] Password verify: OK
[10-Oct-2025 22:02:17 America/Montevideo] Usuario estado final: activo
[10-Oct-2025 22:02:17 America/Montevideo] === FIN verifyCredentials (success) ===
[10-Oct-2025 22:02:17 America/Montevideo] Login exitoso para usuario ID: 4
[10-Oct-2025 22:02:17 America/Montevideo] === FIN AuthService::login (success) ===
[10-Oct-2025 22:02:17 America/Montevideo] === INICIO AuthService::login ===
[10-Oct-2025 22:02:17 America/Montevideo] Intentando login para: martin@martin.com
[10-Oct-2025 22:02:17 America/Montevideo] === INICIO verifyCredentials ===
[10-Oct-2025 22:02:17 America/Montevideo] Identifier: martin@martin.com
[10-Oct-2025 22:02:17 America/Montevideo] Usuario encontrado: martin
[10-Oct-2025 22:02:17 America/Montevideo] Estado del usuario: activo
[10-Oct-2025 22:02:17 America/Montevideo] Usuario activo, verificando contraseña...
[10-Oct-2025 22:02:17 America/Montevideo] Password verify: OK
[10-Oct-2025 22:02:17 America/Montevideo] Usuario estado final: activo
[10-Oct-2025 22:02:17 America/Montevideo] === FIN verifyCredentials (success) ===
[10-Oct-2025 22:02:17 America/Montevideo] Login exitoso para usuario ID: 4
[10-Oct-2025 22:02:17 America/Montevideo] === FIN AuthService::login (success) ===
[10-Oct-2025 22:02:17 America/Montevideo] === Validando estado de usuario ID: 4 ===
[10-Oct-2025 22:02:17 America/Montevideo] === UserRepository::findById(4) ===
[10-Oct-2025 22:02:17 America/Montevideo] Usuario ID 4 encontrado: martin (estado: activo)
[10-Oct-2025 22:02:17 America/Montevideo] Usuario 4 está activo
[10-Oct-2025 22:02:17 America/Montevideo] === Validando estado de usuario ID: 4 ===
[10-Oct-2025 22:02:17 America/Montevideo] === UserRepository::findById(4) ===
[10-Oct-2025 22:02:17 America/Montevideo] Usuario ID 4 encontrado: martin (estado: activo)
[10-Oct-2025 22:02:17 America/Montevideo] Usuario 4 está activo
[10-Oct-2025 22:02:36 America/Montevideo] === Validando estado de usuario ID: 4 ===
[10-Oct-2025 22:02:36 America/Montevideo] === UserRepository::findById(4) ===
[10-Oct-2025 22:02:36 America/Montevideo] Usuario ID 4 encontrado: martin (estado: activo)
[10-Oct-2025 22:02:36 America/Montevideo] Usuario 4 está activo
[10-Oct-2025 22:03:07 America/Montevideo] === Validando estado de usuario ID: 4 ===
[10-Oct-2025 22:03:07 America/Montevideo] === UserRepository::findById(4) ===
[10-Oct-2025 22:03:07 America/Montevideo] Usuario ID 4 encontrado: martin (estado: activo)
[10-Oct-2025 22:03:07 America/Montevideo] Usuario 4 está activo
[10-Oct-2025 22:03:16 America/Montevideo] === Validando estado de usuario ID: 4 ===
[10-Oct-2025 22:03:16 America/Montevideo] === UserRepository::findById(4) ===
[10-Oct-2025 22:03:16 America/Montevideo] Usuario ID 4 encontrado: martin (estado: activo)
[10-Oct-2025 22:03:16 America/Montevideo] Usuario 4 está activo
[10-Oct-2025 22:03:16 America/Montevideo] ⚠️ ADVERTENCIA: Petición sin cuerpo recibida
[10-Oct-2025 22:03:16 America/Montevideo] === Validando estado de usuario ID: 4 ===
[10-Oct-2025 22:03:16 America/Montevideo] === UserRepository::findById(4) ===
[10-Oct-2025 22:03:16 America/Montevideo] Usuario ID 4 encontrado: martin (estado: activo)
[10-Oct-2025 22:03:16 America/Montevideo] Usuario 4 está activo
[10-Oct-2025 22:03:23 America/Montevideo] === DEBUG GUARDAR ESTADO PARTIDA ===
[10-Oct-2025 22:03:23 America/Montevideo] Método HTTP: POST
[10-Oct-2025 22:03:23 America/Montevideo] Content-Type: application/json
[10-Oct-2025 22:03:23 America/Montevideo] === Validando estado de usuario ID: 4 ===
[10-Oct-2025 22:03:23 America/Montevideo] === UserRepository::findById(4) ===
[10-Oct-2025 22:03:23 America/Montevideo] Usuario ID 4 encontrado: martin (estado: activo)
[10-Oct-2025 22:03:23 America/Montevideo] Usuario 4 está activo
[10-Oct-2025 22:03:23 America/Montevideo] ✅ Usuario autenticado: ID=4, Username=martin
[10-Oct-2025 22:03:23 America/Montevideo] Raw input recibido (length=278): {"id":137,"partidaId":137,"ronda":1,"turno":1,"jugadorActivo":1,"jugadorQueTiroDado":1,"restriccion":6,"colocadosEnTurno":0,"mano1":["dino1","dino2","dino4","dino1","trex","dino3"],"mano2":["dino1","dino4","dino2","dino2","dino4","trex"],"colocaciones":[],"jugador2":"juansito"}
[10-Oct-2025 22:03:23 America/Montevideo] ✅ JSON decodificado correctamente
[10-Oct-2025 22:03:23 America/Montevideo] Datos principales: {"id":137,"partidaId":137,"ronda":1,"colocaciones_count":0}
[10-Oct-2025 22:03:23 America/Montevideo] ✅ ID de partida válido: 137
[10-Oct-2025 22:03:23 America/Montevideo] ✅ Acceso validado correctamente
[10-Oct-2025 22:03:23 America/Montevideo] ✅ Validaciones pasadas: ronda=1, turno=1, jugadorActivo=1
[10-Oct-2025 22:03:23 America/Montevideo] Estado formateado para BD: {"recintos_count":0,"ronda_actual":1,"jugador_activo":1}
[10-Oct-2025 22:03:23 America/Montevideo] ✅ Partida guardada exitosamente en BD
[10-Oct-2025 22:03:26 America/Montevideo] === INICIO validarColocacionDino ===
[10-Oct-2025 22:03:26 America/Montevideo] Método: POST
[10-Oct-2025 22:03:26 America/Montevideo] Content-Type: application/json
[10-Oct-2025 22:03:26 America/Montevideo] === Validando estado de usuario ID: 4 ===
[10-Oct-2025 22:03:26 America/Montevideo] === UserRepository::findById(4) ===
[10-Oct-2025 22:03:26 America/Montevideo] Usuario ID 4 encontrado: martin (estado: activo)
[10-Oct-2025 22:03:26 America/Montevideo] Usuario 4 está activo
[10-Oct-2025 22:03:26 America/Montevideo] ✅ Usuario autenticado: 4
[10-Oct-2025 22:03:26 America/Montevideo] Datos recibidos para validación: {"partidaId":137,"restriccion":6,"recintoId":"prado-diferencia","especie":"dino1"}
[10-Oct-2025 22:03:26 America/Montevideo] ✅ COLOCACIÓN VÁLIDA: Dado tirado (restricción=6), recinto=prado-diferencia, especie=dino1
[10-Oct-2025 22:03:26 America/Montevideo] === FIN validarColocacionDino ===
[10-Oct-2025 22:03:26 America/Montevideo] === DEBUG GUARDAR ESTADO PARTIDA ===
[10-Oct-2025 22:03:26 America/Montevideo] Método HTTP: POST
[10-Oct-2025 22:03:26 America/Montevideo] Content-Type: application/json
[10-Oct-2025 22:03:26 America/Montevideo] === Validando estado de usuario ID: 4 ===
[10-Oct-2025 22:03:26 America/Montevideo] === UserRepository::findById(4) ===
[10-Oct-2025 22:03:26 America/Montevideo] Usuario ID 4 encontrado: martin (estado: activo)
[10-Oct-2025 22:03:26 America/Montevideo] Usuario 4 está activo
[10-Oct-2025 22:03:26 America/Montevideo] ✅ Usuario autenticado: ID=4, Username=martin
[10-Oct-2025 22:03:26 America/Montevideo] Raw input recibido (length=330): {"id":137,"partidaId":137,"ronda":1,"turno":1,"jugadorActivo":1,"jugadorQueTiroDado":1,"restriccion":6,"colocadosEnTurno":1,"mano1":["dino1","dino2","dino4","trex","dino3"],"mano2":["dino1","dino4","dino2","dino2","dino4","trex"],"colocaciones":[{"recinto":"prado-diferencia","jugador":1,"especie":"dino1"}],"jugador2":"juansito"}
[10-Oct-2025 22:03:26 America/Montevideo] ✅ JSON decodificado correctamente
[10-Oct-2025 22:03:26 America/Montevideo] Datos principales: {"id":137,"partidaId":137,"ronda":1,"colocaciones_count":1}
[10-Oct-2025 22:03:26 America/Montevideo] ✅ ID de partida válido: 137
[10-Oct-2025 22:03:26 America/Montevideo] ✅ Acceso validado correctamente
[10-Oct-2025 22:03:26 America/Montevideo] ✅ Validaciones pasadas: ronda=1, turno=1, jugadorActivo=1
[10-Oct-2025 22:03:26 America/Montevideo] Estado formateado para BD: {"recintos_count":1,"ronda_actual":1,"jugador_activo":1}
[10-Oct-2025 22:03:26 America/Montevideo] ✅ Partida guardada exitosamente en BD
[10-Oct-2025 22:03:42 America/Montevideo] === INICIO validarColocacionDino ===
[10-Oct-2025 22:03:42 America/Montevideo] Método: POST
[10-Oct-2025 22:03:42 America/Montevideo] Content-Type: application/json
[10-Oct-2025 22:03:42 America/Montevideo] === Validando estado de usuario ID: 4 ===
[10-Oct-2025 22:03:42 America/Montevideo] === UserRepository::findById(4) ===
[10-Oct-2025 22:03:42 America/Montevideo] Usuario ID 4 encontrado: martin (estado: activo)
[10-Oct-2025 22:03:42 America/Montevideo] Usuario 4 está activo
[10-Oct-2025 22:03:42 America/Montevideo] ✅ Usuario autenticado: 4
[10-Oct-2025 22:03:42 America/Montevideo] Datos recibidos para validación: {"partidaId":137,"restriccion":6,"recintoId":"rey-selva","especie":"trex"}
[10-Oct-2025 22:03:42 America/Montevideo] ✅ COLOCACIÓN VÁLIDA: Dado tirado (restricción=6), recinto=rey-selva, especie=trex
[10-Oct-2025 22:03:42 America/Montevideo] === FIN validarColocacionDino ===
[10-Oct-2025 22:03:42 America/Montevideo] === DEBUG GUARDAR ESTADO PARTIDA ===
[10-Oct-2025 22:03:42 America/Montevideo] Método HTTP: POST
[10-Oct-2025 22:03:42 America/Montevideo] Content-Type: application/json
[10-Oct-2025 22:03:42 America/Montevideo] === Validando estado de usuario ID: 4 ===
[10-Oct-2025 22:03:42 America/Montevideo] === UserRepository::findById(4) ===
[10-Oct-2025 22:03:42 America/Montevideo] Usuario ID 4 encontrado: martin (estado: activo)
[10-Oct-2025 22:03:42 America/Montevideo] Usuario 4 está activo
[10-Oct-2025 22:03:42 America/Montevideo] ✅ Usuario autenticado: ID=4, Username=martin
[10-Oct-2025 22:03:42 America/Montevideo] Raw input recibido (length=376): {"id":137,"partidaId":137,"ronda":1,"turno":1,"jugadorActivo":2,"jugadorQueTiroDado":1,"restriccion":6,"colocadosEnTurno":2,"mano1":["dino1","dino2","dino4","trex","dino3"],"mano2":["dino1","dino4","dino2","dino2","dino4"],"colocaciones":[{"recinto":"rey-selva","jugador":2,"especie":"trex"},{"recinto":"prado-diferencia","jugador":1,"especie":"dino1"}],"jugador2":"juansito"}
[10-Oct-2025 22:03:42 America/Montevideo] ✅ JSON decodificado correctamente
[10-Oct-2025 22:03:42 America/Montevideo] Datos principales: {"id":137,"partidaId":137,"ronda":1,"colocaciones_count":2}
[10-Oct-2025 22:03:42 America/Montevideo] ✅ ID de partida válido: 137
[10-Oct-2025 22:03:42 America/Montevideo] ✅ Acceso validado correctamente
[10-Oct-2025 22:03:42 America/Montevideo] ✅ Validaciones pasadas: ronda=1, turno=1, jugadorActivo=2
[10-Oct-2025 22:03:42 America/Montevideo] Estado formateado para BD: {"recintos_count":2,"ronda_actual":1,"jugador_activo":2}
[10-Oct-2025 22:03:42 America/Montevideo] ✅ Partida guardada exitosamente en BD
[10-Oct-2025 22:03:42 America/Montevideo] === DEBUG GUARDAR ESTADO PARTIDA ===
[10-Oct-2025 22:03:42 America/Montevideo] Método HTTP: POST
[10-Oct-2025 22:03:42 America/Montevideo] Content-Type: application/json
[10-Oct-2025 22:03:42 America/Montevideo] === Validando estado de usuario ID: 4 ===
[10-Oct-2025 22:03:42 America/Montevideo] === UserRepository::findById(4) ===
[10-Oct-2025 22:03:42 America/Montevideo] Usuario ID 4 encontrado: martin (estado: activo)
[10-Oct-2025 22:03:42 America/Montevideo] Usuario 4 está activo
[10-Oct-2025 22:03:42 America/Montevideo] ✅ Usuario autenticado: ID=4, Username=martin
[10-Oct-2025 22:03:42 America/Montevideo] Raw input recibido (length=379): {"id":137,"partidaId":137,"ronda":1,"turno":2,"jugadorActivo":2,"jugadorQueTiroDado":2,"restriccion":null,"colocadosEnTurno":0,"mano1":["dino1","dino4","dino2","dino2","dino4"],"mano2":["dino1","dino2","dino4","trex","dino3"],"colocaciones":[{"recinto":"rey-selva","jugador":2,"especie":"trex"},{"recinto":"prado-diferencia","jugador":1,"especie":"dino1"}],"jugador2":"juansito"}
[10-Oct-2025 22:03:42 America/Montevideo] ✅ JSON decodificado correctamente
[10-Oct-2025 22:03:42 America/Montevideo] Datos principales: {"id":137,"partidaId":137,"ronda":1,"colocaciones_count":2}
[10-Oct-2025 22:03:42 America/Montevideo] ✅ ID de partida válido: 137
[10-Oct-2025 22:03:42 America/Montevideo] ✅ Acceso validado correctamente
[10-Oct-2025 22:03:42 America/Montevideo] ✅ Validaciones pasadas: ronda=1, turno=2, jugadorActivo=2
[10-Oct-2025 22:03:42 America/Montevideo] Estado formateado para BD: {"recintos_count":2,"ronda_actual":1,"jugador_activo":2}
[10-Oct-2025 22:03:42 America/Montevideo] ✅ Partida guardada exitosamente en BD
[10-Oct-2025 22:03:44 America/Montevideo] === DEBUG GUARDAR ESTADO PARTIDA ===
[10-Oct-2025 22:03:44 America/Montevideo] Método HTTP: POST
[10-Oct-2025 22:03:44 America/Montevideo] Content-Type: application/json
[10-Oct-2025 22:03:44 America/Montevideo] === Validando estado de usuario ID: 4 ===
[10-Oct-2025 22:03:44 America/Montevideo] === UserRepository::findById(4) ===
[10-Oct-2025 22:03:44 America/Montevideo] Usuario ID 4 encontrado: martin (estado: activo)
[10-Oct-2025 22:03:44 America/Montevideo] Usuario 4 está activo
[10-Oct-2025 22:03:44 America/Montevideo] ✅ Usuario autenticado: ID=4, Username=martin
[10-Oct-2025 22:03:44 America/Montevideo] Raw input recibido (length=376): {"id":137,"partidaId":137,"ronda":1,"turno":2,"jugadorActivo":2,"jugadorQueTiroDado":2,"restriccion":4,"colocadosEnTurno":0,"mano1":["dino1","dino4","dino2","dino2","dino4"],"mano2":["dino1","dino2","dino4","trex","dino3"],"colocaciones":[{"recinto":"rey-selva","jugador":2,"especie":"trex"},{"recinto":"prado-diferencia","jugador":1,"especie":"dino1"}],"jugador2":"juansito"}
[10-Oct-2025 22:03:44 America/Montevideo] ✅ JSON decodificado correctamente
[10-Oct-2025 22:03:44 America/Montevideo] Datos principales: {"id":137,"partidaId":137,"ronda":1,"colocaciones_count":2}
[10-Oct-2025 22:03:44 America/Montevideo] ✅ ID de partida válido: 137
[10-Oct-2025 22:03:44 America/Montevideo] ✅ Acceso validado correctamente
[10-Oct-2025 22:03:44 America/Montevideo] ✅ Validaciones pasadas: ronda=1, turno=2, jugadorActivo=2
[10-Oct-2025 22:03:44 America/Montevideo] Estado formateado para BD: {"recintos_count":2,"ronda_actual":1,"jugador_activo":2}
[10-Oct-2025 22:03:44 America/Montevideo] ✅ Partida guardada exitosamente en BD
[10-Oct-2025 22:03:46 America/Montevideo] === DEBUG GUARDAR ESTADO PARTIDA ===
[10-Oct-2025 22:03:46 America/Montevideo] Método HTTP: POST
[10-Oct-2025 22:03:46 America/Montevideo] Content-Type: application/json
[10-Oct-2025 22:03:46 America/Montevideo] === Validando estado de usuario ID: 4 ===
[10-Oct-2025 22:03:46 America/Montevideo] === UserRepository::findById(4) ===
[10-Oct-2025 22:03:46 America/Montevideo] Usuario ID 4 encontrado: martin (estado: activo)
[10-Oct-2025 22:03:46 America/Montevideo] Usuario 4 está activo
[10-Oct-2025 22:03:46 America/Montevideo] ✅ Usuario autenticado: ID=4, Username=martin
[10-Oct-2025 22:03:46 America/Montevideo] Raw input recibido (length=376): {"id":137,"partidaId":137,"ronda":1,"turno":2,"jugadorActivo":2,"jugadorQueTiroDado":2,"restriccion":4,"colocadosEnTurno":0,"mano1":["dino1","dino4","dino2","dino2","dino4"],"mano2":["dino1","dino2","dino4","trex","dino3"],"colocaciones":[{"recinto":"rey-selva","jugador":2,"especie":"trex"},{"recinto":"prado-diferencia","jugador":1,"especie":"dino1"}],"jugador2":"juansito"}
[10-Oct-2025 22:03:46 America/Montevideo] ✅ JSON decodificado correctamente
[10-Oct-2025 22:03:46 America/Montevideo] Datos principales: {"id":137,"partidaId":137,"ronda":1,"colocaciones_count":2}
[10-Oct-2025 22:03:46 America/Montevideo] ✅ ID de partida válido: 137
[10-Oct-2025 22:03:46 America/Montevideo] ✅ Acceso validado correctamente
[10-Oct-2025 22:03:46 America/Montevideo] ✅ Validaciones pasadas: ronda=1, turno=2, jugadorActivo=2
[10-Oct-2025 22:03:46 America/Montevideo] Estado formateado para BD: {"recintos_count":2,"ronda_actual":1,"jugador_activo":2}
[10-Oct-2025 22:03:46 America/Montevideo] ✅ Partida guardada exitosamente en BD
[10-Oct-2025 22:03:49 America/Montevideo] === INICIO validarColocacionDino ===
[10-Oct-2025 22:03:49 America/Montevideo] Método: POST
[10-Oct-2025 22:03:49 America/Montevideo] Content-Type: application/json
[10-Oct-2025 22:03:49 America/Montevideo] === Validando estado de usuario ID: 4 ===
[10-Oct-2025 22:03:49 America/Montevideo] === UserRepository::findById(4) ===
[10-Oct-2025 22:03:49 America/Montevideo] Usuario ID 4 encontrado: martin (estado: activo)
[10-Oct-2025 22:03:49 America/Montevideo] Usuario 4 está activo
[10-Oct-2025 22:03:49 America/Montevideo] ✅ Usuario autenticado: 4
[10-Oct-2025 22:03:49 America/Montevideo] Datos recibidos para validación: {"partidaId":137,"restriccion":4,"recintoId":"prado-diferencia","especie":"trex"}
[10-Oct-2025 22:03:49 America/Montevideo] ✅ COLOCACIÓN VÁLIDA: Dado tirado (restricción=4), recinto=prado-diferencia, especie=trex
[10-Oct-2025 22:03:49 America/Montevideo] === FIN validarColocacionDino ===
[10-Oct-2025 22:03:49 America/Montevideo] === DEBUG GUARDAR ESTADO PARTIDA ===
[10-Oct-2025 22:03:49 America/Montevideo] Método HTTP: POST
[10-Oct-2025 22:03:49 America/Montevideo] Content-Type: application/json
[10-Oct-2025 22:03:49 America/Montevideo] === Validando estado de usuario ID: 4 ===
[10-Oct-2025 22:03:49 America/Montevideo] === UserRepository::findById(4) ===
[10-Oct-2025 22:03:49 America/Montevideo] Usuario ID 4 encontrado: martin (estado: activo)
[10-Oct-2025 22:03:49 America/Montevideo] Usuario 4 está activo
[10-Oct-2025 22:03:49 America/Montevideo] ✅ Usuario autenticado: ID=4, Username=martin
[10-Oct-2025 22:03:49 America/Montevideo] Raw input recibido (length=429): {"id":137,"partidaId":137,"ronda":1,"turno":2,"jugadorActivo":2,"jugadorQueTiroDado":2,"restriccion":4,"colocadosEnTurno":1,"mano1":["dino1","dino4","dino2","dino2","dino4"],"mano2":["dino1","dino2","dino4","dino3"],"colocaciones":[{"recinto":"rey-selva","jugador":2,"especie":"trex"},{"recinto":"prado-diferencia","jugador":1,"especie":"dino1"},{"recinto":"prado-diferencia","jugador":2,"especie":"trex"}],"jugador2":"juansito"}
[10-Oct-2025 22:03:49 America/Montevideo] ✅ JSON decodificado correctamente
[10-Oct-2025 22:03:49 America/Montevideo] Datos principales: {"id":137,"partidaId":137,"ronda":1,"colocaciones_count":3}
[10-Oct-2025 22:03:49 America/Montevideo] ✅ ID de partida válido: 137
[10-Oct-2025 22:03:49 America/Montevideo] ✅ Acceso validado correctamente
[10-Oct-2025 22:03:49 America/Montevideo] ✅ Validaciones pasadas: ronda=1, turno=2, jugadorActivo=2
[10-Oct-2025 22:03:49 America/Montevideo] Estado formateado para BD: {"recintos_count":2,"ronda_actual":1,"jugador_activo":2}
[10-Oct-2025 22:03:49 America/Montevideo] ✅ Partida guardada exitosamente en BD
[10-Oct-2025 22:03:58 America/Montevideo] === INICIO validarColocacionDino ===
[10-Oct-2025 22:03:58 America/Montevideo] Método: POST
[10-Oct-2025 22:03:58 America/Montevideo] Content-Type: application/json
[10-Oct-2025 22:03:58 America/Montevideo] === Validando estado de usuario ID: 4 ===
[10-Oct-2025 22:03:58 America/Montevideo] === UserRepository::findById(4) ===
[10-Oct-2025 22:03:58 America/Montevideo] Usuario ID 4 encontrado: martin (estado: activo)
[10-Oct-2025 22:03:58 America/Montevideo] Usuario 4 está activo
[10-Oct-2025 22:03:58 America/Montevideo] ✅ Usuario autenticado: 4
[10-Oct-2025 22:03:58 America/Montevideo] Datos recibidos para validación: {"partidaId":137,"restriccion":4,"recintoId":"trio-frondoso","especie":"dino2"}
[10-Oct-2025 22:03:58 America/Montevideo] ✅ COLOCACIÓN VÁLIDA: Dado tirado (restricción=4), recinto=trio-frondoso, especie=dino2
[10-Oct-2025 22:03:58 America/Montevideo] === FIN validarColocacionDino ===
[10-Oct-2025 22:03:58 America/Montevideo] === DEBUG GUARDAR ESTADO PARTIDA ===
[10-Oct-2025 22:03:58 America/Montevideo] Método HTTP: POST
[10-Oct-2025 22:03:58 America/Montevideo] Content-Type: application/json
[10-Oct-2025 22:03:58 America/Montevideo] === Validando estado de usuario ID: 4 ===
[10-Oct-2025 22:03:58 America/Montevideo] === UserRepository::findById(4) ===
[10-Oct-2025 22:03:58 America/Montevideo] Usuario ID 4 encontrado: martin (estado: activo)
[10-Oct-2025 22:03:58 America/Montevideo] Usuario 4 está activo
[10-Oct-2025 22:03:58 America/Montevideo] ✅ Usuario autenticado: ID=4, Username=martin
[10-Oct-2025 22:03:58 America/Montevideo] Raw input recibido (length=479): {"id":137,"partidaId":137,"ronda":1,"turno":2,"jugadorActivo":1,"jugadorQueTiroDado":2,"restriccion":4,"colocadosEnTurno":2,"mano1":["dino1","dino4","dino2","dino4"],"mano2":["dino1","dino2","dino4","dino3"],"colocaciones":[{"recinto":"trio-frondoso","jugador":1,"especie":"dino2"},{"recinto":"rey-selva","jugador":2,"especie":"trex"},{"recinto":"prado-diferencia","jugador":1,"especie":"dino1"},{"recinto":"prado-diferencia","jugador":2,"especie":"trex"}],"jugador2":"juansito"}
[10-Oct-2025 22:03:58 America/Montevideo] ✅ JSON decodificado correctamente
[10-Oct-2025 22:03:58 America/Montevideo] Datos principales: {"id":137,"partidaId":137,"ronda":1,"colocaciones_count":4}
[10-Oct-2025 22:03:58 America/Montevideo] ✅ ID de partida válido: 137
[10-Oct-2025 22:03:58 America/Montevideo] ✅ Acceso validado correctamente
[10-Oct-2025 22:03:58 America/Montevideo] ✅ Validaciones pasadas: ronda=1, turno=2, jugadorActivo=1
[10-Oct-2025 22:03:58 America/Montevideo] Estado formateado para BD: {"recintos_count":3,"ronda_actual":1,"jugador_activo":1}
[10-Oct-2025 22:03:58 America/Montevideo] ✅ Partida guardada exitosamente en BD
[10-Oct-2025 22:03:58 America/Montevideo] === DEBUG GUARDAR ESTADO PARTIDA ===
[10-Oct-2025 22:03:58 America/Montevideo] Método HTTP: POST
[10-Oct-2025 22:03:58 America/Montevideo] Content-Type: application/json
[10-Oct-2025 22:03:58 America/Montevideo] === Validando estado de usuario ID: 4 ===
[10-Oct-2025 22:03:58 America/Montevideo] === UserRepository::findById(4) ===
[10-Oct-2025 22:03:58 America/Montevideo] Usuario ID 4 encontrado: martin (estado: activo)
[10-Oct-2025 22:03:58 America/Montevideo] Usuario 4 está activo
[10-Oct-2025 22:03:58 America/Montevideo] ✅ Usuario autenticado: ID=4, Username=martin
[10-Oct-2025 22:03:58 America/Montevideo] Raw input recibido (length=482): {"id":137,"partidaId":137,"ronda":1,"turno":3,"jugadorActivo":1,"jugadorQueTiroDado":1,"restriccion":null,"colocadosEnTurno":0,"mano1":["dino1","dino2","dino4","dino3"],"mano2":["dino1","dino4","dino2","dino4"],"colocaciones":[{"recinto":"trio-frondoso","jugador":1,"especie":"dino2"},{"recinto":"rey-selva","jugador":2,"especie":"trex"},{"recinto":"prado-diferencia","jugador":1,"especie":"dino1"},{"recinto":"prado-diferencia","jugador":2,"especie":"trex"}],"jugador2":"juansito"}
[10-Oct-2025 22:03:58 America/Montevideo] ✅ JSON decodificado correctamente
[10-Oct-2025 22:03:58 America/Montevideo] Datos principales: {"id":137,"partidaId":137,"ronda":1,"colocaciones_count":4}
[10-Oct-2025 22:03:58 America/Montevideo] ✅ ID de partida válido: 137
[10-Oct-2025 22:03:58 America/Montevideo] ✅ Acceso validado correctamente
[10-Oct-2025 22:03:58 America/Montevideo] ✅ Validaciones pasadas: ronda=1, turno=3, jugadorActivo=1
[10-Oct-2025 22:03:58 America/Montevideo] Estado formateado para BD: {"recintos_count":3,"ronda_actual":1,"jugador_activo":1}
[10-Oct-2025 22:03:58 America/Montevideo] ✅ Partida guardada exitosamente en BD
[10-Oct-2025 22:04:01 America/Montevideo] === DEBUG GUARDAR ESTADO PARTIDA ===
[10-Oct-2025 22:04:01 America/Montevideo] Método HTTP: POST
[10-Oct-2025 22:04:01 America/Montevideo] Content-Type: application/json
[10-Oct-2025 22:04:01 America/Montevideo] === Validando estado de usuario ID: 4 ===
[10-Oct-2025 22:04:01 America/Montevideo] === UserRepository::findById(4) ===
[10-Oct-2025 22:04:01 America/Montevideo] Usuario ID 4 encontrado: martin (estado: activo)
[10-Oct-2025 22:04:01 America/Montevideo] Usuario 4 está activo
[10-Oct-2025 22:04:01 America/Montevideo] ✅ Usuario autenticado: ID=4, Username=martin
[10-Oct-2025 22:04:01 America/Montevideo] Raw input recibido (length=479): {"id":137,"partidaId":137,"ronda":1,"turno":3,"jugadorActivo":1,"jugadorQueTiroDado":1,"restriccion":2,"colocadosEnTurno":0,"mano1":["dino1","dino2","dino4","dino3"],"mano2":["dino1","dino4","dino2","dino4"],"colocaciones":[{"recinto":"trio-frondoso","jugador":1,"especie":"dino2"},{"recinto":"rey-selva","jugador":2,"especie":"trex"},{"recinto":"prado-diferencia","jugador":1,"especie":"dino1"},{"recinto":"prado-diferencia","jugador":2,"especie":"trex"}],"jugador2":"juansito"}
[10-Oct-2025 22:04:01 America/Montevideo] ✅ JSON decodificado correctamente
[10-Oct-2025 22:04:01 America/Montevideo] Datos principales: {"id":137,"partidaId":137,"ronda":1,"colocaciones_count":4}
[10-Oct-2025 22:04:01 America/Montevideo] ✅ ID de partida válido: 137
[10-Oct-2025 22:04:01 America/Montevideo] ✅ Acceso validado correctamente
[10-Oct-2025 22:04:01 America/Montevideo] ✅ Validaciones pasadas: ronda=1, turno=3, jugadorActivo=1
[10-Oct-2025 22:04:01 America/Montevideo] Estado formateado para BD: {"recintos_count":3,"ronda_actual":1,"jugador_activo":1}
[10-Oct-2025 22:04:01 America/Montevideo] ✅ Partida guardada exitosamente en BD
[10-Oct-2025 22:04:15 America/Montevideo] === INICIO validarColocacionDino ===
[10-Oct-2025 22:04:15 America/Montevideo] Método: POST
[10-Oct-2025 22:04:15 America/Montevideo] Content-Type: application/json
[10-Oct-2025 22:04:15 America/Montevideo] === Validando estado de usuario ID: 4 ===
[10-Oct-2025 22:04:15 America/Montevideo] === UserRepository::findById(4) ===
[10-Oct-2025 22:04:15 America/Montevideo] Usuario ID 4 encontrado: martin (estado: activo)
[10-Oct-2025 22:04:15 America/Montevideo] Usuario 4 está activo
[10-Oct-2025 22:04:15 America/Montevideo] ✅ Usuario autenticado: 4
[10-Oct-2025 22:04:15 America/Montevideo] Datos recibidos para validación: {"partidaId":137,"restriccion":2,"recintoId":"isla-solitario","especie":"dino3"}
[10-Oct-2025 22:04:15 America/Montevideo] ✅ COLOCACIÓN VÁLIDA: Dado tirado (restricción=2), recinto=isla-solitario, especie=dino3
[10-Oct-2025 22:04:15 America/Montevideo] === FIN validarColocacionDino ===
[10-Oct-2025 22:04:15 America/Montevideo] === DEBUG GUARDAR ESTADO PARTIDA ===
[10-Oct-2025 22:04:15 America/Montevideo] Método HTTP: POST
[10-Oct-2025 22:04:15 America/Montevideo] Content-Type: application/json
[10-Oct-2025 22:04:15 America/Montevideo] === Validando estado de usuario ID: 4 ===
[10-Oct-2025 22:04:15 America/Montevideo] === UserRepository::findById(4) ===
[10-Oct-2025 22:04:15 America/Montevideo] Usuario ID 4 encontrado: martin (estado: activo)
[10-Oct-2025 22:04:15 America/Montevideo] Usuario 4 está activo
[10-Oct-2025 22:04:15 America/Montevideo] ✅ Usuario autenticado: ID=4, Username=martin
[10-Oct-2025 22:04:15 America/Montevideo] Raw input recibido (length=530): {"id":137,"partidaId":137,"ronda":1,"turno":3,"jugadorActivo":1,"jugadorQueTiroDado":1,"restriccion":2,"colocadosEnTurno":1,"mano1":["dino1","dino2","dino4"],"mano2":["dino1","dino4","dino2","dino4"],"colocaciones":[{"recinto":"trio-frondoso","jugador":1,"especie":"dino2"},{"recinto":"rey-selva","jugador":2,"especie":"trex"},{"recinto":"prado-diferencia","jugador":1,"especie":"dino1"},{"recinto":"prado-diferencia","jugador":2,"especie":"trex"},{"recinto":"isla-solitario","jugador":1,"especie":"d
[10-Oct-2025 22:04:15 America/Montevideo] ✅ JSON decodificado correctamente
[10-Oct-2025 22:04:15 America/Montevideo] Datos principales: {"id":137,"partidaId":137,"ronda":1,"colocaciones_count":5}
[10-Oct-2025 22:04:15 America/Montevideo] ✅ ID de partida válido: 137
[10-Oct-2025 22:04:15 America/Montevideo] ✅ Acceso validado correctamente
[10-Oct-2025 22:04:15 America/Montevideo] ✅ Validaciones pasadas: ronda=1, turno=3, jugadorActivo=1
[10-Oct-2025 22:04:15 America/Montevideo] Estado formateado para BD: {"recintos_count":4,"ronda_actual":1,"jugador_activo":1}
[10-Oct-2025 22:04:15 America/Montevideo] ✅ Partida guardada exitosamente en BD
[10-Oct-2025 22:04:16 America/Montevideo] === DEBUG GUARDAR ESTADO PARTIDA ===
[10-Oct-2025 22:04:16 America/Montevideo] Método HTTP: POST
[10-Oct-2025 22:04:16 America/Montevideo] Content-Type: application/json
[10-Oct-2025 22:04:16 America/Montevideo] === Validando estado de usuario ID: 4 ===
[10-Oct-2025 22:04:16 America/Montevideo] === UserRepository::findById(4) ===
[10-Oct-2025 22:04:16 America/Montevideo] Usuario ID 4 encontrado: martin (estado: activo)
[10-Oct-2025 22:04:16 America/Montevideo] Usuario 4 está activo
[10-Oct-2025 22:04:16 America/Montevideo] ✅ Usuario autenticado: ID=4, Username=martin
[10-Oct-2025 22:04:16 America/Montevideo] Raw input recibido (length=530): {"id":137,"partidaId":137,"ronda":1,"turno":3,"jugadorActivo":2,"jugadorQueTiroDado":1,"restriccion":2,"colocadosEnTurno":1,"mano1":["dino1","dino2","dino4"],"mano2":["dino1","dino4","dino2","dino4"],"colocaciones":[{"recinto":"trio-frondoso","jugador":1,"especie":"dino2"},{"recinto":"rey-selva","jugador":2,"especie":"trex"},{"recinto":"prado-diferencia","jugador":1,"especie":"dino1"},{"recinto":"prado-diferencia","jugador":2,"especie":"trex"},{"recinto":"isla-solitario","jugador":1,"especie":"d
[10-Oct-2025 22:04:16 America/Montevideo] ✅ JSON decodificado correctamente
[10-Oct-2025 22:04:16 America/Montevideo] Datos principales: {"id":137,"partidaId":137,"ronda":1,"colocaciones_count":5}
[10-Oct-2025 22:04:16 America/Montevideo] ✅ ID de partida válido: 137
[10-Oct-2025 22:04:16 America/Montevideo] ✅ Acceso validado correctamente
[10-Oct-2025 22:04:16 America/Montevideo] ✅ Validaciones pasadas: ronda=1, turno=3, jugadorActivo=2
[10-Oct-2025 22:04:16 America/Montevideo] Estado formateado para BD: {"recintos_count":4,"ronda_actual":1,"jugador_activo":2}
[10-Oct-2025 22:04:16 America/Montevideo] ✅ Partida guardada exitosamente en BD
[10-Oct-2025 22:04:21 America/Montevideo] === INICIO validarColocacionDino ===
[10-Oct-2025 22:04:21 America/Montevideo] Método: POST
[10-Oct-2025 22:04:21 America/Montevideo] Content-Type: application/json
[10-Oct-2025 22:04:21 America/Montevideo] === Validando estado de usuario ID: 4 ===
[10-Oct-2025 22:04:21 America/Montevideo] === UserRepository::findById(4) ===
[10-Oct-2025 22:04:21 America/Montevideo] Usuario ID 4 encontrado: martin (estado: activo)
[10-Oct-2025 22:04:21 America/Montevideo] Usuario 4 está activo
[10-Oct-2025 22:04:21 America/Montevideo] ✅ Usuario autenticado: 4
[10-Oct-2025 22:04:21 America/Montevideo] Datos recibidos para validación: {"partidaId":137,"restriccion":2,"recintoId":"isla-solitario","especie":"dino4"}
[10-Oct-2025 22:04:21 America/Montevideo] ✅ COLOCACIÓN VÁLIDA: Dado tirado (restricción=2), recinto=isla-solitario, especie=dino4
[10-Oct-2025 22:04:21 America/Montevideo] === FIN validarColocacionDino ===
[10-Oct-2025 22:04:21 America/Montevideo] === DEBUG GUARDAR ESTADO PARTIDA ===
[10-Oct-2025 22:04:21 America/Montevideo] Método HTTP: POST
[10-Oct-2025 22:04:21 America/Montevideo] Content-Type: application/json
[10-Oct-2025 22:04:21 America/Montevideo] === Validando estado de usuario ID: 4 ===
[10-Oct-2025 22:04:21 America/Montevideo] === UserRepository::findById(4) ===
[10-Oct-2025 22:04:21 America/Montevideo] Usuario ID 4 encontrado: martin (estado: activo)
[10-Oct-2025 22:04:21 America/Montevideo] Usuario 4 está activo
[10-Oct-2025 22:04:21 America/Montevideo] ✅ Usuario autenticado: ID=4, Username=martin
[10-Oct-2025 22:04:21 America/Montevideo] Raw input recibido (length=581): {"id":137,"partidaId":137,"ronda":1,"turno":3,"jugadorActivo":2,"jugadorQueTiroDado":1,"restriccion":2,"colocadosEnTurno":2,"mano1":["dino1","dino2","dino4"],"mano2":["dino1","dino4","dino2"],"colocaciones":[{"recinto":"trio-frondoso","jugador":1,"especie":"dino2"},{"recinto":"rey-selva","jugador":2,"especie":"trex"},{"recinto":"prado-diferencia","jugador":1,"especie":"dino1"},{"recinto":"prado-diferencia","jugador":2,"especie":"trex"},{"recinto":"isla-solitario","jugador":1,"especie":"dino3"},{
[10-Oct-2025 22:04:21 America/Montevideo] ✅ JSON decodificado correctamente
[10-Oct-2025 22:04:21 America/Montevideo] Datos principales: {"id":137,"partidaId":137,"ronda":1,"colocaciones_count":6}
[10-Oct-2025 22:04:21 America/Montevideo] ✅ ID de partida válido: 137
[10-Oct-2025 22:04:21 America/Montevideo] ✅ Acceso validado correctamente
[10-Oct-2025 22:04:21 America/Montevideo] ✅ Validaciones pasadas: ronda=1, turno=3, jugadorActivo=2
[10-Oct-2025 22:04:21 America/Montevideo] Estado formateado para BD: {"recintos_count":4,"ronda_actual":1,"jugador_activo":2}
[10-Oct-2025 22:04:21 America/Montevideo] ✅ Partida guardada exitosamente en BD
[10-Oct-2025 22:04:21 America/Montevideo] === DEBUG GUARDAR ESTADO PARTIDA ===
[10-Oct-2025 22:04:21 America/Montevideo] Método HTTP: POST
[10-Oct-2025 22:04:21 America/Montevideo] Content-Type: application/json
[10-Oct-2025 22:04:21 America/Montevideo] === Validando estado de usuario ID: 4 ===
[10-Oct-2025 22:04:21 America/Montevideo] === UserRepository::findById(4) ===
[10-Oct-2025 22:04:21 America/Montevideo] Usuario ID 4 encontrado: martin (estado: activo)
[10-Oct-2025 22:04:21 America/Montevideo] Usuario 4 está activo
[10-Oct-2025 22:04:21 America/Montevideo] ✅ Usuario autenticado: ID=4, Username=martin
[10-Oct-2025 22:04:21 America/Montevideo] Raw input recibido (length=630): {"id":137,"partidaId":137,"ronda":2,"turno":1,"jugadorActivo":2,"jugadorQueTiroDado":2,"restriccion":null,"colocadosEnTurno":0,"mano1":["dino5","trex","dino5","dino3","dino5","dino5"],"mano2":["dino1","trex","dino1","dino4","dino5","dino4"],"colocaciones":[{"recinto":"trio-frondoso","jugador":1,"especie":"dino2"},{"recinto":"rey-selva","jugador":2,"especie":"trex"},{"recinto":"prado-diferencia","jugador":1,"especie":"dino1"},{"recinto":"prado-diferencia","jugador":2,"especie":"trex"},{"recinto":
[10-Oct-2025 22:04:21 America/Montevideo] ✅ JSON decodificado correctamente
[10-Oct-2025 22:04:21 America/Montevideo] Datos principales: {"id":137,"partidaId":137,"ronda":2,"colocaciones_count":6}
[10-Oct-2025 22:04:21 America/Montevideo] ✅ ID de partida válido: 137
[10-Oct-2025 22:04:21 America/Montevideo] ✅ Acceso validado correctamente
[10-Oct-2025 22:04:21 America/Montevideo] ✅ Validaciones pasadas: ronda=2, turno=1, jugadorActivo=2
[10-Oct-2025 22:04:21 America/Montevideo] Estado formateado para BD: {"recintos_count":4,"ronda_actual":2,"jugador_activo":2}
[10-Oct-2025 22:04:21 America/Montevideo] ✅ Partida guardada exitosamente en BD
[10-Oct-2025 22:04:26 America/Montevideo] === DEBUG GUARDAR ESTADO PARTIDA ===
[10-Oct-2025 22:04:26 America/Montevideo] Método HTTP: POST
[10-Oct-2025 22:04:26 America/Montevideo] Content-Type: application/json
[10-Oct-2025 22:04:26 America/Montevideo] === Validando estado de usuario ID: 4 ===
[10-Oct-2025 22:04:26 America/Montevideo] === UserRepository::findById(4) ===
[10-Oct-2025 22:04:26 America/Montevideo] Usuario ID 4 encontrado: martin (estado: activo)
[10-Oct-2025 22:04:26 America/Montevideo] Usuario 4 está activo
[10-Oct-2025 22:04:26 America/Montevideo] ✅ Usuario autenticado: ID=4, Username=martin
[10-Oct-2025 22:04:26 America/Montevideo] Raw input recibido (length=627): {"id":137,"partidaId":137,"ronda":2,"turno":1,"jugadorActivo":2,"jugadorQueTiroDado":2,"restriccion":5,"colocadosEnTurno":0,"mano1":["dino5","trex","dino5","dino3","dino5","dino5"],"mano2":["dino1","trex","dino1","dino4","dino5","dino4"],"colocaciones":[{"recinto":"trio-frondoso","jugador":1,"especie":"dino2"},{"recinto":"rey-selva","jugador":2,"especie":"trex"},{"recinto":"prado-diferencia","jugador":1,"especie":"dino1"},{"recinto":"prado-diferencia","jugador":2,"especie":"trex"},{"recinto":"is
[10-Oct-2025 22:04:26 America/Montevideo] ✅ JSON decodificado correctamente
[10-Oct-2025 22:04:26 America/Montevideo] Datos principales: {"id":137,"partidaId":137,"ronda":2,"colocaciones_count":6}
[10-Oct-2025 22:04:26 America/Montevideo] ✅ ID de partida válido: 137
[10-Oct-2025 22:04:26 America/Montevideo] ✅ Acceso validado correctamente
[10-Oct-2025 22:04:26 America/Montevideo] ✅ Validaciones pasadas: ronda=2, turno=1, jugadorActivo=2
[10-Oct-2025 22:04:26 America/Montevideo] Estado formateado para BD: {"recintos_count":4,"ronda_actual":2,"jugador_activo":2}
[10-Oct-2025 22:04:26 America/Montevideo] ✅ Partida guardada exitosamente en BD
[10-Oct-2025 22:04:30 America/Montevideo] === INICIO validarColocacionDino ===
[10-Oct-2025 22:04:30 America/Montevideo] Método: POST
[10-Oct-2025 22:04:30 America/Montevideo] Content-Type: application/json
[10-Oct-2025 22:04:30 America/Montevideo] === Validando estado de usuario ID: 4 ===
[10-Oct-2025 22:04:30 America/Montevideo] === UserRepository::findById(4) ===
[10-Oct-2025 22:04:30 America/Montevideo] Usuario ID 4 encontrado: martin (estado: activo)
[10-Oct-2025 22:04:30 America/Montevideo] Usuario 4 está activo
[10-Oct-2025 22:04:30 America/Montevideo] ✅ Usuario autenticado: 4
[10-Oct-2025 22:04:30 America/Montevideo] Datos recibidos para validación: {"partidaId":137,"restriccion":5,"recintoId":"prado-diferencia","especie":"dino4"}
[10-Oct-2025 22:04:30 America/Montevideo] ✅ COLOCACIÓN VÁLIDA: Dado tirado (restricción=5), recinto=prado-diferencia, especie=dino4
[10-Oct-2025 22:04:30 America/Montevideo] === FIN validarColocacionDino ===
[10-Oct-2025 22:04:30 America/Montevideo] === DEBUG GUARDAR ESTADO PARTIDA ===
[10-Oct-2025 22:04:30 America/Montevideo] Método HTTP: POST
[10-Oct-2025 22:04:30 America/Montevideo] Content-Type: application/json
[10-Oct-2025 22:04:30 America/Montevideo] === Validando estado de usuario ID: 4 ===
[10-Oct-2025 22:04:30 America/Montevideo] === UserRepository::findById(4) ===
[10-Oct-2025 22:04:30 America/Montevideo] Usuario ID 4 encontrado: martin (estado: activo)
[10-Oct-2025 22:04:30 America/Montevideo] Usuario 4 está activo
[10-Oct-2025 22:04:30 America/Montevideo] ✅ Usuario autenticado: ID=4, Username=martin
[10-Oct-2025 22:04:30 America/Montevideo] Raw input recibido (length=680): {"id":137,"partidaId":137,"ronda":2,"turno":1,"jugadorActivo":2,"jugadorQueTiroDado":2,"restriccion":5,"colocadosEnTurno":1,"mano1":["dino5","trex","dino5","dino3","dino5","dino5"],"mano2":["dino1","trex","dino1","dino5","dino4"],"colocaciones":[{"recinto":"trio-frondoso","jugador":1,"especie":"dino2"},{"recinto":"rey-selva","jugador":2,"especie":"trex"},{"recinto":"prado-diferencia","jugador":1,"especie":"dino1"},{"recinto":"prado-diferencia","jugador":2,"especie":"trex"},{"recinto":"prado-dife
[10-Oct-2025 22:04:30 America/Montevideo] ✅ JSON decodificado correctamente
[10-Oct-2025 22:04:30 America/Montevideo] Datos principales: {"id":137,"partidaId":137,"ronda":2,"colocaciones_count":7}
[10-Oct-2025 22:04:30 America/Montevideo] ✅ ID de partida válido: 137
[10-Oct-2025 22:04:30 America/Montevideo] ✅ Acceso validado correctamente
[10-Oct-2025 22:04:30 America/Montevideo] ✅ Validaciones pasadas: ronda=2, turno=1, jugadorActivo=2
[10-Oct-2025 22:04:30 America/Montevideo] Estado formateado para BD: {"recintos_count":4,"ronda_actual":2,"jugador_activo":2}
[10-Oct-2025 22:04:30 America/Montevideo] ✅ Partida guardada exitosamente en BD
[10-Oct-2025 22:04:34 America/Montevideo] === INICIO validarColocacionDino ===
[10-Oct-2025 22:04:34 America/Montevideo] Método: POST
[10-Oct-2025 22:04:34 America/Montevideo] Content-Type: application/json
[10-Oct-2025 22:04:34 America/Montevideo] === Validando estado de usuario ID: 4 ===
[10-Oct-2025 22:04:34 America/Montevideo] === UserRepository::findById(4) ===
[10-Oct-2025 22:04:34 America/Montevideo] Usuario ID 4 encontrado: martin (estado: activo)
[10-Oct-2025 22:04:34 America/Montevideo] Usuario 4 está activo
[10-Oct-2025 22:04:34 America/Montevideo] ✅ Usuario autenticado: 4
[10-Oct-2025 22:04:34 America/Montevideo] Datos recibidos para validación: {"partidaId":137,"restriccion":5,"recintoId":"pradera-amor","especie":"dino3"}
[10-Oct-2025 22:04:34 America/Montevideo] ✅ COLOCACIÓN VÁLIDA: Dado tirado (restricción=5), recinto=pradera-amor, especie=dino3
[10-Oct-2025 22:04:34 America/Montevideo] === FIN validarColocacionDino ===
[10-Oct-2025 22:04:34 America/Montevideo] === DEBUG GUARDAR ESTADO PARTIDA ===
[10-Oct-2025 22:04:34 America/Montevideo] Método HTTP: POST
[10-Oct-2025 22:04:34 America/Montevideo] Content-Type: application/json
[10-Oct-2025 22:04:34 America/Montevideo] === Validando estado de usuario ID: 4 ===
[10-Oct-2025 22:04:34 America/Montevideo] === UserRepository::findById(4) ===
[10-Oct-2025 22:04:34 America/Montevideo] Usuario ID 4 encontrado: martin (estado: activo)
[10-Oct-2025 22:04:34 America/Montevideo] Usuario 4 está activo
[10-Oct-2025 22:04:34 America/Montevideo] ✅ Usuario autenticado: ID=4, Username=martin
[10-Oct-2025 22:04:34 America/Montevideo] Raw input recibido (length=729): {"id":137,"partidaId":137,"ronda":2,"turno":1,"jugadorActivo":1,"jugadorQueTiroDado":2,"restriccion":5,"colocadosEnTurno":2,"mano1":["dino5","trex","dino5","dino5","dino5"],"mano2":["dino1","trex","dino1","dino5","dino4"],"colocaciones":[{"recinto":"trio-frondoso","jugador":1,"especie":"dino2"},{"recinto":"pradera-amor","jugador":1,"especie":"dino3"},{"recinto":"rey-selva","jugador":2,"especie":"trex"},{"recinto":"prado-diferencia","jugador":1,"especie":"dino1"},{"recinto":"prado-diferencia","ju
[10-Oct-2025 22:04:34 America/Montevideo] ✅ JSON decodificado correctamente
[10-Oct-2025 22:04:34 America/Montevideo] Datos principales: {"id":137,"partidaId":137,"ronda":2,"colocaciones_count":8}
[10-Oct-2025 22:04:34 America/Montevideo] ✅ ID de partida válido: 137
[10-Oct-2025 22:04:34 America/Montevideo] ✅ Acceso validado correctamente
[10-Oct-2025 22:04:34 America/Montevideo] ✅ Validaciones pasadas: ronda=2, turno=1, jugadorActivo=1
[10-Oct-2025 22:04:34 America/Montevideo] Estado formateado para BD: {"recintos_count":5,"ronda_actual":2,"jugador_activo":1}
[10-Oct-2025 22:04:34 America/Montevideo] ✅ Partida guardada exitosamente en BD
[10-Oct-2025 22:04:34 America/Montevideo] === DEBUG GUARDAR ESTADO PARTIDA ===
[10-Oct-2025 22:04:34 America/Montevideo] Método HTTP: POST
[10-Oct-2025 22:04:34 America/Montevideo] Content-Type: application/json
[10-Oct-2025 22:04:34 America/Montevideo] === Validando estado de usuario ID: 4 ===
[10-Oct-2025 22:04:34 America/Montevideo] === UserRepository::findById(4) ===
[10-Oct-2025 22:04:34 America/Montevideo] Usuario ID 4 encontrado: martin (estado: activo)
[10-Oct-2025 22:04:34 America/Montevideo] Usuario 4 está activo
[10-Oct-2025 22:04:34 America/Montevideo] ✅ Usuario autenticado: ID=4, Username=martin
[10-Oct-2025 22:04:34 America/Montevideo] Raw input recibido (length=732): {"id":137,"partidaId":137,"ronda":2,"turno":2,"jugadorActivo":1,"jugadorQueTiroDado":1,"restriccion":null,"colocadosEnTurno":0,"mano1":["dino1","trex","dino1","dino5","dino4"],"mano2":["dino5","trex","dino5","dino5","dino5"],"colocaciones":[{"recinto":"trio-frondoso","jugador":1,"especie":"dino2"},{"recinto":"pradera-amor","jugador":1,"especie":"dino3"},{"recinto":"rey-selva","jugador":2,"especie":"trex"},{"recinto":"prado-diferencia","jugador":1,"especie":"dino1"},{"recinto":"prado-diferencia",
[10-Oct-2025 22:04:34 America/Montevideo] ✅ JSON decodificado correctamente
[10-Oct-2025 22:04:34 America/Montevideo] Datos principales: {"id":137,"partidaId":137,"ronda":2,"colocaciones_count":8}
[10-Oct-2025 22:04:34 America/Montevideo] ✅ ID de partida válido: 137
[10-Oct-2025 22:04:34 America/Montevideo] ✅ Acceso validado correctamente
[10-Oct-2025 22:04:34 America/Montevideo] ✅ Validaciones pasadas: ronda=2, turno=2, jugadorActivo=1
[10-Oct-2025 22:04:34 America/Montevideo] Estado formateado para BD: {"recintos_count":5,"ronda_actual":2,"jugador_activo":1}
[10-Oct-2025 22:04:34 America/Montevideo] ✅ Partida guardada exitosamente en BD
[10-Oct-2025 22:04:46 America/Montevideo] === DEBUG GUARDAR ESTADO PARTIDA ===
[10-Oct-2025 22:04:46 America/Montevideo] Método HTTP: POST
[10-Oct-2025 22:04:46 America/Montevideo] Content-Type: application/json
[10-Oct-2025 22:04:46 America/Montevideo] === Validando estado de usuario ID: 4 ===
[10-Oct-2025 22:04:46 America/Montevideo] === UserRepository::findById(4) ===
[10-Oct-2025 22:04:46 America/Montevideo] Usuario ID 4 encontrado: martin (estado: activo)
[10-Oct-2025 22:04:46 America/Montevideo] Usuario 4 está activo
[10-Oct-2025 22:04:46 America/Montevideo] ✅ Usuario autenticado: ID=4, Username=martin
[10-Oct-2025 22:04:46 America/Montevideo] Raw input recibido (length=729): {"id":137,"partidaId":137,"ronda":2,"turno":2,"jugadorActivo":1,"jugadorQueTiroDado":1,"restriccion":5,"colocadosEnTurno":0,"mano1":["dino1","trex","dino1","dino5","dino4"],"mano2":["dino5","trex","dino5","dino5","dino5"],"colocaciones":[{"recinto":"trio-frondoso","jugador":1,"especie":"dino2"},{"recinto":"pradera-amor","jugador":1,"especie":"dino3"},{"recinto":"rey-selva","jugador":2,"especie":"trex"},{"recinto":"prado-diferencia","jugador":1,"especie":"dino1"},{"recinto":"prado-diferencia","ju
[10-Oct-2025 22:04:46 America/Montevideo] ✅ JSON decodificado correctamente
[10-Oct-2025 22:04:46 America/Montevideo] Datos principales: {"id":137,"partidaId":137,"ronda":2,"colocaciones_count":8}
[10-Oct-2025 22:04:46 America/Montevideo] ✅ ID de partida válido: 137
[10-Oct-2025 22:04:46 America/Montevideo] ✅ Acceso validado correctamente
[10-Oct-2025 22:04:46 America/Montevideo] ✅ Validaciones pasadas: ronda=2, turno=2, jugadorActivo=1
[10-Oct-2025 22:04:46 America/Montevideo] Estado formateado para BD: {"recintos_count":5,"ronda_actual":2,"jugador_activo":1}
[10-Oct-2025 22:04:46 America/Montevideo] ✅ Partida guardada exitosamente en BD
[10-Oct-2025 22:04:46 America/Montevideo] === DEBUG GUARDAR ESTADO PARTIDA ===
[10-Oct-2025 22:04:46 America/Montevideo] Método HTTP: POST
[10-Oct-2025 22:04:46 America/Montevideo] Content-Type: application/json
[10-Oct-2025 22:04:46 America/Montevideo] === Validando estado de usuario ID: 4 ===
[10-Oct-2025 22:04:46 America/Montevideo] === UserRepository::findById(4) ===
[10-Oct-2025 22:04:46 America/Montevideo] Usuario ID 4 encontrado: martin (estado: activo)
[10-Oct-2025 22:04:46 America/Montevideo] Usuario 4 está activo
[10-Oct-2025 22:04:46 America/Montevideo] ✅ Usuario autenticado: ID=4, Username=martin
[10-Oct-2025 22:04:46 America/Montevideo] Raw input recibido (length=729): {"id":137,"partidaId":137,"ronda":2,"turno":2,"jugadorActivo":1,"jugadorQueTiroDado":1,"restriccion":5,"colocadosEnTurno":0,"mano1":["dino1","trex","dino1","dino5","dino4"],"mano2":["dino5","trex","dino5","dino5","dino5"],"colocaciones":[{"recinto":"trio-frondoso","jugador":1,"especie":"dino2"},{"recinto":"pradera-amor","jugador":1,"especie":"dino3"},{"recinto":"rey-selva","jugador":2,"especie":"trex"},{"recinto":"prado-diferencia","jugador":1,"especie":"dino1"},{"recinto":"prado-diferencia","ju
[10-Oct-2025 22:04:46 America/Montevideo] ✅ JSON decodificado correctamente
[10-Oct-2025 22:04:46 America/Montevideo] Datos principales: {"id":137,"partidaId":137,"ronda":2,"colocaciones_count":8}
[10-Oct-2025 22:04:46 America/Montevideo] ✅ ID de partida válido: 137
[10-Oct-2025 22:04:46 America/Montevideo] ✅ Acceso validado correctamente
[10-Oct-2025 22:04:46 America/Montevideo] ✅ Validaciones pasadas: ronda=2, turno=2, jugadorActivo=1
[10-Oct-2025 22:04:46 America/Montevideo] Estado formateado para BD: {"recintos_count":5,"ronda_actual":2,"jugador_activo":1}
[10-Oct-2025 22:04:46 America/Montevideo] ✅ Partida guardada exitosamente en BD
[10-Oct-2025 22:05:16 America/Montevideo] === DEBUG GUARDAR ESTADO PARTIDA ===
[10-Oct-2025 22:05:16 America/Montevideo] Método HTTP: POST
[10-Oct-2025 22:05:16 America/Montevideo] Content-Type: application/json
[10-Oct-2025 22:05:16 America/Montevideo] === Validando estado de usuario ID: 4 ===
[10-Oct-2025 22:05:16 America/Montevideo] === UserRepository::findById(4) ===
[10-Oct-2025 22:05:16 America/Montevideo] Usuario ID 4 encontrado: martin (estado: activo)
[10-Oct-2025 22:05:16 America/Montevideo] Usuario 4 está activo
[10-Oct-2025 22:05:16 America/Montevideo] ✅ Usuario autenticado: ID=4, Username=martin
[10-Oct-2025 22:05:16 America/Montevideo] Raw input recibido (length=729): {"id":137,"partidaId":137,"ronda":2,"turno":2,"jugadorActivo":1,"jugadorQueTiroDado":1,"restriccion":5,"colocadosEnTurno":0,"mano1":["dino1","trex","dino1","dino5","dino4"],"mano2":["dino5","trex","dino5","dino5","dino5"],"colocaciones":[{"recinto":"trio-frondoso","jugador":1,"especie":"dino2"},{"recinto":"pradera-amor","jugador":1,"especie":"dino3"},{"recinto":"rey-selva","jugador":2,"especie":"trex"},{"recinto":"prado-diferencia","jugador":1,"especie":"dino1"},{"recinto":"prado-diferencia","ju
[10-Oct-2025 22:05:16 America/Montevideo] ✅ JSON decodificado correctamente
[10-Oct-2025 22:05:16 America/Montevideo] Datos principales: {"id":137,"partidaId":137,"ronda":2,"colocaciones_count":8}
[10-Oct-2025 22:05:16 America/Montevideo] ✅ ID de partida válido: 137
[10-Oct-2025 22:05:16 America/Montevideo] ✅ Acceso validado correctamente
[10-Oct-2025 22:05:16 America/Montevideo] ✅ Validaciones pasadas: ronda=2, turno=2, jugadorActivo=1
[10-Oct-2025 22:05:16 America/Montevideo] Estado formateado para BD: {"recintos_count":5,"ronda_actual":2,"jugador_activo":1}
[10-Oct-2025 22:05:16 America/Montevideo] ✅ Partida guardada exitosamente en BD
[10-Oct-2025 22:05:30 America/Montevideo] === DEBUG GUARDAR ESTADO PARTIDA ===
[10-Oct-2025 22:05:30 America/Montevideo] Método HTTP: POST
[10-Oct-2025 22:05:30 America/Montevideo] Content-Type: application/json
[10-Oct-2025 22:05:30 America/Montevideo] === Validando estado de usuario ID: 4 ===
[10-Oct-2025 22:05:30 America/Montevideo] === UserRepository::findById(4) ===
[10-Oct-2025 22:05:30 America/Montevideo] Usuario ID 4 encontrado: martin (estado: activo)
[10-Oct-2025 22:05:30 America/Montevideo] Usuario 4 está activo
[10-Oct-2025 22:05:30 America/Montevideo] ✅ Usuario autenticado: ID=4, Username=martin
[10-Oct-2025 22:05:30 America/Montevideo] Raw input recibido (length=729): {"id":137,"partidaId":137,"ronda":2,"turno":2,"jugadorActivo":1,"jugadorQueTiroDado":1,"restriccion":5,"colocadosEnTurno":0,"mano1":["dino1","trex","dino1","dino5","dino4"],"mano2":["dino5","trex","dino5","dino5","dino5"],"colocaciones":[{"recinto":"trio-frondoso","jugador":1,"especie":"dino2"},{"recinto":"pradera-amor","jugador":1,"especie":"dino3"},{"recinto":"rey-selva","jugador":2,"especie":"trex"},{"recinto":"prado-diferencia","jugador":1,"especie":"dino1"},{"recinto":"prado-diferencia","ju
[10-Oct-2025 22:05:30 America/Montevideo] ✅ JSON decodificado correctamente
[10-Oct-2025 22:05:30 America/Montevideo] Datos principales: {"id":137,"partidaId":137,"ronda":2,"colocaciones_count":8}
[10-Oct-2025 22:05:30 America/Montevideo] ✅ ID de partida válido: 137
[10-Oct-2025 22:05:30 America/Montevideo] ✅ Acceso validado correctamente
[10-Oct-2025 22:05:30 America/Montevideo] ✅ Validaciones pasadas: ronda=2, turno=2, jugadorActivo=1
[10-Oct-2025 22:05:30 America/Montevideo] Estado formateado para BD: {"recintos_count":5,"ronda_actual":2,"jugador_activo":1}
[10-Oct-2025 22:05:30 America/Montevideo] ✅ Partida guardada exitosamente en BD
[10-Oct-2025 22:05:36 America/Montevideo] === Validando estado de usuario ID: 4 ===
[10-Oct-2025 22:05:36 America/Montevideo] === UserRepository::findById(4) ===
[10-Oct-2025 22:05:36 America/Montevideo] Usuario ID 4 encontrado: martin (estado: activo)
[10-Oct-2025 22:05:36 America/Montevideo] Usuario 4 está activo
[10-Oct-2025 22:05:36 America/Montevideo] ⚠️ ADVERTENCIA: Petición sin cuerpo recibida
[10-Oct-2025 22:05:36 America/Montevideo] PHP Notice:  session_start(): ps_files_cleanup_dir: opendir(C:\Windows\Temp) failed: No error (0) in C:\Users\USUARIO\Documents\GitHub\Draftosaurus\backend\api\helpers\AuthHelper.php on line 15
[10-Oct-2025 22:05:36 America/Montevideo] === Validando estado de usuario ID: 4 ===
[10-Oct-2025 22:05:36 America/Montevideo] === UserRepository::findById(4) ===
[10-Oct-2025 22:05:36 America/Montevideo] Usuario ID 4 encontrado: martin (estado: activo)
[10-Oct-2025 22:05:36 America/Montevideo] Usuario 4 está activo
[10-Oct-2025 22:05:42 America/Montevideo] === DEBUG GUARDAR ESTADO PARTIDA ===
[10-Oct-2025 22:05:42 America/Montevideo] Método HTTP: POST
[10-Oct-2025 22:05:42 America/Montevideo] Content-Type: application/json
[10-Oct-2025 22:05:42 America/Montevideo] === Validando estado de usuario ID: 4 ===
[10-Oct-2025 22:05:42 America/Montevideo] === UserRepository::findById(4) ===
[10-Oct-2025 22:05:42 America/Montevideo] Usuario ID 4 encontrado: martin (estado: activo)
[10-Oct-2025 22:05:42 America/Montevideo] Usuario 4 está activo
[10-Oct-2025 22:05:42 America/Montevideo] ✅ Usuario autenticado: ID=4, Username=martin
[10-Oct-2025 22:05:42 America/Montevideo] Raw input recibido (length=729): {"id":137,"partidaId":137,"ronda":2,"turno":2,"jugadorActivo":1,"jugadorQueTiroDado":1,"restriccion":5,"colocadosEnTurno":0,"mano1":["dino1","trex","dino1","dino5","dino4"],"mano2":["dino5","trex","dino5","dino5","dino5"],"colocaciones":[{"recinto":"trio-frondoso","jugador":1,"especie":"dino2"},{"recinto":"pradera-amor","jugador":1,"especie":"dino3"},{"recinto":"rey-selva","jugador":2,"especie":"trex"},{"recinto":"prado-diferencia","jugador":1,"especie":"dino1"},{"recinto":"prado-diferencia","ju
[10-Oct-2025 22:05:42 America/Montevideo] ✅ JSON decodificado correctamente
[10-Oct-2025 22:05:42 America/Montevideo] Datos principales: {"id":137,"partidaId":137,"ronda":2,"colocaciones_count":8}
[10-Oct-2025 22:05:42 America/Montevideo] ✅ ID de partida válido: 137
[10-Oct-2025 22:05:42 America/Montevideo] ✅ Acceso validado correctamente
[10-Oct-2025 22:05:42 America/Montevideo] ✅ Validaciones pasadas: ronda=2, turno=2, jugadorActivo=1
[10-Oct-2025 22:05:42 America/Montevideo] Estado formateado para BD: {"recintos_count":5,"ronda_actual":2,"jugador_activo":1}
[10-Oct-2025 22:05:42 America/Montevideo] ✅ Partida guardada exitosamente en BD
[10-Oct-2025 22:05:45 America/Montevideo] === Validando estado de usuario ID: 4 ===
[10-Oct-2025 22:05:45 America/Montevideo] === UserRepository::findById(4) ===
[10-Oct-2025 22:05:45 America/Montevideo] Usuario ID 4 encontrado: martin (estado: activo)
[10-Oct-2025 22:05:45 America/Montevideo] Usuario 4 está activo
[10-Oct-2025 22:05:45 America/Montevideo] ⚠️ ADVERTENCIA: Petición sin cuerpo recibida
[10-Oct-2025 22:05:45 America/Montevideo] === Validando estado de usuario ID: 4 ===
[10-Oct-2025 22:05:45 America/Montevideo] === UserRepository::findById(4) ===
[10-Oct-2025 22:05:45 America/Montevideo] Usuario ID 4 encontrado: martin (estado: activo)
[10-Oct-2025 22:05:45 America/Montevideo] Usuario 4 está activo
[10-Oct-2025 22:05:46 America/Montevideo] === Validando estado de usuario ID: 4 ===
[10-Oct-2025 22:05:46 America/Montevideo] === UserRepository::findById(4) ===
[10-Oct-2025 22:05:46 America/Montevideo] Usuario ID 4 encontrado: martin (estado: activo)
[10-Oct-2025 22:05:46 America/Montevideo] Usuario 4 está activo
[10-Oct-2025 22:05:46 America/Montevideo] ⚠️ ADVERTENCIA: Petición sin cuerpo recibida
[10-Oct-2025 22:05:46 America/Montevideo] === Validando estado de usuario ID: 4 ===
[10-Oct-2025 22:05:46 America/Montevideo] === UserRepository::findById(4) ===
[10-Oct-2025 22:05:46 America/Montevideo] Usuario ID 4 encontrado: martin (estado: activo)
[10-Oct-2025 22:05:46 America/Montevideo] Usuario 4 está activo
[10-Oct-2025 22:05:51 America/Montevideo] === INICIO validarColocacionDino ===
[10-Oct-2025 22:05:51 America/Montevideo] Método: POST
[10-Oct-2025 22:05:51 America/Montevideo] Content-Type: application/json
[10-Oct-2025 22:05:51 America/Montevideo] === Validando estado de usuario ID: 4 ===
[10-Oct-2025 22:05:51 America/Montevideo] === UserRepository::findById(4) ===
[10-Oct-2025 22:05:51 America/Montevideo] Usuario ID 4 encontrado: martin (estado: activo)
[10-Oct-2025 22:05:51 America/Montevideo] Usuario 4 está activo
[10-Oct-2025 22:05:51 America/Montevideo] ✅ Usuario autenticado: 4
[10-Oct-2025 22:05:51 America/Montevideo] Datos recibidos para validación: {"partidaId":137,"restriccion":5,"recintoId":"prado-diferencia","especie":"dino5"}
[10-Oct-2025 22:05:51 America/Montevideo] ✅ COLOCACIÓN VÁLIDA: Dado tirado (restricción=5), recinto=prado-diferencia, especie=dino5
[10-Oct-2025 22:05:51 America/Montevideo] === FIN validarColocacionDino ===
[10-Oct-2025 22:05:51 America/Montevideo] === DEBUG GUARDAR ESTADO PARTIDA ===
[10-Oct-2025 22:05:51 America/Montevideo] Método HTTP: POST
[10-Oct-2025 22:05:51 America/Montevideo] Content-Type: application/json
[10-Oct-2025 22:05:51 America/Montevideo] === Validando estado de usuario ID: 4 ===
[10-Oct-2025 22:05:51 America/Montevideo] === UserRepository::findById(4) ===
[10-Oct-2025 22:05:51 America/Montevideo] Usuario ID 4 encontrado: martin (estado: activo)
[10-Oct-2025 22:05:51 America/Montevideo] Usuario 4 está activo
[10-Oct-2025 22:05:51 America/Montevideo] ✅ Usuario autenticado: ID=4, Username=martin
[10-Oct-2025 22:05:51 America/Montevideo] Raw input recibido (length=782): {"id":137,"partidaId":137,"ronda":2,"turno":2,"jugadorActivo":1,"jugadorQueTiroDado":1,"restriccion":5,"colocadosEnTurno":1,"mano1":["dino1","trex","dino1","dino4"],"mano2":["dino5","trex","dino5","dino5","dino5"],"colocaciones":[{"recinto":"trio-frondoso","jugador":1,"especie":"dino2"},{"recinto":"pradera-amor","jugador":1,"especie":"dino3"},{"recinto":"rey-selva","jugador":2,"especie":"trex"},{"recinto":"prado-diferencia","jugador":1,"especie":"dino1"},{"recinto":"prado-diferencia","jugador":2
[10-Oct-2025 22:05:51 America/Montevideo] ✅ JSON decodificado correctamente
[10-Oct-2025 22:05:51 America/Montevideo] Datos principales: {"id":137,"partidaId":137,"ronda":2,"colocaciones_count":9}
[10-Oct-2025 22:05:51 America/Montevideo] ✅ ID de partida válido: 137
[10-Oct-2025 22:05:51 America/Montevideo] ✅ Acceso validado correctamente
[10-Oct-2025 22:05:51 America/Montevideo] ✅ Validaciones pasadas: ronda=2, turno=2, jugadorActivo=1
[10-Oct-2025 22:05:51 America/Montevideo] Estado formateado para BD: {"recintos_count":5,"ronda_actual":2,"jugador_activo":1}
[10-Oct-2025 22:05:51 America/Montevideo] ✅ Partida guardada exitosamente en BD
[10-Oct-2025 22:05:54 America/Montevideo] === INICIO validarColocacionDino ===
[10-Oct-2025 22:05:54 America/Montevideo] Método: POST
[10-Oct-2025 22:05:54 America/Montevideo] Content-Type: application/json
[10-Oct-2025 22:05:54 America/Montevideo] === Validando estado de usuario ID: 4 ===
[10-Oct-2025 22:05:54 America/Montevideo] === UserRepository::findById(4) ===
[10-Oct-2025 22:05:54 America/Montevideo] Usuario ID 4 encontrado: martin (estado: activo)
[10-Oct-2025 22:05:54 America/Montevideo] Usuario 4 está activo
[10-Oct-2025 22:05:54 America/Montevideo] ✅ Usuario autenticado: 4
[10-Oct-2025 22:05:54 America/Montevideo] Datos recibidos para validación: {"partidaId":137,"restriccion":5,"recintoId":"rio","especie":"dino5"}
[10-Oct-2025 22:05:54 America/Montevideo] ✅ COLOCACIÓN VÁLIDA: Dado tirado (restricción=5), recinto=rio, especie=dino5
[10-Oct-2025 22:05:54 America/Montevideo] === FIN validarColocacionDino ===
[10-Oct-2025 22:05:54 America/Montevideo] === DEBUG GUARDAR ESTADO PARTIDA ===
[10-Oct-2025 22:05:54 America/Montevideo] Método HTTP: POST
[10-Oct-2025 22:05:54 America/Montevideo] Content-Type: application/json
[10-Oct-2025 22:05:54 America/Montevideo] === Validando estado de usuario ID: 4 ===
[10-Oct-2025 22:05:54 America/Montevideo] === UserRepository::findById(4) ===
[10-Oct-2025 22:05:54 America/Montevideo] Usuario ID 4 encontrado: martin (estado: activo)
[10-Oct-2025 22:05:54 America/Montevideo] Usuario 4 está activo
[10-Oct-2025 22:05:54 America/Montevideo] ✅ Usuario autenticado: ID=4, Username=martin
[10-Oct-2025 22:05:54 America/Montevideo] Raw input recibido (length=822): {"id":137,"partidaId":137,"ronda":2,"turno":2,"jugadorActivo":2,"jugadorQueTiroDado":1,"restriccion":5,"colocadosEnTurno":2,"mano1":["dino1","trex","dino1","dino4"],"mano2":["dino5","trex","dino5","dino5"],"colocaciones":[{"recinto":"trio-frondoso","jugador":1,"especie":"dino2"},{"recinto":"pradera-amor","jugador":1,"especie":"dino3"},{"recinto":"rey-selva","jugador":2,"especie":"trex"},{"recinto":"prado-diferencia","jugador":1,"especie":"dino1"},{"recinto":"prado-diferencia","jugador":2,"especi
[10-Oct-2025 22:05:54 America/Montevideo] ✅ JSON decodificado correctamente
[10-Oct-2025 22:05:54 America/Montevideo] Datos principales: {"id":137,"partidaId":137,"ronda":2,"colocaciones_count":10}
[10-Oct-2025 22:05:54 America/Montevideo] ✅ ID de partida válido: 137
[10-Oct-2025 22:05:54 America/Montevideo] ✅ Acceso validado correctamente
[10-Oct-2025 22:05:54 America/Montevideo] ✅ Validaciones pasadas: ronda=2, turno=2, jugadorActivo=2
[10-Oct-2025 22:05:54 America/Montevideo] Estado formateado para BD: {"recintos_count":6,"ronda_actual":2,"jugador_activo":2}
[10-Oct-2025 22:05:54 America/Montevideo] ✅ Partida guardada exitosamente en BD
[10-Oct-2025 22:05:54 America/Montevideo] === DEBUG GUARDAR ESTADO PARTIDA ===
[10-Oct-2025 22:05:54 America/Montevideo] Método HTTP: POST
[10-Oct-2025 22:05:54 America/Montevideo] Content-Type: application/json
[10-Oct-2025 22:05:54 America/Montevideo] === Validando estado de usuario ID: 4 ===
[10-Oct-2025 22:05:54 America/Montevideo] === UserRepository::findById(4) ===
[10-Oct-2025 22:05:54 America/Montevideo] Usuario ID 4 encontrado: martin (estado: activo)
[10-Oct-2025 22:05:54 America/Montevideo] Usuario 4 está activo
[10-Oct-2025 22:05:54 America/Montevideo] ✅ Usuario autenticado: ID=4, Username=martin
[10-Oct-2025 22:05:54 America/Montevideo] Raw input recibido (length=825): {"id":137,"partidaId":137,"ronda":2,"turno":3,"jugadorActivo":2,"jugadorQueTiroDado":2,"restriccion":null,"colocadosEnTurno":0,"mano1":["dino5","trex","dino5","dino5"],"mano2":["dino1","trex","dino1","dino4"],"colocaciones":[{"recinto":"trio-frondoso","jugador":1,"especie":"dino2"},{"recinto":"pradera-amor","jugador":1,"especie":"dino3"},{"recinto":"rey-selva","jugador":2,"especie":"trex"},{"recinto":"prado-diferencia","jugador":1,"especie":"dino1"},{"recinto":"prado-diferencia","jugador":2,"esp
[10-Oct-2025 22:05:54 America/Montevideo] ✅ JSON decodificado correctamente
[10-Oct-2025 22:05:54 America/Montevideo] Datos principales: {"id":137,"partidaId":137,"ronda":2,"colocaciones_count":10}
[10-Oct-2025 22:05:54 America/Montevideo] ✅ ID de partida válido: 137
[10-Oct-2025 22:05:54 America/Montevideo] ✅ Acceso validado correctamente
[10-Oct-2025 22:05:54 America/Montevideo] ✅ Validaciones pasadas: ronda=2, turno=3, jugadorActivo=2
[10-Oct-2025 22:05:54 America/Montevideo] Estado formateado para BD: {"recintos_count":6,"ronda_actual":2,"jugador_activo":2}
[10-Oct-2025 22:05:54 America/Montevideo] ✅ Partida guardada exitosamente en BD
[10-Oct-2025 22:06:06 America/Montevideo] === DEBUG GUARDAR ESTADO PARTIDA ===
[10-Oct-2025 22:06:06 America/Montevideo] Método HTTP: POST
[10-Oct-2025 22:06:06 America/Montevideo] Content-Type: application/json
[10-Oct-2025 22:06:06 America/Montevideo] === Validando estado de usuario ID: 4 ===
[10-Oct-2025 22:06:06 America/Montevideo] === UserRepository::findById(4) ===
[10-Oct-2025 22:06:06 America/Montevideo] Usuario ID 4 encontrado: martin (estado: activo)
[10-Oct-2025 22:06:06 America/Montevideo] Usuario 4 está activo
[10-Oct-2025 22:06:06 America/Montevideo] ✅ Usuario autenticado: ID=4, Username=martin
[10-Oct-2025 22:06:06 America/Montevideo] Raw input recibido (length=825): {"id":137,"partidaId":137,"ronda":2,"turno":3,"jugadorActivo":2,"jugadorQueTiroDado":2,"restriccion":null,"colocadosEnTurno":0,"mano1":["dino5","trex","dino5","dino5"],"mano2":["dino1","trex","dino1","dino4"],"colocaciones":[{"recinto":"trio-frondoso","jugador":1,"especie":"dino2"},{"recinto":"pradera-amor","jugador":1,"especie":"dino3"},{"recinto":"rey-selva","jugador":2,"especie":"trex"},{"recinto":"prado-diferencia","jugador":1,"especie":"dino1"},{"recinto":"prado-diferencia","jugador":2,"esp
[10-Oct-2025 22:06:06 America/Montevideo] ✅ JSON decodificado correctamente
[10-Oct-2025 22:06:06 America/Montevideo] Datos principales: {"id":137,"partidaId":137,"ronda":2,"colocaciones_count":10}
[10-Oct-2025 22:06:06 America/Montevideo] ✅ ID de partida válido: 137
[10-Oct-2025 22:06:06 America/Montevideo] ✅ Acceso validado correctamente
[10-Oct-2025 22:06:06 America/Montevideo] ✅ Validaciones pasadas: ronda=2, turno=3, jugadorActivo=2
[10-Oct-2025 22:06:06 America/Montevideo] Estado formateado para BD: {"recintos_count":6,"ronda_actual":2,"jugador_activo":2}
[10-Oct-2025 22:06:06 America/Montevideo] ✅ Partida guardada exitosamente en BD
[10-Oct-2025 22:07:52 America/Montevideo] Login intentado: martin@martin.com / martin123
[10-Oct-2025 22:07:52 America/Montevideo] === INICIO AuthService::login ===
[10-Oct-2025 22:07:52 America/Montevideo] Intentando login para: martin@martin.com
[10-Oct-2025 22:07:52 America/Montevideo] === INICIO verifyCredentials ===
[10-Oct-2025 22:07:52 America/Montevideo] Identifier: martin@martin.com
[10-Oct-2025 22:07:52 America/Montevideo] Usuario encontrado: martin
[10-Oct-2025 22:07:52 America/Montevideo] Estado del usuario: activo
[10-Oct-2025 22:07:52 America/Montevideo] Usuario activo, verificando contraseña...
[10-Oct-2025 22:07:52 America/Montevideo] Password verify: OK
[10-Oct-2025 22:07:52 America/Montevideo] Usuario estado final: activo
[10-Oct-2025 22:07:52 America/Montevideo] === FIN verifyCredentials (success) ===
[10-Oct-2025 22:07:52 America/Montevideo] Login exitoso para usuario ID: 4
[10-Oct-2025 22:07:52 America/Montevideo] === FIN AuthService::login (success) ===
[10-Oct-2025 22:07:52 America/Montevideo] === INICIO AuthService::login ===
[10-Oct-2025 22:07:52 America/Montevideo] Intentando login para: martin@martin.com
[10-Oct-2025 22:07:52 America/Montevideo] === INICIO verifyCredentials ===
[10-Oct-2025 22:07:52 America/Montevideo] Identifier: martin@martin.com
[10-Oct-2025 22:07:52 America/Montevideo] Usuario encontrado: martin
[10-Oct-2025 22:07:52 America/Montevideo] Estado del usuario: activo
[10-Oct-2025 22:07:52 America/Montevideo] Usuario activo, verificando contraseña...
[10-Oct-2025 22:07:52 America/Montevideo] Password verify: OK
[10-Oct-2025 22:07:52 America/Montevideo] Usuario estado final: activo
[10-Oct-2025 22:07:52 America/Montevideo] === FIN verifyCredentials (success) ===
[10-Oct-2025 22:07:52 America/Montevideo] Login exitoso para usuario ID: 4
[10-Oct-2025 22:07:52 America/Montevideo] === FIN AuthService::login (success) ===
[10-Oct-2025 22:07:52 America/Montevideo] === Validando estado de usuario ID: 4 ===
[10-Oct-2025 22:07:52 America/Montevideo] === UserRepository::findById(4) ===
[10-Oct-2025 22:07:52 America/Montevideo] Usuario ID 4 encontrado: martin (estado: activo)
[10-Oct-2025 22:07:52 America/Montevideo] Usuario 4 está activo
[10-Oct-2025 22:07:52 America/Montevideo] === Validando estado de usuario ID: 4 ===
[10-Oct-2025 22:07:52 America/Montevideo] === UserRepository::findById(4) ===
[10-Oct-2025 22:07:52 America/Montevideo] Usuario ID 4 encontrado: martin (estado: activo)
[10-Oct-2025 22:07:52 America/Montevideo] Usuario 4 está activo
[10-Oct-2025 22:07:59 America/Montevideo] === Validando estado de usuario ID: 4 ===
[10-Oct-2025 22:07:59 America/Montevideo] === UserRepository::findById(4) ===
[10-Oct-2025 22:07:59 America/Montevideo] Usuario ID 4 encontrado: martin (estado: activo)
[10-Oct-2025 22:07:59 America/Montevideo] Usuario 4 está activo
[10-Oct-2025 22:07:59 America/Montevideo] ⚠️ ADVERTENCIA: Petición sin cuerpo recibida
[10-Oct-2025 22:07:59 America/Montevideo] === Validando estado de usuario ID: 4 ===
[10-Oct-2025 22:07:59 America/Montevideo] === UserRepository::findById(4) ===
[10-Oct-2025 22:07:59 America/Montevideo] Usuario ID 4 encontrado: martin (estado: activo)
[10-Oct-2025 22:07:59 America/Montevideo] Usuario 4 está activo
[10-Oct-2025 22:08:07 America/Montevideo] === DEBUG GUARDAR ESTADO PARTIDA ===
[10-Oct-2025 22:08:07 America/Montevideo] Método HTTP: POST
[10-Oct-2025 22:08:07 America/Montevideo] Content-Type: application/json
[10-Oct-2025 22:08:07 America/Montevideo] === Validando estado de usuario ID: 4 ===
[10-Oct-2025 22:08:07 America/Montevideo] === UserRepository::findById(4) ===
[10-Oct-2025 22:08:07 America/Montevideo] Usuario ID 4 encontrado: martin (estado: activo)
[10-Oct-2025 22:08:07 America/Montevideo] Usuario 4 está activo
[10-Oct-2025 22:08:07 America/Montevideo] ✅ Usuario autenticado: ID=4, Username=martin
[10-Oct-2025 22:08:07 America/Montevideo] Raw input recibido (length=825): {"id":137,"partidaId":137,"ronda":2,"turno":3,"jugadorActivo":2,"jugadorQueTiroDado":2,"restriccion":null,"colocadosEnTurno":0,"mano1":["dino5","trex","dino5","dino5"],"mano2":["dino1","trex","dino1","dino4"],"colocaciones":[{"recinto":"trio-frondoso","jugador":1,"especie":"dino2"},{"recinto":"pradera-amor","jugador":1,"especie":"dino3"},{"recinto":"rey-selva","jugador":2,"especie":"trex"},{"recinto":"prado-diferencia","jugador":1,"especie":"dino1"},{"recinto":"prado-diferencia","jugador":2,"esp
[10-Oct-2025 22:08:07 America/Montevideo] ✅ JSON decodificado correctamente
[10-Oct-2025 22:08:07 America/Montevideo] Datos principales: {"id":137,"partidaId":137,"ronda":2,"colocaciones_count":10}
[10-Oct-2025 22:08:07 America/Montevideo] ✅ ID de partida válido: 137
[10-Oct-2025 22:08:07 America/Montevideo] ✅ Acceso validado correctamente
[10-Oct-2025 22:08:07 America/Montevideo] ✅ Validaciones pasadas: ronda=2, turno=3, jugadorActivo=2
[10-Oct-2025 22:08:07 America/Montevideo] Estado formateado para BD: {"recintos_count":6,"ronda_actual":2,"jugador_activo":2}
[10-Oct-2025 22:08:07 America/Montevideo] ✅ Partida guardada exitosamente en BD
[15-Oct-2025 22:24:15 America/Montevideo] === Validando estado de usuario ID: 4 ===
[15-Oct-2025 22:24:15 America/Montevideo] === UserRepository::findById(4) ===
[15-Oct-2025 22:24:15 America/Montevideo] Usuario ID 4 encontrado: martin (estado: activo)
[15-Oct-2025 22:24:15 America/Montevideo] Usuario 4 está activo
[15-Oct-2025 22:24:15 America/Montevideo] === Validando estado de usuario ID: 4 ===
[15-Oct-2025 22:24:15 America/Montevideo] === UserRepository::findById(4) ===
[15-Oct-2025 22:24:15 America/Montevideo] Usuario ID 4 encontrado: martin (estado: activo)
[15-Oct-2025 22:24:15 America/Montevideo] Usuario 4 está activo
[15-Oct-2025 22:24:16 America/Montevideo] === Validando estado de usuario ID: 4 ===
[15-Oct-2025 22:24:16 America/Montevideo] === UserRepository::findById(4) ===
[15-Oct-2025 22:24:16 America/Montevideo] Usuario ID 4 encontrado: martin (estado: activo)
[15-Oct-2025 22:24:16 America/Montevideo] Usuario 4 está activo
[15-Oct-2025 22:24:16 America/Montevideo] === Validando estado de usuario ID: 4 ===
[15-Oct-2025 22:24:16 America/Montevideo] === UserRepository::findById(4) ===
[15-Oct-2025 22:24:16 America/Montevideo] Usuario ID 4 encontrado: martin (estado: activo)
[15-Oct-2025 22:24:16 America/Montevideo] Usuario 4 está activo
[15-Oct-2025 23:02:19 America/Montevideo] Login intentado: martin@martin.com / martin123
[15-Oct-2025 23:02:19 America/Montevideo] === INICIO AuthService::login ===
[15-Oct-2025 23:02:19 America/Montevideo] Intentando login para: martin@martin.com
[15-Oct-2025 23:02:19 America/Montevideo] === INICIO verifyCredentials ===
[15-Oct-2025 23:02:19 America/Montevideo] Identifier: martin@martin.com
[15-Oct-2025 23:02:19 America/Montevideo] Usuario encontrado: martin
[15-Oct-2025 23:02:19 America/Montevideo] Estado del usuario: activo
[15-Oct-2025 23:02:19 America/Montevideo] Usuario activo, verificando contraseña...
[15-Oct-2025 23:02:19 America/Montevideo] Password verify: OK
[15-Oct-2025 23:02:19 America/Montevideo] Usuario estado final: activo
[15-Oct-2025 23:02:19 America/Montevideo] === FIN verifyCredentials (success) ===
[15-Oct-2025 23:02:19 America/Montevideo] Login exitoso para usuario ID: 4
[15-Oct-2025 23:02:19 America/Montevideo] === FIN AuthService::login (success) ===
[15-Oct-2025 23:02:19 America/Montevideo] === INICIO AuthService::login ===
[15-Oct-2025 23:02:19 America/Montevideo] Intentando login para: martin@martin.com
[15-Oct-2025 23:02:19 America/Montevideo] === INICIO verifyCredentials ===
[15-Oct-2025 23:02:19 America/Montevideo] Identifier: martin@martin.com
[15-Oct-2025 23:02:19 America/Montevideo] Usuario encontrado: martin
[15-Oct-2025 23:02:19 America/Montevideo] Estado del usuario: activo
[15-Oct-2025 23:02:19 America/Montevideo] Usuario activo, verificando contraseña...
[15-Oct-2025 23:02:20 America/Montevideo] Password verify: OK
[15-Oct-2025 23:02:20 America/Montevideo] Usuario estado final: activo
[15-Oct-2025 23:02:20 America/Montevideo] === FIN verifyCredentials (success) ===
[15-Oct-2025 23:02:20 America/Montevideo] Login exitoso para usuario ID: 4
[15-Oct-2025 23:02:20 America/Montevideo] === FIN AuthService::login (success) ===
[15-Oct-2025 23:02:20 America/Montevideo] === Validando estado de usuario ID: 4 ===
[15-Oct-2025 23:02:20 America/Montevideo] === UserRepository::findById(4) ===
[15-Oct-2025 23:02:20 America/Montevideo] Usuario ID 4 encontrado: martin (estado: activo)
[15-Oct-2025 23:02:20 America/Montevideo] Usuario 4 está activo
[15-Oct-2025 23:02:20 America/Montevideo] PHP Notice:  session_start(): ps_files_cleanup_dir: opendir(C:\Windows\Temp) failed: No error (0) in C:\Users\USUARIO\Documents\GitHub\Draftosaurus\backend\api\helpers\AuthHelper.php on line 15
[15-Oct-2025 23:02:20 America/Montevideo] === Validando estado de usuario ID: 4 ===
[15-Oct-2025 23:02:20 America/Montevideo] === UserRepository::findById(4) ===
[15-Oct-2025 23:02:20 America/Montevideo] Usuario ID 4 encontrado: martin (estado: activo)
[15-Oct-2025 23:02:20 America/Montevideo] Usuario 4 está activo
[15-Oct-2025 23:02:30 America/Montevideo] === Validando estado de usuario ID: 4 ===
[15-Oct-2025 23:02:30 America/Montevideo] === UserRepository::findById(4) ===
[15-Oct-2025 23:02:30 America/Montevideo] Usuario ID 4 encontrado: martin (estado: activo)
[15-Oct-2025 23:02:30 America/Montevideo] Usuario 4 está activo
[15-Oct-2025 23:02:30 America/Montevideo] === Validando estado de usuario ID: 4 ===
[15-Oct-2025 23:02:30 America/Montevideo] === UserRepository::findById(4) ===
[15-Oct-2025 23:02:30 America/Montevideo] Usuario ID 4 encontrado: martin (estado: activo)
[15-Oct-2025 23:02:30 America/Montevideo] Usuario 4 está activo
[15-Oct-2025 23:09:31 America/Montevideo] === Validando estado de usuario ID: 4 ===
[15-Oct-2025 23:09:31 America/Montevideo] === UserRepository::findById(4) ===
[15-Oct-2025 23:09:31 America/Montevideo] Usuario ID 4 encontrado: martin (estado: activo)
[15-Oct-2025 23:09:31 America/Montevideo] Usuario 4 está activo
[15-Oct-2025 23:09:31 America/Montevideo] === Validando estado de usuario ID: 4 ===
[15-Oct-2025 23:09:31 America/Montevideo] === UserRepository::findById(4) ===
[15-Oct-2025 23:09:31 America/Montevideo] Usuario ID 4 encontrado: martin (estado: activo)
[15-Oct-2025 23:09:31 America/Montevideo] Usuario 4 está activo
[15-Oct-2025 23:09:53 America/Montevideo] Login intentado: martin@martin.com / martin123
[15-Oct-2025 23:09:53 America/Montevideo] === INICIO AuthService::login ===
[15-Oct-2025 23:09:53 America/Montevideo] Intentando login para: martin@martin.com
[15-Oct-2025 23:09:53 America/Montevideo] === INICIO verifyCredentials ===
[15-Oct-2025 23:09:53 America/Montevideo] Identifier: martin@martin.com
[15-Oct-2025 23:09:53 America/Montevideo] Usuario encontrado: martin
[15-Oct-2025 23:09:53 America/Montevideo] Estado del usuario: activo
[15-Oct-2025 23:09:53 America/Montevideo] Usuario activo, verificando contraseña...
[15-Oct-2025 23:09:53 America/Montevideo] Password verify: OK
[15-Oct-2025 23:09:53 America/Montevideo] Usuario estado final: activo
[15-Oct-2025 23:09:53 America/Montevideo] === FIN verifyCredentials (success) ===
[15-Oct-2025 23:09:53 America/Montevideo] Login exitoso para usuario ID: 4
[15-Oct-2025 23:09:53 America/Montevideo] === FIN AuthService::login (success) ===
[15-Oct-2025 23:09:53 America/Montevideo] === INICIO AuthService::login ===
[15-Oct-2025 23:09:53 America/Montevideo] Intentando login para: martin@martin.com
[15-Oct-2025 23:09:53 America/Montevideo] === INICIO verifyCredentials ===
[15-Oct-2025 23:09:53 America/Montevideo] Identifier: martin@martin.com
[15-Oct-2025 23:09:53 America/Montevideo] Usuario encontrado: martin
[15-Oct-2025 23:09:53 America/Montevideo] Estado del usuario: activo
[15-Oct-2025 23:09:53 America/Montevideo] Usuario activo, verificando contraseña...
[15-Oct-2025 23:09:53 America/Montevideo] Password verify: OK
[15-Oct-2025 23:09:53 America/Montevideo] Usuario estado final: activo
[15-Oct-2025 23:09:53 America/Montevideo] === FIN verifyCredentials (success) ===
[15-Oct-2025 23:09:53 America/Montevideo] Login exitoso para usuario ID: 4
[15-Oct-2025 23:09:53 America/Montevideo] === FIN AuthService::login (success) ===
[15-Oct-2025 23:09:53 America/Montevideo] === Validando estado de usuario ID: 4 ===
[15-Oct-2025 23:09:53 America/Montevideo] === UserRepository::findById(4) ===
[15-Oct-2025 23:09:53 America/Montevideo] Usuario ID 4 encontrado: martin (estado: activo)
[15-Oct-2025 23:09:53 America/Montevideo] Usuario 4 está activo
[15-Oct-2025 23:09:53 America/Montevideo] === Validando estado de usuario ID: 4 ===
[15-Oct-2025 23:09:53 America/Montevideo] === UserRepository::findById(4) ===
[15-Oct-2025 23:09:53 America/Montevideo] Usuario ID 4 encontrado: martin (estado: activo)
[15-Oct-2025 23:09:53 America/Montevideo] Usuario 4 está activo
[15-Oct-2025 23:10:18 America/Montevideo] === Validando estado de usuario ID: 4 ===
[15-Oct-2025 23:10:18 America/Montevideo] === UserRepository::findById(4) ===
[15-Oct-2025 23:10:18 America/Montevideo] Usuario ID 4 encontrado: martin (estado: activo)
[15-Oct-2025 23:10:18 America/Montevideo] Usuario 4 está activo
[15-Oct-2025 23:10:25 America/Montevideo] === Validando estado de usuario ID: 4 ===
[15-Oct-2025 23:10:25 America/Montevideo] === UserRepository::findById(4) ===
[15-Oct-2025 23:10:25 America/Montevideo] Usuario ID 4 encontrado: martin (estado: activo)
[15-Oct-2025 23:10:25 America/Montevideo] Usuario 4 está activo
[15-Oct-2025 23:10:26 America/Montevideo] === Validando estado de usuario ID: 4 ===
[15-Oct-2025 23:10:26 America/Montevideo] === UserRepository::findById(4) ===
[15-Oct-2025 23:10:26 America/Montevideo] Usuario ID 4 encontrado: martin (estado: activo)
[15-Oct-2025 23:10:26 America/Montevideo] Usuario 4 está activo
[15-Oct-2025 23:10:26 America/Montevideo] === Validando estado de usuario ID: 4 ===
[15-Oct-2025 23:10:26 America/Montevideo] === UserRepository::findById(4) ===
[15-Oct-2025 23:10:26 America/Montevideo] Usuario ID 4 encontrado: martin (estado: activo)
[15-Oct-2025 23:10:26 America/Montevideo] Usuario 4 está activo
[15-Oct-2025 23:10:26 America/Montevideo] ⚠️ ADVERTENCIA: Petición sin cuerpo recibida
[15-Oct-2025 23:10:26 America/Montevideo] === Validando estado de usuario ID: 4 ===
[15-Oct-2025 23:10:26 America/Montevideo] === UserRepository::findById(4) ===
[15-Oct-2025 23:10:26 America/Montevideo] Usuario ID 4 encontrado: martin (estado: activo)
[15-Oct-2025 23:10:26 America/Montevideo] Usuario 4 está activo
[15-Oct-2025 23:10:29 America/Montevideo] === DEBUG GUARDAR ESTADO PARTIDA ===
[15-Oct-2025 23:10:29 America/Montevideo] Método HTTP: POST
[15-Oct-2025 23:10:29 America/Montevideo] Content-Type: application/json
[15-Oct-2025 23:10:29 America/Montevideo] === Validando estado de usuario ID: 4 ===
[15-Oct-2025 23:10:29 America/Montevideo] === UserRepository::findById(4) ===
[15-Oct-2025 23:10:29 America/Montevideo] Usuario ID 4 encontrado: martin (estado: activo)
[15-Oct-2025 23:10:29 America/Montevideo] Usuario 4 está activo
[15-Oct-2025 23:10:29 America/Montevideo] ✅ Usuario autenticado: ID=4, Username=martin
[15-Oct-2025 23:10:29 America/Montevideo] Raw input recibido (length=272): {"id":146,"partidaId":146,"ronda":1,"turno":1,"jugadorActivo":2,"jugadorQueTiroDado":1,"restriccion":6,"colocadosEnTurno":0,"mano1":["dino5","dino1","trex","trex","dino4","dino5"],"mano2":["dino5","dino4","dino3","dino1","dino3","dino3"],"colocaciones":[],"jugador2":"kl"}
[15-Oct-2025 23:10:29 America/Montevideo] ✅ JSON decodificado correctamente
[15-Oct-2025 23:10:29 America/Montevideo] Datos principales: {"id":146,"partidaId":146,"ronda":1,"colocaciones_count":0}
[15-Oct-2025 23:10:29 America/Montevideo] ✅ ID de partida válido: 146
[15-Oct-2025 23:10:29 America/Montevideo] ✅ Acceso validado correctamente
[15-Oct-2025 23:10:29 America/Montevideo] ✅ Validaciones pasadas: ronda=1, turno=1, jugadorActivo=2
[15-Oct-2025 23:10:29 America/Montevideo] Estado formateado para BD: {"recintos_count":0,"ronda_actual":1,"jugador_activo":2}
[15-Oct-2025 23:10:29 America/Montevideo] ✅ Partida guardada exitosamente en BD
[15-Oct-2025 23:10:30 America/Montevideo] === INICIO validarColocacionDino ===
[15-Oct-2025 23:10:30 America/Montevideo] Método: POST
[15-Oct-2025 23:10:30 America/Montevideo] Content-Type: application/json
[15-Oct-2025 23:10:30 America/Montevideo] === Validando estado de usuario ID: 4 ===
[15-Oct-2025 23:10:30 America/Montevideo] === UserRepository::findById(4) ===
[15-Oct-2025 23:10:30 America/Montevideo] Usuario ID 4 encontrado: martin (estado: activo)
[15-Oct-2025 23:10:30 America/Montevideo] Usuario 4 está activo
[15-Oct-2025 23:10:30 America/Montevideo] ✅ Usuario autenticado: 4
[15-Oct-2025 23:10:30 America/Montevideo] Datos recibidos para validación: {"partidaId":146,"restriccion":6,"recintoId":"prado-diferencia","especie":"dino1"}
[15-Oct-2025 23:10:30 America/Montevideo] ✅ COLOCACIÓN VÁLIDA: Dado tirado (restricción=6), recinto=prado-diferencia, especie=dino1
[15-Oct-2025 23:10:30 America/Montevideo] === FIN validarColocacionDino ===
[15-Oct-2025 23:10:31 America/Montevideo] === DEBUG GUARDAR ESTADO PARTIDA ===
[15-Oct-2025 23:10:31 America/Montevideo] Método HTTP: POST
[15-Oct-2025 23:10:31 America/Montevideo] Content-Type: application/json
[15-Oct-2025 23:10:31 America/Montevideo] === Validando estado de usuario ID: 4 ===
[15-Oct-2025 23:10:31 America/Montevideo] === UserRepository::findById(4) ===
[15-Oct-2025 23:10:31 America/Montevideo] Usuario ID 4 encontrado: martin (estado: activo)
[15-Oct-2025 23:10:31 America/Montevideo] Usuario 4 está activo
[15-Oct-2025 23:10:31 America/Montevideo] ✅ Usuario autenticado: ID=4, Username=martin
[15-Oct-2025 23:10:31 America/Montevideo] Raw input recibido (length=324): {"id":146,"partidaId":146,"ronda":1,"turno":1,"jugadorActivo":2,"jugadorQueTiroDado":1,"restriccion":6,"colocadosEnTurno":1,"mano1":["dino5","dino1","trex","trex","dino4","dino5"],"mano2":["dino5","dino4","dino3","dino3","dino3"],"colocaciones":[{"recinto":"prado-diferencia","jugador":2,"especie":"dino1"}],"jugador2":"kl"}
[15-Oct-2025 23:10:31 America/Montevideo] ✅ JSON decodificado correctamente
[15-Oct-2025 23:10:31 America/Montevideo] Datos principales: {"id":146,"partidaId":146,"ronda":1,"colocaciones_count":1}
[15-Oct-2025 23:10:31 America/Montevideo] ✅ ID de partida válido: 146
[15-Oct-2025 23:10:31 America/Montevideo] ✅ Acceso validado correctamente
[15-Oct-2025 23:10:31 America/Montevideo] ✅ Validaciones pasadas: ronda=1, turno=1, jugadorActivo=2
[15-Oct-2025 23:10:31 America/Montevideo] Estado formateado para BD: {"recintos_count":1,"ronda_actual":1,"jugador_activo":2}
[15-Oct-2025 23:10:31 America/Montevideo] ✅ Partida guardada exitosamente en BD
[15-Oct-2025 23:10:36 America/Montevideo] === INICIO validarColocacionDino ===
[15-Oct-2025 23:10:36 America/Montevideo] Método: POST
[15-Oct-2025 23:10:36 America/Montevideo] Content-Type: application/json
[15-Oct-2025 23:10:36 America/Montevideo] === Validando estado de usuario ID: 4 ===
[15-Oct-2025 23:10:36 America/Montevideo] === UserRepository::findById(4) ===
[15-Oct-2025 23:10:36 America/Montevideo] Usuario ID 4 encontrado: martin (estado: activo)
[15-Oct-2025 23:10:36 America/Montevideo] Usuario 4 está activo
[15-Oct-2025 23:10:36 America/Montevideo] ✅ Usuario autenticado: 4
[15-Oct-2025 23:10:36 America/Montevideo] Datos recibidos para validación: {"partidaId":146,"restriccion":6,"recintoId":"rey-selva","especie":"trex"}
[15-Oct-2025 23:10:36 America/Montevideo] ✅ COLOCACIÓN VÁLIDA: Dado tirado (restricción=6), recinto=rey-selva, especie=trex
[15-Oct-2025 23:10:36 America/Montevideo] === FIN validarColocacionDino ===
[15-Oct-2025 23:10:36 America/Montevideo] === DEBUG GUARDAR ESTADO PARTIDA ===
[15-Oct-2025 23:10:36 America/Montevideo] Método HTTP: POST
[15-Oct-2025 23:10:36 America/Montevideo] Content-Type: application/json
[15-Oct-2025 23:10:36 America/Montevideo] === Validando estado de usuario ID: 4 ===
[15-Oct-2025 23:10:36 America/Montevideo] === UserRepository::findById(4) ===
[15-Oct-2025 23:10:36 America/Montevideo] Usuario ID 4 encontrado: martin (estado: activo)
[15-Oct-2025 23:10:36 America/Montevideo] Usuario 4 está activo
[15-Oct-2025 23:10:36 America/Montevideo] ✅ Usuario autenticado: ID=4, Username=martin
[15-Oct-2025 23:10:36 America/Montevideo] Raw input recibido (length=370): {"id":146,"partidaId":146,"ronda":1,"turno":1,"jugadorActivo":1,"jugadorQueTiroDado":1,"restriccion":6,"colocadosEnTurno":2,"mano1":["dino5","dino1","trex","dino4","dino5"],"mano2":["dino5","dino4","dino3","dino3","dino3"],"colocaciones":[{"recinto":"rey-selva","jugador":1,"especie":"trex"},{"recinto":"prado-diferencia","jugador":2,"especie":"dino1"}],"jugador2":"kl"}
[15-Oct-2025 23:10:36 America/Montevideo] ✅ JSON decodificado correctamente
[15-Oct-2025 23:10:36 America/Montevideo] Datos principales: {"id":146,"partidaId":146,"ronda":1,"colocaciones_count":2}
[15-Oct-2025 23:10:36 America/Montevideo] ✅ ID de partida válido: 146
[15-Oct-2025 23:10:36 America/Montevideo] ✅ Acceso validado correctamente
[15-Oct-2025 23:10:36 America/Montevideo] ✅ Validaciones pasadas: ronda=1, turno=1, jugadorActivo=1
[15-Oct-2025 23:10:36 America/Montevideo] Estado formateado para BD: {"recintos_count":2,"ronda_actual":1,"jugador_activo":1}
[15-Oct-2025 23:10:36 America/Montevideo] ✅ Partida guardada exitosamente en BD
[15-Oct-2025 23:10:36 America/Montevideo] === DEBUG GUARDAR ESTADO PARTIDA ===
[15-Oct-2025 23:10:36 America/Montevideo] Método HTTP: POST
[15-Oct-2025 23:10:36 America/Montevideo] Content-Type: application/json
[15-Oct-2025 23:10:36 America/Montevideo] === Validando estado de usuario ID: 4 ===
[15-Oct-2025 23:10:36 America/Montevideo] === UserRepository::findById(4) ===
[15-Oct-2025 23:10:36 America/Montevideo] Usuario ID 4 encontrado: martin (estado: activo)
[15-Oct-2025 23:10:36 America/Montevideo] Usuario 4 está activo
[15-Oct-2025 23:10:36 America/Montevideo] ✅ Usuario autenticado: ID=4, Username=martin
[15-Oct-2025 23:10:36 America/Montevideo] Raw input recibido (length=373): {"id":146,"partidaId":146,"ronda":1,"turno":2,"jugadorActivo":1,"jugadorQueTiroDado":1,"restriccion":null,"colocadosEnTurno":0,"mano1":["dino5","dino4","dino3","dino3","dino3"],"mano2":["dino5","dino1","trex","dino4","dino5"],"colocaciones":[{"recinto":"rey-selva","jugador":1,"especie":"trex"},{"recinto":"prado-diferencia","jugador":2,"especie":"dino1"}],"jugador2":"kl"}
[15-Oct-2025 23:10:36 America/Montevideo] ✅ JSON decodificado correctamente
[15-Oct-2025 23:10:36 America/Montevideo] Datos principales: {"id":146,"partidaId":146,"ronda":1,"colocaciones_count":2}
[15-Oct-2025 23:10:36 America/Montevideo] ✅ ID de partida válido: 146
[15-Oct-2025 23:10:36 America/Montevideo] ✅ Acceso validado correctamente
[15-Oct-2025 23:10:36 America/Montevideo] ✅ Validaciones pasadas: ronda=1, turno=2, jugadorActivo=1
[15-Oct-2025 23:10:36 America/Montevideo] Estado formateado para BD: {"recintos_count":2,"ronda_actual":1,"jugador_activo":1}
[15-Oct-2025 23:10:36 America/Montevideo] ✅ Partida guardada exitosamente en BD
[15-Oct-2025 23:10:41 America/Montevideo] === DEBUG GUARDAR ESTADO PARTIDA ===
[15-Oct-2025 23:10:41 America/Montevideo] Método HTTP: POST
[15-Oct-2025 23:10:41 America/Montevideo] Content-Type: application/json
[15-Oct-2025 23:10:41 America/Montevideo] === Validando estado de usuario ID: 4 ===
[15-Oct-2025 23:10:41 America/Montevideo] === UserRepository::findById(4) ===
[15-Oct-2025 23:10:41 America/Montevideo] Usuario ID 4 encontrado: martin (estado: activo)
[15-Oct-2025 23:10:41 America/Montevideo] Usuario 4 está activo
[15-Oct-2025 23:10:41 America/Montevideo] ✅ Usuario autenticado: ID=4, Username=martin
[15-Oct-2025 23:10:41 America/Montevideo] Raw input recibido (length=373): {"id":146,"partidaId":146,"ronda":1,"turno":2,"jugadorActivo":1,"jugadorQueTiroDado":1,"restriccion":null,"colocadosEnTurno":0,"mano1":["dino5","dino4","dino3","dino3","dino3"],"mano2":["dino5","dino1","trex","dino4","dino5"],"colocaciones":[{"recinto":"rey-selva","jugador":1,"especie":"trex"},{"recinto":"prado-diferencia","jugador":2,"especie":"dino1"}],"jugador2":"kl"}
[15-Oct-2025 23:10:41 America/Montevideo] ✅ JSON decodificado correctamente
[15-Oct-2025 23:10:41 America/Montevideo] Datos principales: {"id":146,"partidaId":146,"ronda":1,"colocaciones_count":2}
[15-Oct-2025 23:10:41 America/Montevideo] ✅ ID de partida válido: 146
[15-Oct-2025 23:10:41 America/Montevideo] ✅ Acceso validado correctamente
[15-Oct-2025 23:10:41 America/Montevideo] ✅ Validaciones pasadas: ronda=1, turno=2, jugadorActivo=1
[15-Oct-2025 23:10:41 America/Montevideo] Estado formateado para BD: {"recintos_count":2,"ronda_actual":1,"jugador_activo":1}
[15-Oct-2025 23:10:41 America/Montevideo] ✅ Partida guardada exitosamente en BD
[15-Oct-2025 23:10:56 America/Montevideo] === DEBUG GUARDAR ESTADO PARTIDA ===
[15-Oct-2025 23:10:56 America/Montevideo] Método HTTP: POST
[15-Oct-2025 23:10:56 America/Montevideo] Content-Type: application/json
[15-Oct-2025 23:10:56 America/Montevideo] === Validando estado de usuario ID: 4 ===
[15-Oct-2025 23:10:56 America/Montevideo] === UserRepository::findById(4) ===
[15-Oct-2025 23:10:56 America/Montevideo] Usuario ID 4 encontrado: martin (estado: activo)
[15-Oct-2025 23:10:56 America/Montevideo] Usuario 4 está activo
[15-Oct-2025 23:10:56 America/Montevideo] ✅ Usuario autenticado: ID=4, Username=martin
[15-Oct-2025 23:10:56 America/Montevideo] Raw input recibido (length=373): {"id":146,"partidaId":146,"ronda":1,"turno":2,"jugadorActivo":1,"jugadorQueTiroDado":1,"restriccion":null,"colocadosEnTurno":0,"mano1":["dino5","dino4","dino3","dino3","dino3"],"mano2":["dino5","dino1","trex","dino4","dino5"],"colocaciones":[{"recinto":"rey-selva","jugador":1,"especie":"trex"},{"recinto":"prado-diferencia","jugador":2,"especie":"dino1"}],"jugador2":"kl"}
[15-Oct-2025 23:10:56 America/Montevideo] ✅ JSON decodificado correctamente
[15-Oct-2025 23:10:56 America/Montevideo] Datos principales: {"id":146,"partidaId":146,"ronda":1,"colocaciones_count":2}
[15-Oct-2025 23:10:56 America/Montevideo] ✅ ID de partida válido: 146
[15-Oct-2025 23:10:56 America/Montevideo] ✅ Acceso validado correctamente
[15-Oct-2025 23:10:56 America/Montevideo] ✅ Validaciones pasadas: ronda=1, turno=2, jugadorActivo=1
[15-Oct-2025 23:10:56 America/Montevideo] Estado formateado para BD: {"recintos_count":2,"ronda_actual":1,"jugador_activo":1}
[15-Oct-2025 23:10:56 America/Montevideo] ✅ Partida guardada exitosamente en BD
[15-Oct-2025 23:11:26 America/Montevideo] === DEBUG GUARDAR ESTADO PARTIDA ===
[15-Oct-2025 23:11:26 America/Montevideo] Método HTTP: POST
[15-Oct-2025 23:11:26 America/Montevideo] Content-Type: application/json
[15-Oct-2025 23:11:26 America/Montevideo] === Validando estado de usuario ID: 4 ===
[15-Oct-2025 23:11:26 America/Montevideo] === UserRepository::findById(4) ===
[15-Oct-2025 23:11:26 America/Montevideo] Usuario ID 4 encontrado: martin (estado: activo)
[15-Oct-2025 23:11:26 America/Montevideo] Usuario 4 está activo
[15-Oct-2025 23:11:26 America/Montevideo] ✅ Usuario autenticado: ID=4, Username=martin
[15-Oct-2025 23:11:26 America/Montevideo] Raw input recibido (length=373): {"id":146,"partidaId":146,"ronda":1,"turno":2,"jugadorActivo":1,"jugadorQueTiroDado":1,"restriccion":null,"colocadosEnTurno":0,"mano1":["dino5","dino4","dino3","dino3","dino3"],"mano2":["dino5","dino1","trex","dino4","dino5"],"colocaciones":[{"recinto":"rey-selva","jugador":1,"especie":"trex"},{"recinto":"prado-diferencia","jugador":2,"especie":"dino1"}],"jugador2":"kl"}
[15-Oct-2025 23:11:26 America/Montevideo] ✅ JSON decodificado correctamente
[15-Oct-2025 23:11:26 America/Montevideo] Datos principales: {"id":146,"partidaId":146,"ronda":1,"colocaciones_count":2}
[15-Oct-2025 23:11:26 America/Montevideo] ✅ ID de partida válido: 146
[15-Oct-2025 23:11:26 America/Montevideo] ✅ Acceso validado correctamente
[15-Oct-2025 23:11:26 America/Montevideo] ✅ Validaciones pasadas: ronda=1, turno=2, jugadorActivo=1
[15-Oct-2025 23:11:26 America/Montevideo] Estado formateado para BD: {"recintos_count":2,"ronda_actual":1,"jugador_activo":1}
[15-Oct-2025 23:11:26 America/Montevideo] ✅ Partida guardada exitosamente en BD
[15-Oct-2025 23:11:56 America/Montevideo] === DEBUG GUARDAR ESTADO PARTIDA ===
[15-Oct-2025 23:11:56 America/Montevideo] Método HTTP: POST
[15-Oct-2025 23:11:56 America/Montevideo] Content-Type: application/json
[15-Oct-2025 23:11:56 America/Montevideo] === Validando estado de usuario ID: 4 ===
[15-Oct-2025 23:11:56 America/Montevideo] === UserRepository::findById(4) ===
[15-Oct-2025 23:11:56 America/Montevideo] Usuario ID 4 encontrado: martin (estado: activo)
[15-Oct-2025 23:11:56 America/Montevideo] Usuario 4 está activo
[15-Oct-2025 23:11:56 America/Montevideo] ✅ Usuario autenticado: ID=4, Username=martin
[15-Oct-2025 23:11:56 America/Montevideo] Raw input recibido (length=373): {"id":146,"partidaId":146,"ronda":1,"turno":2,"jugadorActivo":1,"jugadorQueTiroDado":1,"restriccion":null,"colocadosEnTurno":0,"mano1":["dino5","dino4","dino3","dino3","dino3"],"mano2":["dino5","dino1","trex","dino4","dino5"],"colocaciones":[{"recinto":"rey-selva","jugador":1,"especie":"trex"},{"recinto":"prado-diferencia","jugador":2,"especie":"dino1"}],"jugador2":"kl"}
[15-Oct-2025 23:11:56 America/Montevideo] ✅ JSON decodificado correctamente
[15-Oct-2025 23:11:56 America/Montevideo] Datos principales: {"id":146,"partidaId":146,"ronda":1,"colocaciones_count":2}
[15-Oct-2025 23:11:56 America/Montevideo] ✅ ID de partida válido: 146
[15-Oct-2025 23:11:56 America/Montevideo] ✅ Acceso validado correctamente
[15-Oct-2025 23:11:56 America/Montevideo] ✅ Validaciones pasadas: ronda=1, turno=2, jugadorActivo=1
[15-Oct-2025 23:11:56 America/Montevideo] Estado formateado para BD: {"recintos_count":2,"ronda_actual":1,"jugador_activo":1}
[15-Oct-2025 23:11:56 America/Montevideo] ✅ Partida guardada exitosamente en BD
[15-Oct-2025 23:13:30 America/Montevideo] Login intentado: martin@martin.com / martin123
[15-Oct-2025 23:13:30 America/Montevideo] === INICIO AuthService::login ===
[15-Oct-2025 23:13:30 America/Montevideo] Intentando login para: martin@martin.com
[15-Oct-2025 23:13:30 America/Montevideo] === INICIO verifyCredentials ===
[15-Oct-2025 23:13:30 America/Montevideo] Identifier: martin@martin.com
[15-Oct-2025 23:13:30 America/Montevideo] Usuario encontrado: martin
[15-Oct-2025 23:13:30 America/Montevideo] Estado del usuario: activo
[15-Oct-2025 23:13:30 America/Montevideo] Usuario activo, verificando contraseña...
[15-Oct-2025 23:13:30 America/Montevideo] Password verify: OK
[15-Oct-2025 23:13:30 America/Montevideo] Usuario estado final: activo
[15-Oct-2025 23:13:30 America/Montevideo] === FIN verifyCredentials (success) ===
[15-Oct-2025 23:13:30 America/Montevideo] Login exitoso para usuario ID: 4
[15-Oct-2025 23:13:30 America/Montevideo] === FIN AuthService::login (success) ===
[15-Oct-2025 23:13:30 America/Montevideo] === INICIO AuthService::login ===
[15-Oct-2025 23:13:30 America/Montevideo] Intentando login para: martin@martin.com
[15-Oct-2025 23:13:30 America/Montevideo] === INICIO verifyCredentials ===
[15-Oct-2025 23:13:30 America/Montevideo] Identifier: martin@martin.com
[15-Oct-2025 23:13:30 America/Montevideo] Usuario encontrado: martin
[15-Oct-2025 23:13:30 America/Montevideo] Estado del usuario: activo
[15-Oct-2025 23:13:30 America/Montevideo] Usuario activo, verificando contraseña...
[15-Oct-2025 23:13:31 America/Montevideo] Password verify: OK
[15-Oct-2025 23:13:31 America/Montevideo] Usuario estado final: activo
[15-Oct-2025 23:13:31 America/Montevideo] === FIN verifyCredentials (success) ===
[15-Oct-2025 23:13:31 America/Montevideo] Login exitoso para usuario ID: 4
[15-Oct-2025 23:13:31 America/Montevideo] === FIN AuthService::login (success) ===
[15-Oct-2025 23:13:31 America/Montevideo] === Validando estado de usuario ID: 4 ===
[15-Oct-2025 23:13:31 America/Montevideo] === UserRepository::findById(4) ===
[15-Oct-2025 23:13:31 America/Montevideo] Usuario ID 4 encontrado: martin (estado: activo)
[15-Oct-2025 23:13:31 America/Montevideo] Usuario 4 está activo
[15-Oct-2025 23:13:31 America/Montevideo] === Validando estado de usuario ID: 4 ===
[15-Oct-2025 23:13:31 America/Montevideo] === UserRepository::findById(4) ===
[15-Oct-2025 23:13:31 America/Montevideo] Usuario ID 4 encontrado: martin (estado: activo)
[15-Oct-2025 23:13:31 America/Montevideo] Usuario 4 está activo
[16-Oct-2025 00:02:47 America/Montevideo] === Validando estado de usuario ID: 4 ===
[16-Oct-2025 00:02:47 America/Montevideo] === UserRepository::findById(4) ===
[16-Oct-2025 00:02:47 America/Montevideo] Usuario ID 4 encontrado: martin (estado: activo)
[16-Oct-2025 00:02:47 America/Montevideo] Usuario 4 está activo
[16-Oct-2025 00:02:48 America/Montevideo] === Validando estado de usuario ID: 4 ===
[16-Oct-2025 00:02:48 America/Montevideo] === UserRepository::findById(4) ===
[16-Oct-2025 00:02:48 America/Montevideo] Usuario ID 4 encontrado: martin (estado: activo)
[16-Oct-2025 00:02:48 America/Montevideo] Usuario 4 está activo
[16-Oct-2025 00:02:52 America/Montevideo] === Validando estado de usuario ID: 4 ===
[16-Oct-2025 00:02:52 America/Montevideo] === UserRepository::findById(4) ===
[16-Oct-2025 00:02:52 America/Montevideo] Usuario ID 4 encontrado: martin (estado: activo)
[16-Oct-2025 00:02:52 America/Montevideo] Usuario 4 está activo
[16-Oct-2025 00:02:52 America/Montevideo] ⚠️ ADVERTENCIA: Petición sin cuerpo recibida
[16-Oct-2025 00:02:52 America/Montevideo] === Validando estado de usuario ID: 4 ===
[16-Oct-2025 00:02:52 America/Montevideo] === UserRepository::findById(4) ===
[16-Oct-2025 00:02:52 America/Montevideo] Usuario ID 4 encontrado: martin (estado: activo)
[16-Oct-2025 00:02:52 America/Montevideo] Usuario 4 está activo
[16-Oct-2025 00:02:54 America/Montevideo] === DEBUG GUARDAR ESTADO PARTIDA ===
[16-Oct-2025 00:02:54 America/Montevideo] Método HTTP: POST
[16-Oct-2025 00:02:54 America/Montevideo] Content-Type: application/json
[16-Oct-2025 00:02:54 America/Montevideo] === Validando estado de usuario ID: 4 ===
[16-Oct-2025 00:02:54 America/Montevideo] === UserRepository::findById(4) ===
[16-Oct-2025 00:02:54 America/Montevideo] Usuario ID 4 encontrado: martin (estado: activo)
[16-Oct-2025 00:02:54 America/Montevideo] Usuario 4 está activo
[16-Oct-2025 00:02:54 America/Montevideo] ✅ Usuario autenticado: ID=4, Username=martin
[16-Oct-2025 00:02:54 America/Montevideo] Raw input recibido (length=370): {"id":146,"partidaId":146,"ronda":1,"turno":2,"jugadorActivo":1,"jugadorQueTiroDado":1,"restriccion":6,"colocadosEnTurno":0,"mano1":["dino5","dino4","dino3","dino3","dino3"],"mano2":["dino5","dino1","trex","dino4","dino5"],"colocaciones":[{"recinto":"rey-selva","jugador":1,"especie":"trex"},{"recinto":"prado-diferencia","jugador":2,"especie":"dino1"}],"jugador2":"kl"}
[16-Oct-2025 00:02:54 America/Montevideo] ✅ JSON decodificado correctamente
[16-Oct-2025 00:02:54 America/Montevideo] Datos principales: {"id":146,"partidaId":146,"ronda":1,"colocaciones_count":2}
[16-Oct-2025 00:02:54 America/Montevideo] ✅ ID de partida válido: 146
[16-Oct-2025 00:02:54 America/Montevideo] ✅ Acceso validado correctamente
[16-Oct-2025 00:02:54 America/Montevideo] ✅ Validaciones pasadas: ronda=1, turno=2, jugadorActivo=1
[16-Oct-2025 00:02:55 America/Montevideo] Estado formateado para BD: {"recintos_count":2,"ronda_actual":1,"jugador_activo":1}
[16-Oct-2025 00:02:55 America/Montevideo] ✅ Partida guardada exitosamente en BD
[16-Oct-2025 00:02:57 America/Montevideo] === INICIO validarColocacionDino ===
[16-Oct-2025 00:02:57 America/Montevideo] Método: POST
[16-Oct-2025 00:02:57 America/Montevideo] Content-Type: application/json
[16-Oct-2025 00:02:57 America/Montevideo] === Validando estado de usuario ID: 4 ===
[16-Oct-2025 00:02:57 America/Montevideo] === UserRepository::findById(4) ===
[16-Oct-2025 00:02:57 America/Montevideo] Usuario ID 4 encontrado: martin (estado: activo)
[16-Oct-2025 00:02:57 America/Montevideo] Usuario 4 está activo
[16-Oct-2025 00:02:57 America/Montevideo] ✅ Usuario autenticado: 4
[16-Oct-2025 00:02:57 America/Montevideo] Datos recibidos para validación: {"partidaId":146,"restriccion":6,"recintoId":"prado-diferencia","especie":"dino3"}
[16-Oct-2025 00:02:57 America/Montevideo] ✅ COLOCACIÓN VÁLIDA: Dado tirado (restricción=6), recinto=prado-diferencia, especie=dino3
[16-Oct-2025 00:02:57 America/Montevideo] === FIN validarColocacionDino ===
[16-Oct-2025 00:02:58 America/Montevideo] === DEBUG GUARDAR ESTADO PARTIDA ===
[16-Oct-2025 00:02:58 America/Montevideo] Método HTTP: POST
[16-Oct-2025 00:02:58 America/Montevideo] Content-Type: application/json
[16-Oct-2025 00:02:58 America/Montevideo] === Validando estado de usuario ID: 4 ===
[16-Oct-2025 00:02:58 America/Montevideo] === UserRepository::findById(4) ===
[16-Oct-2025 00:02:58 America/Montevideo] Usuario ID 4 encontrado: martin (estado: activo)
[16-Oct-2025 00:02:58 America/Montevideo] Usuario 4 está activo
[16-Oct-2025 00:02:58 America/Montevideo] ✅ Usuario autenticado: ID=4, Username=martin
[16-Oct-2025 00:02:58 America/Montevideo] Raw input recibido (length=423): {"id":146,"partidaId":146,"ronda":1,"turno":2,"jugadorActivo":1,"jugadorQueTiroDado":1,"restriccion":6,"colocadosEnTurno":1,"mano1":["dino5","dino4","dino3","dino3"],"mano2":["dino5","dino1","trex","dino4","dino5"],"colocaciones":[{"recinto":"rey-selva","jugador":1,"especie":"trex"},{"recinto":"prado-diferencia","jugador":2,"especie":"dino1"},{"recinto":"prado-diferencia","jugador":1,"especie":"dino3"}],"jugador2":"kl"}
[16-Oct-2025 00:02:58 America/Montevideo] ✅ JSON decodificado correctamente
[16-Oct-2025 00:02:58 America/Montevideo] Datos principales: {"id":146,"partidaId":146,"ronda":1,"colocaciones_count":3}
[16-Oct-2025 00:02:58 America/Montevideo] ✅ ID de partida válido: 146
[16-Oct-2025 00:02:58 America/Montevideo] ✅ Acceso validado correctamente
[16-Oct-2025 00:02:58 America/Montevideo] ✅ Validaciones pasadas: ronda=1, turno=2, jugadorActivo=1
[16-Oct-2025 00:02:58 America/Montevideo] Estado formateado para BD: {"recintos_count":2,"ronda_actual":1,"jugador_activo":1}
[16-Oct-2025 00:02:58 America/Montevideo] ✅ Partida guardada exitosamente en BD
[16-Oct-2025 00:03:01 America/Montevideo] === INICIO validarColocacionDino ===
[16-Oct-2025 00:03:01 America/Montevideo] Método: POST
[16-Oct-2025 00:03:01 America/Montevideo] Content-Type: application/json
[16-Oct-2025 00:03:01 America/Montevideo] === Validando estado de usuario ID: 4 ===
[16-Oct-2025 00:03:01 America/Montevideo] === UserRepository::findById(4) ===
[16-Oct-2025 00:03:01 America/Montevideo] Usuario ID 4 encontrado: martin (estado: activo)
[16-Oct-2025 00:03:01 America/Montevideo] Usuario 4 está activo
[16-Oct-2025 00:03:01 America/Montevideo] ✅ Usuario autenticado: 4
[16-Oct-2025 00:03:01 America/Montevideo] Datos recibidos para validación: {"partidaId":146,"restriccion":6,"recintoId":"prado-diferencia","especie":"dino4"}
[16-Oct-2025 00:03:01 America/Montevideo] ✅ COLOCACIÓN VÁLIDA: Dado tirado (restricción=6), recinto=prado-diferencia, especie=dino4
[16-Oct-2025 00:03:01 America/Montevideo] === FIN validarColocacionDino ===
[16-Oct-2025 00:03:01 America/Montevideo] === DEBUG GUARDAR ESTADO PARTIDA ===
[16-Oct-2025 00:03:01 America/Montevideo] Método HTTP: POST
[16-Oct-2025 00:03:01 America/Montevideo] Content-Type: application/json
[16-Oct-2025 00:03:01 America/Montevideo] === Validando estado de usuario ID: 4 ===
[16-Oct-2025 00:03:01 America/Montevideo] === UserRepository::findById(4) ===
[16-Oct-2025 00:03:01 America/Montevideo] Usuario ID 4 encontrado: martin (estado: activo)
[16-Oct-2025 00:03:01 America/Montevideo] Usuario 4 está activo
[16-Oct-2025 00:03:01 America/Montevideo] ✅ Usuario autenticado: ID=4, Username=martin
[16-Oct-2025 00:03:01 America/Montevideo] Raw input recibido (length=476): {"id":146,"partidaId":146,"ronda":1,"turno":2,"jugadorActivo":2,"jugadorQueTiroDado":1,"restriccion":6,"colocadosEnTurno":2,"mano1":["dino5","dino4","dino3","dino3"],"mano2":["dino5","dino1","trex","dino5"],"colocaciones":[{"recinto":"rey-selva","jugador":1,"especie":"trex"},{"recinto":"prado-diferencia","jugador":2,"especie":"dino1"},{"recinto":"prado-diferencia","jugador":1,"especie":"dino3"},{"recinto":"prado-diferencia","jugador":2,"especie":"dino4"}],"jugador2":"kl"}
[16-Oct-2025 00:03:01 America/Montevideo] ✅ JSON decodificado correctamente
[16-Oct-2025 00:03:01 America/Montevideo] Datos principales: {"id":146,"partidaId":146,"ronda":1,"colocaciones_count":4}
[16-Oct-2025 00:03:01 America/Montevideo] ✅ ID de partida válido: 146
[16-Oct-2025 00:03:01 America/Montevideo] ✅ Acceso validado correctamente
[16-Oct-2025 00:03:01 America/Montevideo] ✅ Validaciones pasadas: ronda=1, turno=2, jugadorActivo=2
[16-Oct-2025 00:03:01 America/Montevideo] Estado formateado para BD: {"recintos_count":2,"ronda_actual":1,"jugador_activo":2}
[16-Oct-2025 00:03:01 America/Montevideo] ✅ Partida guardada exitosamente en BD
[16-Oct-2025 00:03:01 America/Montevideo] === DEBUG GUARDAR ESTADO PARTIDA ===
[16-Oct-2025 00:03:01 America/Montevideo] Método HTTP: POST
[16-Oct-2025 00:03:01 America/Montevideo] Content-Type: application/json
[16-Oct-2025 00:03:01 America/Montevideo] === Validando estado de usuario ID: 4 ===
[16-Oct-2025 00:03:01 America/Montevideo] === UserRepository::findById(4) ===
[16-Oct-2025 00:03:01 America/Montevideo] Usuario ID 4 encontrado: martin (estado: activo)
[16-Oct-2025 00:03:01 America/Montevideo] Usuario 4 está activo
[16-Oct-2025 00:03:01 America/Montevideo] ✅ Usuario autenticado: ID=4, Username=martin
[16-Oct-2025 00:03:01 America/Montevideo] Raw input recibido (length=479): {"id":146,"partidaId":146,"ronda":1,"turno":3,"jugadorActivo":2,"jugadorQueTiroDado":2,"restriccion":null,"colocadosEnTurno":0,"mano1":["dino5","dino1","trex","dino5"],"mano2":["dino5","dino4","dino3","dino3"],"colocaciones":[{"recinto":"rey-selva","jugador":1,"especie":"trex"},{"recinto":"prado-diferencia","jugador":2,"especie":"dino1"},{"recinto":"prado-diferencia","jugador":1,"especie":"dino3"},{"recinto":"prado-diferencia","jugador":2,"especie":"dino4"}],"jugador2":"kl"}
[16-Oct-2025 00:03:01 America/Montevideo] ✅ JSON decodificado correctamente
[16-Oct-2025 00:03:01 America/Montevideo] Datos principales: {"id":146,"partidaId":146,"ronda":1,"colocaciones_count":4}
[16-Oct-2025 00:03:01 America/Montevideo] ✅ ID de partida válido: 146
[16-Oct-2025 00:03:01 America/Montevideo] ✅ Acceso validado correctamente
[16-Oct-2025 00:03:01 America/Montevideo] ✅ Validaciones pasadas: ronda=1, turno=3, jugadorActivo=2
[16-Oct-2025 00:03:01 America/Montevideo] Estado formateado para BD: {"recintos_count":2,"ronda_actual":1,"jugador_activo":2}
[16-Oct-2025 00:03:01 America/Montevideo] ✅ Partida guardada exitosamente en BD
[16-Oct-2025 00:03:04 America/Montevideo] === DEBUG GUARDAR ESTADO PARTIDA ===
[16-Oct-2025 00:03:04 America/Montevideo] Método HTTP: POST
[16-Oct-2025 00:03:04 America/Montevideo] Content-Type: application/json
[16-Oct-2025 00:03:04 America/Montevideo] === Validando estado de usuario ID: 4 ===
[16-Oct-2025 00:03:04 America/Montevideo] === UserRepository::findById(4) ===
[16-Oct-2025 00:03:04 America/Montevideo] Usuario ID 4 encontrado: martin (estado: activo)
[16-Oct-2025 00:03:04 America/Montevideo] Usuario 4 está activo
[16-Oct-2025 00:03:04 America/Montevideo] ✅ Usuario autenticado: ID=4, Username=martin
[16-Oct-2025 00:03:04 America/Montevideo] Raw input recibido (length=476): {"id":146,"partidaId":146,"ronda":1,"turno":3,"jugadorActivo":2,"jugadorQueTiroDado":2,"restriccion":1,"colocadosEnTurno":0,"mano1":["dino5","dino1","trex","dino5"],"mano2":["dino5","dino4","dino3","dino3"],"colocaciones":[{"recinto":"rey-selva","jugador":1,"especie":"trex"},{"recinto":"prado-diferencia","jugador":2,"especie":"dino1"},{"recinto":"prado-diferencia","jugador":1,"especie":"dino3"},{"recinto":"prado-diferencia","jugador":2,"especie":"dino4"}],"jugador2":"kl"}
[16-Oct-2025 00:03:04 America/Montevideo] ✅ JSON decodificado correctamente
[16-Oct-2025 00:03:04 America/Montevideo] Datos principales: {"id":146,"partidaId":146,"ronda":1,"colocaciones_count":4}
[16-Oct-2025 00:03:04 America/Montevideo] ✅ ID de partida válido: 146
[16-Oct-2025 00:03:04 America/Montevideo] ✅ Acceso validado correctamente
[16-Oct-2025 00:03:04 America/Montevideo] ✅ Validaciones pasadas: ronda=1, turno=3, jugadorActivo=2
[16-Oct-2025 00:03:04 America/Montevideo] Estado formateado para BD: {"recintos_count":2,"ronda_actual":1,"jugador_activo":2}
[16-Oct-2025 00:03:04 America/Montevideo] ✅ Partida guardada exitosamente en BD
[16-Oct-2025 00:03:08 America/Montevideo] === INICIO validarColocacionDino ===
[16-Oct-2025 00:03:08 America/Montevideo] Método: POST
[16-Oct-2025 00:03:08 America/Montevideo] Content-Type: application/json
[16-Oct-2025 00:03:08 America/Montevideo] === Validando estado de usuario ID: 4 ===
[16-Oct-2025 00:03:08 America/Montevideo] === UserRepository::findById(4) ===
[16-Oct-2025 00:03:08 America/Montevideo] Usuario ID 4 encontrado: martin (estado: activo)
[16-Oct-2025 00:03:08 America/Montevideo] Usuario 4 está activo
[16-Oct-2025 00:03:08 America/Montevideo] ✅ Usuario autenticado: 4
[16-Oct-2025 00:03:08 America/Montevideo] Datos recibidos para validación: {"partidaId":146,"restriccion":1,"recintoId":"bosque-semejanza","especie":"dino3"}
[16-Oct-2025 00:03:08 America/Montevideo] ✅ COLOCACIÓN VÁLIDA: Dado tirado (restricción=1), recinto=bosque-semejanza, especie=dino3
[16-Oct-2025 00:03:08 America/Montevideo] === FIN validarColocacionDino ===
[16-Oct-2025 00:03:08 America/Montevideo] === DEBUG GUARDAR ESTADO PARTIDA ===
[16-Oct-2025 00:03:08 America/Montevideo] Método HTTP: POST
[16-Oct-2025 00:03:08 America/Montevideo] Content-Type: application/json
[16-Oct-2025 00:03:08 America/Montevideo] === Validando estado de usuario ID: 4 ===
[16-Oct-2025 00:03:08 America/Montevideo] === UserRepository::findById(4) ===
[16-Oct-2025 00:03:08 America/Montevideo] Usuario ID 4 encontrado: martin (estado: activo)
[16-Oct-2025 00:03:08 America/Montevideo] Usuario 4 está activo
[16-Oct-2025 00:03:08 America/Montevideo] ✅ Usuario autenticado: ID=4, Username=martin
[16-Oct-2025 00:03:08 America/Montevideo] Raw input recibido (length=529): {"id":146,"partidaId":146,"ronda":1,"turno":3,"jugadorActivo":2,"jugadorQueTiroDado":2,"restriccion":1,"colocadosEnTurno":1,"mano1":["dino5","dino1","trex","dino5"],"mano2":["dino5","dino4","dino3"],"colocaciones":[{"recinto":"bosque-semejanza","jugador":2,"especie":"dino3"},{"recinto":"rey-selva","jugador":1,"especie":"trex"},{"recinto":"prado-diferencia","jugador":2,"especie":"dino1"},{"recinto":"prado-diferencia","jugador":1,"especie":"dino3"},{"recinto":"prado-diferencia","jugador":2,"especi
[16-Oct-2025 00:03:08 America/Montevideo] ✅ JSON decodificado correctamente
[16-Oct-2025 00:03:08 America/Montevideo] Datos principales: {"id":146,"partidaId":146,"ronda":1,"colocaciones_count":5}
[16-Oct-2025 00:03:08 America/Montevideo] ✅ ID de partida válido: 146
[16-Oct-2025 00:03:08 America/Montevideo] ✅ Acceso validado correctamente
[16-Oct-2025 00:03:08 America/Montevideo] ✅ Validaciones pasadas: ronda=1, turno=3, jugadorActivo=2
[16-Oct-2025 00:03:08 America/Montevideo] Estado formateado para BD: {"recintos_count":3,"ronda_actual":1,"jugador_activo":2}
[16-Oct-2025 00:03:08 America/Montevideo] ✅ Partida guardada exitosamente en BD
[16-Oct-2025 00:03:12 America/Montevideo] === INICIO validarColocacionDino ===
[16-Oct-2025 00:03:12 America/Montevideo] Método: POST
[16-Oct-2025 00:03:12 America/Montevideo] Content-Type: application/json
[16-Oct-2025 00:03:12 America/Montevideo] === Validando estado de usuario ID: 4 ===
[16-Oct-2025 00:03:12 America/Montevideo] === UserRepository::findById(4) ===
[16-Oct-2025 00:03:12 America/Montevideo] Usuario ID 4 encontrado: martin (estado: activo)
[16-Oct-2025 00:03:12 America/Montevideo] Usuario 4 está activo
[16-Oct-2025 00:03:12 America/Montevideo] ✅ Usuario autenticado: 4
[16-Oct-2025 00:03:12 America/Montevideo] Datos recibidos para validación: {"partidaId":146,"restriccion":1,"recintoId":"trio-frondoso","especie":"dino5"}
[16-Oct-2025 00:03:12 America/Montevideo] ✅ COLOCACIÓN VÁLIDA: Dado tirado (restricción=1), recinto=trio-frondoso, especie=dino5
[16-Oct-2025 00:03:12 America/Montevideo] === FIN validarColocacionDino ===
[16-Oct-2025 00:03:12 America/Montevideo] === DEBUG GUARDAR ESTADO PARTIDA ===
[16-Oct-2025 00:03:12 America/Montevideo] Método HTTP: POST
[16-Oct-2025 00:03:12 America/Montevideo] Content-Type: application/json
[16-Oct-2025 00:03:12 America/Montevideo] === Validando estado de usuario ID: 4 ===
[16-Oct-2025 00:03:12 America/Montevideo] === UserRepository::findById(4) ===
[16-Oct-2025 00:03:12 America/Montevideo] Usuario ID 4 encontrado: martin (estado: activo)
[16-Oct-2025 00:03:12 America/Montevideo] Usuario 4 está activo
[16-Oct-2025 00:03:12 America/Montevideo] ✅ Usuario autenticado: ID=4, Username=martin
[16-Oct-2025 00:03:12 America/Montevideo] Raw input recibido (length=579): {"id":146,"partidaId":146,"ronda":1,"turno":3,"jugadorActivo":1,"jugadorQueTiroDado":2,"restriccion":1,"colocadosEnTurno":2,"mano1":["dino1","trex","dino5"],"mano2":["dino5","dino4","dino3"],"colocaciones":[{"recinto":"bosque-semejanza","jugador":2,"especie":"dino3"},{"recinto":"trio-frondoso","jugador":1,"especie":"dino5"},{"recinto":"rey-selva","jugador":1,"especie":"trex"},{"recinto":"prado-diferencia","jugador":2,"especie":"dino1"},{"recinto":"prado-diferencia","jugador":1,"especie":"dino3"}
[16-Oct-2025 00:03:12 America/Montevideo] ✅ JSON decodificado correctamente
[16-Oct-2025 00:03:12 America/Montevideo] Datos principales: {"id":146,"partidaId":146,"ronda":1,"colocaciones_count":6}
[16-Oct-2025 00:03:12 America/Montevideo] ✅ ID de partida válido: 146
[16-Oct-2025 00:03:12 America/Montevideo] ✅ Acceso validado correctamente
[16-Oct-2025 00:03:12 America/Montevideo] ✅ Validaciones pasadas: ronda=1, turno=3, jugadorActivo=1
[16-Oct-2025 00:03:12 America/Montevideo] Estado formateado para BD: {"recintos_count":4,"ronda_actual":1,"jugador_activo":1}
[16-Oct-2025 00:03:12 America/Montevideo] ✅ Partida guardada exitosamente en BD
[16-Oct-2025 00:03:12 America/Montevideo] === DEBUG GUARDAR ESTADO PARTIDA ===
[16-Oct-2025 00:03:12 America/Montevideo] Método HTTP: POST
[16-Oct-2025 00:03:12 America/Montevideo] Content-Type: application/json
[16-Oct-2025 00:03:12 America/Montevideo] === Validando estado de usuario ID: 4 ===
[16-Oct-2025 00:03:12 America/Montevideo] === UserRepository::findById(4) ===
[16-Oct-2025 00:03:12 America/Montevideo] Usuario ID 4 encontrado: martin (estado: activo)
[16-Oct-2025 00:03:12 America/Montevideo] Usuario 4 está activo
[16-Oct-2025 00:03:12 America/Montevideo] ✅ Usuario autenticado: ID=4, Username=martin
[16-Oct-2025 00:03:12 America/Montevideo] Raw input recibido (length=629): {"id":146,"partidaId":146,"ronda":2,"turno":1,"jugadorActivo":1,"jugadorQueTiroDado":1,"restriccion":null,"colocadosEnTurno":0,"mano1":["dino2","trex","dino3","dino3","trex","dino1"],"mano2":["dino3","dino1","dino2","dino1","dino4","dino3"],"colocaciones":[{"recinto":"bosque-semejanza","jugador":2,"especie":"dino3"},{"recinto":"trio-frondoso","jugador":1,"especie":"dino5"},{"recinto":"rey-selva","jugador":1,"especie":"trex"},{"recinto":"prado-diferencia","jugador":2,"especie":"dino1"},{"recinto"
[16-Oct-2025 00:03:12 America/Montevideo] ✅ JSON decodificado correctamente
[16-Oct-2025 00:03:12 America/Montevideo] Datos principales: {"id":146,"partidaId":146,"ronda":2,"colocaciones_count":6}
[16-Oct-2025 00:03:12 America/Montevideo] ✅ ID de partida válido: 146
[16-Oct-2025 00:03:12 America/Montevideo] ✅ Acceso validado correctamente
[16-Oct-2025 00:03:12 America/Montevideo] ✅ Validaciones pasadas: ronda=2, turno=1, jugadorActivo=1
[16-Oct-2025 00:03:12 America/Montevideo] Estado formateado para BD: {"recintos_count":4,"ronda_actual":2,"jugador_activo":1}
[16-Oct-2025 00:03:12 America/Montevideo] ✅ Partida guardada exitosamente en BD
[16-Oct-2025 00:03:13 America/Montevideo] === DEBUG GUARDAR ESTADO PARTIDA ===
[16-Oct-2025 00:03:13 America/Montevideo] Método HTTP: POST
[16-Oct-2025 00:03:13 America/Montevideo] Content-Type: application/json
[16-Oct-2025 00:03:13 America/Montevideo] === Validando estado de usuario ID: 4 ===
[16-Oct-2025 00:03:13 America/Montevideo] === UserRepository::findById(4) ===
[16-Oct-2025 00:03:13 America/Montevideo] Usuario ID 4 encontrado: martin (estado: activo)
[16-Oct-2025 00:03:13 America/Montevideo] Usuario 4 está activo
[16-Oct-2025 00:03:13 America/Montevideo] ✅ Usuario autenticado: ID=4, Username=martin
[16-Oct-2025 00:03:13 America/Montevideo] Raw input recibido (length=626): {"id":146,"partidaId":146,"ronda":2,"turno":1,"jugadorActivo":1,"jugadorQueTiroDado":1,"restriccion":6,"colocadosEnTurno":0,"mano1":["dino2","trex","dino3","dino3","trex","dino1"],"mano2":["dino3","dino1","dino2","dino1","dino4","dino3"],"colocaciones":[{"recinto":"bosque-semejanza","jugador":2,"especie":"dino3"},{"recinto":"trio-frondoso","jugador":1,"especie":"dino5"},{"recinto":"rey-selva","jugador":1,"especie":"trex"},{"recinto":"prado-diferencia","jugador":2,"especie":"dino1"},{"recinto":"p
[16-Oct-2025 00:03:13 America/Montevideo] ✅ JSON decodificado correctamente
[16-Oct-2025 00:03:13 America/Montevideo] Datos principales: {"id":146,"partidaId":146,"ronda":2,"colocaciones_count":6}
[16-Oct-2025 00:03:13 America/Montevideo] ✅ ID de partida válido: 146
[16-Oct-2025 00:03:13 America/Montevideo] ✅ Acceso validado correctamente
[16-Oct-2025 00:03:13 America/Montevideo] ✅ Validaciones pasadas: ronda=2, turno=1, jugadorActivo=1
[16-Oct-2025 00:03:13 America/Montevideo] Estado formateado para BD: {"recintos_count":4,"ronda_actual":2,"jugador_activo":1}
[16-Oct-2025 00:03:13 America/Montevideo] ✅ Partida guardada exitosamente en BD
[16-Oct-2025 00:03:18 America/Montevideo] === DEBUG GUARDAR ESTADO PARTIDA ===
[16-Oct-2025 00:03:18 America/Montevideo] Método HTTP: POST
[16-Oct-2025 00:03:18 America/Montevideo] Content-Type: application/json
[16-Oct-2025 00:03:18 America/Montevideo] === Validando estado de usuario ID: 4 ===
[16-Oct-2025 00:03:18 America/Montevideo] === UserRepository::findById(4) ===
[16-Oct-2025 00:03:18 America/Montevideo] Usuario ID 4 encontrado: martin (estado: activo)
[16-Oct-2025 00:03:18 America/Montevideo] Usuario 4 está activo
[16-Oct-2025 00:03:18 America/Montevideo] ✅ Usuario autenticado: ID=4, Username=martin
[16-Oct-2025 00:03:18 America/Montevideo] Raw input recibido (length=626): {"id":146,"partidaId":146,"ronda":2,"turno":1,"jugadorActivo":1,"jugadorQueTiroDado":1,"restriccion":6,"colocadosEnTurno":0,"mano1":["dino2","trex","dino3","dino3","trex","dino1"],"mano2":["dino3","dino1","dino2","dino1","dino4","dino3"],"colocaciones":[{"recinto":"bosque-semejanza","jugador":2,"especie":"dino3"},{"recinto":"trio-frondoso","jugador":1,"especie":"dino5"},{"recinto":"rey-selva","jugador":1,"especie":"trex"},{"recinto":"prado-diferencia","jugador":2,"especie":"dino1"},{"recinto":"p
[16-Oct-2025 00:03:18 America/Montevideo] ✅ JSON decodificado correctamente
[16-Oct-2025 00:03:18 America/Montevideo] Datos principales: {"id":146,"partidaId":146,"ronda":2,"colocaciones_count":6}
[16-Oct-2025 00:03:18 America/Montevideo] ✅ ID de partida válido: 146
[16-Oct-2025 00:03:18 America/Montevideo] ✅ Acceso validado correctamente
[16-Oct-2025 00:03:18 America/Montevideo] ✅ Validaciones pasadas: ronda=2, turno=1, jugadorActivo=1
[16-Oct-2025 00:03:18 America/Montevideo] Estado formateado para BD: {"recintos_count":4,"ronda_actual":2,"jugador_activo":1}
[16-Oct-2025 00:03:18 America/Montevideo] ✅ Partida guardada exitosamente en BD
[16-Oct-2025 00:03:22 America/Montevideo] === DEBUG GUARDAR ESTADO PARTIDA ===
[16-Oct-2025 00:03:22 America/Montevideo] Método HTTP: POST
[16-Oct-2025 00:03:22 America/Montevideo] Content-Type: application/json
[16-Oct-2025 00:03:22 America/Montevideo] === Validando estado de usuario ID: 4 ===
[16-Oct-2025 00:03:22 America/Montevideo] === UserRepository::findById(4) ===
[16-Oct-2025 00:03:22 America/Montevideo] Usuario ID 4 encontrado: martin (estado: activo)
[16-Oct-2025 00:03:22 America/Montevideo] Usuario 4 está activo
[16-Oct-2025 00:03:22 America/Montevideo] ✅ Usuario autenticado: ID=4, Username=martin
[16-Oct-2025 00:03:22 America/Montevideo] Raw input recibido (length=626): {"id":146,"partidaId":146,"ronda":2,"turno":1,"jugadorActivo":1,"jugadorQueTiroDado":1,"restriccion":6,"colocadosEnTurno":0,"mano1":["dino2","trex","dino3","dino3","trex","dino1"],"mano2":["dino3","dino1","dino2","dino1","dino4","dino3"],"colocaciones":[{"recinto":"bosque-semejanza","jugador":2,"especie":"dino3"},{"recinto":"trio-frondoso","jugador":1,"especie":"dino5"},{"recinto":"rey-selva","jugador":1,"especie":"trex"},{"recinto":"prado-diferencia","jugador":2,"especie":"dino1"},{"recinto":"p
[16-Oct-2025 00:03:22 America/Montevideo] ✅ JSON decodificado correctamente
[16-Oct-2025 00:03:22 America/Montevideo] Datos principales: {"id":146,"partidaId":146,"ronda":2,"colocaciones_count":6}
[16-Oct-2025 00:03:22 America/Montevideo] ✅ ID de partida válido: 146
[16-Oct-2025 00:03:22 America/Montevideo] ✅ Acceso validado correctamente
[16-Oct-2025 00:03:22 America/Montevideo] ✅ Validaciones pasadas: ronda=2, turno=1, jugadorActivo=1
[16-Oct-2025 00:03:22 America/Montevideo] Estado formateado para BD: {"recintos_count":4,"ronda_actual":2,"jugador_activo":1}
[16-Oct-2025 00:03:22 America/Montevideo] ✅ Partida guardada exitosamente en BD
[16-Oct-2025 00:03:44 America/Montevideo] === DEBUG GUARDAR ESTADO PARTIDA ===
[16-Oct-2025 00:03:44 America/Montevideo] Método HTTP: POST
[16-Oct-2025 00:03:44 America/Montevideo] Content-Type: application/json
[16-Oct-2025 00:03:44 America/Montevideo] === Validando estado de usuario ID: 4 ===
[16-Oct-2025 00:03:44 America/Montevideo] === UserRepository::findById(4) ===
[16-Oct-2025 00:03:44 America/Montevideo] Usuario ID 4 encontrado: martin (estado: activo)
[16-Oct-2025 00:03:44 America/Montevideo] Usuario 4 está activo
[16-Oct-2025 00:03:44 America/Montevideo] ✅ Usuario autenticado: ID=4, Username=martin
[16-Oct-2025 00:03:44 America/Montevideo] Raw input recibido (length=626): {"id":146,"partidaId":146,"ronda":2,"turno":1,"jugadorActivo":1,"jugadorQueTiroDado":1,"restriccion":6,"colocadosEnTurno":0,"mano1":["dino2","trex","dino3","dino3","trex","dino1"],"mano2":["dino3","dino1","dino2","dino1","dino4","dino3"],"colocaciones":[{"recinto":"bosque-semejanza","jugador":2,"especie":"dino3"},{"recinto":"trio-frondoso","jugador":1,"especie":"dino5"},{"recinto":"rey-selva","jugador":1,"especie":"trex"},{"recinto":"prado-diferencia","jugador":2,"especie":"dino1"},{"recinto":"p
[16-Oct-2025 00:03:44 America/Montevideo] ✅ JSON decodificado correctamente
[16-Oct-2025 00:03:44 America/Montevideo] Datos principales: {"id":146,"partidaId":146,"ronda":2,"colocaciones_count":6}
[16-Oct-2025 00:03:44 America/Montevideo] ✅ ID de partida válido: 146
[16-Oct-2025 00:03:44 America/Montevideo] ✅ Acceso validado correctamente
[16-Oct-2025 00:03:44 America/Montevideo] ✅ Validaciones pasadas: ronda=2, turno=1, jugadorActivo=1
[16-Oct-2025 00:03:44 America/Montevideo] Estado formateado para BD: {"recintos_count":4,"ronda_actual":2,"jugador_activo":1}
[16-Oct-2025 00:03:44 America/Montevideo] ✅ Partida guardada exitosamente en BD
[16-Oct-2025 00:03:45 America/Montevideo] === DEBUG GUARDAR ESTADO PARTIDA ===
[16-Oct-2025 00:03:45 America/Montevideo] Método HTTP: POST
[16-Oct-2025 00:03:45 America/Montevideo] Content-Type: application/json
[16-Oct-2025 00:03:45 America/Montevideo] === Validando estado de usuario ID: 4 ===
[16-Oct-2025 00:03:45 America/Montevideo] === UserRepository::findById(4) ===
[16-Oct-2025 00:03:45 America/Montevideo] Usuario ID 4 encontrado: martin (estado: activo)
[16-Oct-2025 00:03:45 America/Montevideo] Usuario 4 está activo
[16-Oct-2025 00:03:45 America/Montevideo] ✅ Usuario autenticado: ID=4, Username=martin
[16-Oct-2025 00:03:45 America/Montevideo] Raw input recibido (length=626): {"id":146,"partidaId":146,"ronda":2,"turno":1,"jugadorActivo":1,"jugadorQueTiroDado":1,"restriccion":6,"colocadosEnTurno":0,"mano1":["dino2","trex","dino3","dino3","trex","dino1"],"mano2":["dino3","dino1","dino2","dino1","dino4","dino3"],"colocaciones":[{"recinto":"bosque-semejanza","jugador":2,"especie":"dino3"},{"recinto":"trio-frondoso","jugador":1,"especie":"dino5"},{"recinto":"rey-selva","jugador":1,"especie":"trex"},{"recinto":"prado-diferencia","jugador":2,"especie":"dino1"},{"recinto":"p
[16-Oct-2025 00:03:45 America/Montevideo] ✅ JSON decodificado correctamente
[16-Oct-2025 00:03:45 America/Montevideo] Datos principales: {"id":146,"partidaId":146,"ronda":2,"colocaciones_count":6}
[16-Oct-2025 00:03:45 America/Montevideo] ✅ ID de partida válido: 146
[16-Oct-2025 00:03:45 America/Montevideo] ✅ Acceso validado correctamente
[16-Oct-2025 00:03:45 America/Montevideo] ✅ Validaciones pasadas: ronda=2, turno=1, jugadorActivo=1
[16-Oct-2025 00:03:45 America/Montevideo] Estado formateado para BD: {"recintos_count":4,"ronda_actual":2,"jugador_activo":1}
[16-Oct-2025 00:03:45 America/Montevideo] ✅ Partida guardada exitosamente en BD
[16-Oct-2025 00:03:52 America/Montevideo] === DEBUG GUARDAR ESTADO PARTIDA ===
[16-Oct-2025 00:03:52 America/Montevideo] Método HTTP: POST
[16-Oct-2025 00:03:52 America/Montevideo] Content-Type: application/json
[16-Oct-2025 00:03:52 America/Montevideo] === Validando estado de usuario ID: 4 ===
[16-Oct-2025 00:03:52 America/Montevideo] === UserRepository::findById(4) ===
[16-Oct-2025 00:03:52 America/Montevideo] Usuario ID 4 encontrado: martin (estado: activo)
[16-Oct-2025 00:03:52 America/Montevideo] Usuario 4 está activo
[16-Oct-2025 00:03:52 America/Montevideo] ✅ Usuario autenticado: ID=4, Username=martin
[16-Oct-2025 00:03:52 America/Montevideo] Raw input recibido (length=626): {"id":146,"partidaId":146,"ronda":2,"turno":1,"jugadorActivo":1,"jugadorQueTiroDado":1,"restriccion":6,"colocadosEnTurno":0,"mano1":["dino2","trex","dino3","dino3","trex","dino1"],"mano2":["dino3","dino1","dino2","dino1","dino4","dino3"],"colocaciones":[{"recinto":"bosque-semejanza","jugador":2,"especie":"dino3"},{"recinto":"trio-frondoso","jugador":1,"especie":"dino5"},{"recinto":"rey-selva","jugador":1,"especie":"trex"},{"recinto":"prado-diferencia","jugador":2,"especie":"dino1"},{"recinto":"p
[16-Oct-2025 00:03:52 America/Montevideo] ✅ JSON decodificado correctamente
[16-Oct-2025 00:03:52 America/Montevideo] Datos principales: {"id":146,"partidaId":146,"ronda":2,"colocaciones_count":6}
[16-Oct-2025 00:03:52 America/Montevideo] ✅ ID de partida válido: 146
[16-Oct-2025 00:03:52 America/Montevideo] ✅ Acceso validado correctamente
[16-Oct-2025 00:03:52 America/Montevideo] ✅ Validaciones pasadas: ronda=2, turno=1, jugadorActivo=1
[16-Oct-2025 00:03:52 America/Montevideo] Estado formateado para BD: {"recintos_count":4,"ronda_actual":2,"jugador_activo":1}
[16-Oct-2025 00:03:52 America/Montevideo] ✅ Partida guardada exitosamente en BD
[16-Oct-2025 00:04:22 America/Montevideo] === DEBUG GUARDAR ESTADO PARTIDA ===
[16-Oct-2025 00:04:22 America/Montevideo] Método HTTP: POST
[16-Oct-2025 00:04:22 America/Montevideo] Content-Type: application/json
[16-Oct-2025 00:04:22 America/Montevideo] === Validando estado de usuario ID: 4 ===
[16-Oct-2025 00:04:22 America/Montevideo] === UserRepository::findById(4) ===
[16-Oct-2025 00:04:22 America/Montevideo] Usuario ID 4 encontrado: martin (estado: activo)
[16-Oct-2025 00:04:22 America/Montevideo] Usuario 4 está activo
[16-Oct-2025 00:04:22 America/Montevideo] ✅ Usuario autenticado: ID=4, Username=martin
[16-Oct-2025 00:04:22 America/Montevideo] Raw input recibido (length=626): {"id":146,"partidaId":146,"ronda":2,"turno":1,"jugadorActivo":1,"jugadorQueTiroDado":1,"restriccion":6,"colocadosEnTurno":0,"mano1":["dino2","trex","dino3","dino3","trex","dino1"],"mano2":["dino3","dino1","dino2","dino1","dino4","dino3"],"colocaciones":[{"recinto":"bosque-semejanza","jugador":2,"especie":"dino3"},{"recinto":"trio-frondoso","jugador":1,"especie":"dino5"},{"recinto":"rey-selva","jugador":1,"especie":"trex"},{"recinto":"prado-diferencia","jugador":2,"especie":"dino1"},{"recinto":"p
[16-Oct-2025 00:04:22 America/Montevideo] ✅ JSON decodificado correctamente
[16-Oct-2025 00:04:22 America/Montevideo] Datos principales: {"id":146,"partidaId":146,"ronda":2,"colocaciones_count":6}
[16-Oct-2025 00:04:22 America/Montevideo] ✅ ID de partida válido: 146
[16-Oct-2025 00:04:22 America/Montevideo] ✅ Acceso validado correctamente
[16-Oct-2025 00:04:22 America/Montevideo] ✅ Validaciones pasadas: ronda=2, turno=1, jugadorActivo=1
[16-Oct-2025 00:04:22 America/Montevideo] Estado formateado para BD: {"recintos_count":4,"ronda_actual":2,"jugador_activo":1}
[16-Oct-2025 00:04:22 America/Montevideo] ✅ Partida guardada exitosamente en BD
[16-Oct-2025 00:04:52 America/Montevideo] === DEBUG GUARDAR ESTADO PARTIDA ===
[16-Oct-2025 00:04:52 America/Montevideo] Método HTTP: POST
[16-Oct-2025 00:04:52 America/Montevideo] Content-Type: application/json
[16-Oct-2025 00:04:52 America/Montevideo] === Validando estado de usuario ID: 4 ===
[16-Oct-2025 00:04:52 America/Montevideo] === UserRepository::findById(4) ===
[16-Oct-2025 00:04:52 America/Montevideo] Usuario ID 4 encontrado: martin (estado: activo)
[16-Oct-2025 00:04:52 America/Montevideo] Usuario 4 está activo
[16-Oct-2025 00:04:52 America/Montevideo] ✅ Usuario autenticado: ID=4, Username=martin
[16-Oct-2025 00:04:52 America/Montevideo] Raw input recibido (length=626): {"id":146,"partidaId":146,"ronda":2,"turno":1,"jugadorActivo":1,"jugadorQueTiroDado":1,"restriccion":6,"colocadosEnTurno":0,"mano1":["dino2","trex","dino3","dino3","trex","dino1"],"mano2":["dino3","dino1","dino2","dino1","dino4","dino3"],"colocaciones":[{"recinto":"bosque-semejanza","jugador":2,"especie":"dino3"},{"recinto":"trio-frondoso","jugador":1,"especie":"dino5"},{"recinto":"rey-selva","jugador":1,"especie":"trex"},{"recinto":"prado-diferencia","jugador":2,"especie":"dino1"},{"recinto":"p
[16-Oct-2025 00:04:52 America/Montevideo] ✅ JSON decodificado correctamente
[16-Oct-2025 00:04:52 America/Montevideo] Datos principales: {"id":146,"partidaId":146,"ronda":2,"colocaciones_count":6}
[16-Oct-2025 00:04:52 America/Montevideo] ✅ ID de partida válido: 146
[16-Oct-2025 00:04:52 America/Montevideo] ✅ Acceso validado correctamente
[16-Oct-2025 00:04:52 America/Montevideo] ✅ Validaciones pasadas: ronda=2, turno=1, jugadorActivo=1
[16-Oct-2025 00:04:52 America/Montevideo] Estado formateado para BD: {"recintos_count":4,"ronda_actual":2,"jugador_activo":1}
[16-Oct-2025 00:04:52 America/Montevideo] ✅ Partida guardada exitosamente en BD
[16-Oct-2025 00:05:22 America/Montevideo] === DEBUG GUARDAR ESTADO PARTIDA ===
[16-Oct-2025 00:05:22 America/Montevideo] Método HTTP: POST
[16-Oct-2025 00:05:22 America/Montevideo] Content-Type: application/json
[16-Oct-2025 00:05:22 America/Montevideo] === Validando estado de usuario ID: 4 ===
[16-Oct-2025 00:05:22 America/Montevideo] === UserRepository::findById(4) ===
[16-Oct-2025 00:05:22 America/Montevideo] Usuario ID 4 encontrado: martin (estado: activo)
[16-Oct-2025 00:05:22 America/Montevideo] Usuario 4 está activo
[16-Oct-2025 00:05:22 America/Montevideo] ✅ Usuario autenticado: ID=4, Username=martin
[16-Oct-2025 00:05:22 America/Montevideo] Raw input recibido (length=626): {"id":146,"partidaId":146,"ronda":2,"turno":1,"jugadorActivo":1,"jugadorQueTiroDado":1,"restriccion":6,"colocadosEnTurno":0,"mano1":["dino2","trex","dino3","dino3","trex","dino1"],"mano2":["dino3","dino1","dino2","dino1","dino4","dino3"],"colocaciones":[{"recinto":"bosque-semejanza","jugador":2,"especie":"dino3"},{"recinto":"trio-frondoso","jugador":1,"especie":"dino5"},{"recinto":"rey-selva","jugador":1,"especie":"trex"},{"recinto":"prado-diferencia","jugador":2,"especie":"dino1"},{"recinto":"p
[16-Oct-2025 00:05:22 America/Montevideo] ✅ JSON decodificado correctamente
[16-Oct-2025 00:05:22 America/Montevideo] Datos principales: {"id":146,"partidaId":146,"ronda":2,"colocaciones_count":6}
[16-Oct-2025 00:05:22 America/Montevideo] ✅ ID de partida válido: 146
[16-Oct-2025 00:05:22 America/Montevideo] ✅ Acceso validado correctamente
[16-Oct-2025 00:05:22 America/Montevideo] ✅ Validaciones pasadas: ronda=2, turno=1, jugadorActivo=1
[16-Oct-2025 00:05:22 America/Montevideo] Estado formateado para BD: {"recintos_count":4,"ronda_actual":2,"jugador_activo":1}
[16-Oct-2025 00:05:22 America/Montevideo] ✅ Partida guardada exitosamente en BD
[16-Oct-2025 00:05:52 America/Montevideo] === DEBUG GUARDAR ESTADO PARTIDA ===
[16-Oct-2025 00:05:52 America/Montevideo] Método HTTP: POST
[16-Oct-2025 00:05:52 America/Montevideo] Content-Type: application/json
[16-Oct-2025 00:05:52 America/Montevideo] === Validando estado de usuario ID: 4 ===
[16-Oct-2025 00:05:52 America/Montevideo] === UserRepository::findById(4) ===
[16-Oct-2025 00:05:52 America/Montevideo] Usuario ID 4 encontrado: martin (estado: activo)
[16-Oct-2025 00:05:52 America/Montevideo] Usuario 4 está activo
[16-Oct-2025 00:05:52 America/Montevideo] ✅ Usuario autenticado: ID=4, Username=martin
[16-Oct-2025 00:05:52 America/Montevideo] Raw input recibido (length=626): {"id":146,"partidaId":146,"ronda":2,"turno":1,"jugadorActivo":1,"jugadorQueTiroDado":1,"restriccion":6,"colocadosEnTurno":0,"mano1":["dino2","trex","dino3","dino3","trex","dino1"],"mano2":["dino3","dino1","dino2","dino1","dino4","dino3"],"colocaciones":[{"recinto":"bosque-semejanza","jugador":2,"especie":"dino3"},{"recinto":"trio-frondoso","jugador":1,"especie":"dino5"},{"recinto":"rey-selva","jugador":1,"especie":"trex"},{"recinto":"prado-diferencia","jugador":2,"especie":"dino1"},{"recinto":"p
[16-Oct-2025 00:05:52 America/Montevideo] ✅ JSON decodificado correctamente
[16-Oct-2025 00:05:52 America/Montevideo] Datos principales: {"id":146,"partidaId":146,"ronda":2,"colocaciones_count":6}
[16-Oct-2025 00:05:52 America/Montevideo] ✅ ID de partida válido: 146
[16-Oct-2025 00:05:52 America/Montevideo] ✅ Acceso validado correctamente
[16-Oct-2025 00:05:52 America/Montevideo] ✅ Validaciones pasadas: ronda=2, turno=1, jugadorActivo=1
[16-Oct-2025 00:05:52 America/Montevideo] Estado formateado para BD: {"recintos_count":4,"ronda_actual":2,"jugador_activo":1}
[16-Oct-2025 00:05:52 America/Montevideo] ✅ Partida guardada exitosamente en BD
[16-Oct-2025 00:06:06 America/Montevideo] === Validando estado de usuario ID: 4 ===
[16-Oct-2025 00:06:06 America/Montevideo] === UserRepository::findById(4) ===
[16-Oct-2025 00:06:06 America/Montevideo] Usuario ID 4 encontrado: martin (estado: activo)
[16-Oct-2025 00:06:06 America/Montevideo] Usuario 4 está activo
[16-Oct-2025 00:06:06 America/Montevideo] ⚠️ ADVERTENCIA: Petición sin cuerpo recibida
[16-Oct-2025 00:06:06 America/Montevideo] === Validando estado de usuario ID: 4 ===
[16-Oct-2025 00:06:06 America/Montevideo] === UserRepository::findById(4) ===
[16-Oct-2025 00:06:06 America/Montevideo] Usuario ID 4 encontrado: martin (estado: activo)
[16-Oct-2025 00:06:06 America/Montevideo] Usuario 4 está activo
[16-Oct-2025 00:06:08 America/Montevideo] === DEBUG GUARDAR ESTADO PARTIDA ===
[16-Oct-2025 00:06:08 America/Montevideo] Método HTTP: POST
[16-Oct-2025 00:06:08 America/Montevideo] Content-Type: application/json
[16-Oct-2025 00:06:08 America/Montevideo] === Validando estado de usuario ID: 4 ===
[16-Oct-2025 00:06:08 America/Montevideo] === UserRepository::findById(4) ===
[16-Oct-2025 00:06:08 America/Montevideo] Usuario ID 4 encontrado: martin (estado: activo)
[16-Oct-2025 00:06:08 America/Montevideo] Usuario 4 está activo
[16-Oct-2025 00:06:08 America/Montevideo] ✅ Usuario autenticado: ID=4, Username=martin
[16-Oct-2025 00:06:08 America/Montevideo] Raw input recibido (length=626): {"id":146,"partidaId":146,"ronda":2,"turno":1,"jugadorActivo":1,"jugadorQueTiroDado":1,"restriccion":6,"colocadosEnTurno":0,"mano1":["dino2","trex","dino3","dino3","trex","dino1"],"mano2":["dino3","dino1","dino2","dino1","dino4","dino3"],"colocaciones":[{"recinto":"bosque-semejanza","jugador":2,"especie":"dino3"},{"recinto":"trio-frondoso","jugador":1,"especie":"dino5"},{"recinto":"rey-selva","jugador":1,"especie":"trex"},{"recinto":"prado-diferencia","jugador":2,"especie":"dino1"},{"recinto":"p
[16-Oct-2025 00:06:08 America/Montevideo] ✅ JSON decodificado correctamente
[16-Oct-2025 00:06:08 America/Montevideo] Datos principales: {"id":146,"partidaId":146,"ronda":2,"colocaciones_count":6}
[16-Oct-2025 00:06:08 America/Montevideo] ✅ ID de partida válido: 146
[16-Oct-2025 00:06:08 America/Montevideo] ✅ Acceso validado correctamente
[16-Oct-2025 00:06:08 America/Montevideo] ✅ Validaciones pasadas: ronda=2, turno=1, jugadorActivo=1
[16-Oct-2025 00:06:08 America/Montevideo] Estado formateado para BD: {"recintos_count":4,"ronda_actual":2,"jugador_activo":1}
[16-Oct-2025 00:06:08 America/Montevideo] ✅ Partida guardada exitosamente en BD
[16-Oct-2025 07:47:01 America/Montevideo] Login intentado: martin@martin.com / martin123
[16-Oct-2025 07:47:01 America/Montevideo] === INICIO AuthService::login ===
[16-Oct-2025 07:47:01 America/Montevideo] Intentando login para: martin@martin.com
[16-Oct-2025 07:47:01 America/Montevideo] === INICIO verifyCredentials ===
[16-Oct-2025 07:47:01 America/Montevideo] Identifier: martin@martin.com
[16-Oct-2025 07:47:01 America/Montevideo] Usuario encontrado: martin
[16-Oct-2025 07:47:01 America/Montevideo] Estado del usuario: activo
[16-Oct-2025 07:47:01 America/Montevideo] Usuario activo, verificando contraseña...
[16-Oct-2025 07:47:02 America/Montevideo] Password verify: OK
[16-Oct-2025 07:47:02 America/Montevideo] Usuario estado final: activo
[16-Oct-2025 07:47:02 America/Montevideo] === FIN verifyCredentials (success) ===
[16-Oct-2025 07:47:02 America/Montevideo] Login exitoso para usuario ID: 4
[16-Oct-2025 07:47:02 America/Montevideo] === FIN AuthService::login (success) ===
[16-Oct-2025 07:47:02 America/Montevideo] === INICIO AuthService::login ===
[16-Oct-2025 07:47:02 America/Montevideo] Intentando login para: martin@martin.com
[16-Oct-2025 07:47:02 America/Montevideo] === INICIO verifyCredentials ===
[16-Oct-2025 07:47:02 America/Montevideo] Identifier: martin@martin.com
[16-Oct-2025 07:47:02 America/Montevideo] Usuario encontrado: martin
[16-Oct-2025 07:47:02 America/Montevideo] Estado del usuario: activo
[16-Oct-2025 07:47:02 America/Montevideo] Usuario activo, verificando contraseña...
[16-Oct-2025 07:47:02 America/Montevideo] Password verify: OK
[16-Oct-2025 07:47:02 America/Montevideo] Usuario estado final: activo
[16-Oct-2025 07:47:02 America/Montevideo] === FIN verifyCredentials (success) ===
[16-Oct-2025 07:47:02 America/Montevideo] Login exitoso para usuario ID: 4
[16-Oct-2025 07:47:02 America/Montevideo] === FIN AuthService::login (success) ===
[16-Oct-2025 07:47:02 America/Montevideo] === Validando estado de usuario ID: 4 ===
[16-Oct-2025 07:47:02 America/Montevideo] === UserRepository::findById(4) ===
[16-Oct-2025 07:47:02 America/Montevideo] Usuario ID 4 encontrado: martin (estado: activo)
[16-Oct-2025 07:47:02 America/Montevideo] Usuario 4 está activo
[16-Oct-2025 07:47:02 America/Montevideo] === Validando estado de usuario ID: 4 ===
[16-Oct-2025 07:47:02 America/Montevideo] === UserRepository::findById(4) ===
[16-Oct-2025 07:47:02 America/Montevideo] Usuario ID 4 encontrado: martin (estado: activo)
[16-Oct-2025 07:47:02 America/Montevideo] Usuario 4 está activo
