[23-Sep-2025 07:46:23 America/Montevideo] === Validando estado de usuario ID: 4 ===
[23-Sep-2025 07:46:23 America/Montevideo] === UserRepository::findById(4) ===
[23-Sep-2025 07:46:23 America/Montevideo] Usuario ID 4 encontrado: martin (estado: activo)
[23-Sep-2025 07:46:23 America/Montevideo] Usuario 4 está activo
[23-Sep-2025 07:46:23 America/Montevideo] requireLogin: Usuario 4 validado correctamente
[23-Sep-2025 07:46:23 America/Montevideo] === Validando estado de usuario ID: 4 ===
[23-Sep-2025 07:46:23 America/Montevideo] === UserRepository::findById(4) ===
[23-Sep-2025 07:46:23 America/Montevideo] Usuario ID 4 encontrado: martin (estado: activo)
[23-Sep-2025 07:46:23 America/Montevideo] Usuario 4 está activo
[23-Sep-2025 07:46:23 America/Montevideo] === Validando estado de usuario ID: 4 ===
[23-Sep-2025 07:46:23 America/Montevideo] === UserRepository::findById(4) ===
[23-Sep-2025 07:46:23 America/Montevideo] Usuario ID 4 encontrado: martin (estado: activo)
[23-Sep-2025 07:46:23 America/Montevideo] Usuario 4 está activo
[23-Sep-2025 07:46:25 America/Montevideo] === Validando estado de usuario ID: 4 ===
[23-Sep-2025 07:46:25 America/Montevideo] === UserRepository::findById(4) ===
[23-Sep-2025 07:46:25 America/Montevideo] Usuario ID 4 encontrado: martin (estado: activo)
[23-Sep-2025 07:46:25 America/Montevideo] Usuario 4 está activo
[23-Sep-2025 07:46:25 America/Montevideo] requireLogin: Usuario 4 validado correctamente
[23-Sep-2025 07:46:25 America/Montevideo] === Validando estado de usuario ID: 4 ===
[23-Sep-2025 07:46:25 America/Montevideo] === UserRepository::findById(4) ===
[23-Sep-2025 07:46:25 America/Montevideo] Usuario ID 4 encontrado: martin (estado: activo)
[23-Sep-2025 07:46:25 America/Montevideo] Usuario 4 está activo
[23-Sep-2025 07:46:25 America/Montevideo] === Validando estado de usuario ID: 4 ===
[23-Sep-2025 07:46:25 America/Montevideo] === UserRepository::findById(4) ===
[23-Sep-2025 07:46:25 America/Montevideo] Usuario ID 4 encontrado: martin (estado: activo)
[23-Sep-2025 07:46:25 America/Montevideo] Usuario 4 está activo
[23-Sep-2025 07:46:36 America/Montevideo] === Validando estado de usuario ID: 4 ===
[23-Sep-2025 07:46:36 America/Montevideo] === UserRepository::findById(4) ===
[23-Sep-2025 07:46:36 America/Montevideo] Usuario ID 4 encontrado: martin (estado: activo)
[23-Sep-2025 07:46:36 America/Montevideo] Usuario 4 está activo
[23-Sep-2025 07:46:36 America/Montevideo] === Validando estado de usuario ID: 4 ===
[23-Sep-2025 07:46:36 America/Montevideo] === UserRepository::findById(4) ===
[23-Sep-2025 07:46:36 America/Montevideo] Usuario ID 4 encontrado: martin (estado: activo)
[23-Sep-2025 07:46:36 America/Montevideo] Usuario 4 está activo
[23-Sep-2025 07:46:37 America/Montevideo] === Validando estado de usuario ID: 4 ===
[23-Sep-2025 07:46:37 America/Montevideo] === UserRepository::findById(4) ===
[23-Sep-2025 07:46:37 America/Montevideo] Usuario ID 4 encontrado: martin (estado: activo)
[23-Sep-2025 07:46:37 America/Montevideo] Usuario 4 está activo
[23-Sep-2025 07:46:37 America/Montevideo] Error decodificando JSON: Syntax error
[23-Sep-2025 07:46:37 America/Montevideo] Datos recibidos: 
[23-Sep-2025 07:46:39 America/Montevideo] === Validando estado de usuario ID: 4 ===
[23-Sep-2025 07:46:39 America/Montevideo] === UserRepository::findById(4) ===
[23-Sep-2025 07:46:39 America/Montevideo] Usuario ID 4 encontrado: martin (estado: activo)
[23-Sep-2025 07:46:39 America/Montevideo] Usuario 4 está activo
[23-Sep-2025 07:46:39 America/Montevideo] requireLogin: Usuario 4 validado correctamente
[23-Sep-2025 07:46:40 America/Montevideo] === Validando estado de usuario ID: 4 ===
[23-Sep-2025 07:46:40 America/Montevideo] === UserRepository::findById(4) ===
[23-Sep-2025 07:46:40 America/Montevideo] Usuario ID 4 encontrado: martin (estado: activo)
[23-Sep-2025 07:46:40 America/Montevideo] Usuario 4 está activo
[23-Sep-2025 07:46:40 America/Montevideo] === Validando estado de usuario ID: 4 ===
[23-Sep-2025 07:46:40 America/Montevideo] === UserRepository::findById(4) ===
[23-Sep-2025 07:46:40 America/Montevideo] Usuario ID 4 encontrado: martin (estado: activo)
[23-Sep-2025 07:46:40 America/Montevideo] Usuario 4 está activo
[23-Sep-2025 07:46:42 America/Montevideo] === Validando estado de usuario ID: 4 ===
[23-Sep-2025 07:46:42 America/Montevideo] === UserRepository::findById(4) ===
[23-Sep-2025 07:46:42 America/Montevideo] Usuario ID 4 encontrado: martin (estado: activo)
[23-Sep-2025 07:46:42 America/Montevideo] Usuario 4 está activo
[23-Sep-2025 07:46:44 America/Montevideo] === Validando estado de usuario ID: 4 ===
[23-Sep-2025 07:46:44 America/Montevideo] === UserRepository::findById(4) ===
[23-Sep-2025 07:46:44 America/Montevideo] Usuario ID 4 encontrado: martin (estado: activo)
[23-Sep-2025 07:46:44 America/Montevideo] Usuario 4 está activo
[23-Sep-2025 07:46:44 America/Montevideo] Error decodificando JSON: Syntax error
[23-Sep-2025 07:46:44 America/Montevideo] Datos recibidos: 
[23-Sep-2025 07:46:46 America/Montevideo] === Validando estado de usuario ID: 4 ===
[23-Sep-2025 07:46:46 America/Montevideo] === UserRepository::findById(4) ===
[23-Sep-2025 07:46:46 America/Montevideo] Usuario ID 4 encontrado: martin (estado: activo)
[23-Sep-2025 07:46:46 America/Montevideo] Usuario 4 está activo
[23-Sep-2025 07:46:46 America/Montevideo] requireLogin: Usuario 4 validado correctamente
[23-Sep-2025 07:46:47 America/Montevideo] === Validando estado de usuario ID: 4 ===
[23-Sep-2025 07:46:47 America/Montevideo] === UserRepository::findById(4) ===
[23-Sep-2025 07:46:47 America/Montevideo] Usuario ID 4 encontrado: martin (estado: activo)
[23-Sep-2025 07:46:47 America/Montevideo] Usuario 4 está activo
[23-Sep-2025 07:46:47 America/Montevideo] === Validando estado de usuario ID: 4 ===
[23-Sep-2025 07:46:47 America/Montevideo] === UserRepository::findById(4) ===
[23-Sep-2025 07:46:47 America/Montevideo] Usuario ID 4 encontrado: martin (estado: activo)
[23-Sep-2025 07:46:47 America/Montevideo] Usuario 4 está activo
[23-Sep-2025 07:46:48 America/Montevideo] === Validando estado de usuario ID: 4 ===
[23-Sep-2025 07:46:48 America/Montevideo] === UserRepository::findById(4) ===
[23-Sep-2025 07:46:48 America/Montevideo] Usuario ID 4 encontrado: martin (estado: activo)
[23-Sep-2025 07:46:48 America/Montevideo] Usuario 4 está activo
[23-Sep-2025 07:46:48 America/Montevideo] requireLogin: Usuario 4 validado correctamente
[23-Sep-2025 07:46:48 America/Montevideo] === Validando estado de usuario ID: 4 ===
[23-Sep-2025 07:46:48 America/Montevideo] === UserRepository::findById(4) ===
[23-Sep-2025 07:46:48 America/Montevideo] Usuario ID 4 encontrado: martin (estado: activo)
[23-Sep-2025 07:46:48 America/Montevideo] Usuario 4 está activo
[23-Sep-2025 07:46:49 America/Montevideo] === Validando estado de usuario ID: 4 ===
[23-Sep-2025 07:46:49 America/Montevideo] === UserRepository::findById(4) ===
[23-Sep-2025 07:46:49 America/Montevideo] Usuario ID 4 encontrado: martin (estado: activo)
[23-Sep-2025 07:46:49 America/Montevideo] Usuario 4 está activo
[23-Sep-2025 07:46:53 America/Montevideo] === Validando estado de usuario ID: 4 ===
[23-Sep-2025 07:46:53 America/Montevideo] === UserRepository::findById(4) ===
[23-Sep-2025 07:46:53 America/Montevideo] Usuario ID 4 encontrado: martin (estado: activo)
[23-Sep-2025 07:46:53 America/Montevideo] Usuario 4 está activo
[23-Sep-2025 07:46:53 America/Montevideo] === Validando estado de usuario ID: 4 ===
[23-Sep-2025 07:46:53 America/Montevideo] === UserRepository::findById(4) ===
[23-Sep-2025 07:46:53 America/Montevideo] Usuario ID 4 encontrado: martin (estado: activo)
[23-Sep-2025 07:46:53 America/Montevideo] Usuario 4 está activo
[23-Sep-2025 07:46:54 America/Montevideo] === Validando estado de usuario ID: 4 ===
[23-Sep-2025 07:46:54 America/Montevideo] === UserRepository::findById(4) ===
[23-Sep-2025 07:46:54 America/Montevideo] Usuario ID 4 encontrado: martin (estado: activo)
[23-Sep-2025 07:46:54 America/Montevideo] Usuario 4 está activo
[23-Sep-2025 07:46:54 America/Montevideo] Error decodificando JSON: Syntax error
[23-Sep-2025 07:46:54 America/Montevideo] Datos recibidos: 
[23-Sep-2025 07:46:54 America/Montevideo] === Validando estado de usuario ID: 4 ===
[23-Sep-2025 07:46:54 America/Montevideo] === UserRepository::findById(4) ===
[23-Sep-2025 07:46:54 America/Montevideo] Usuario ID 4 encontrado: martin (estado: activo)
[23-Sep-2025 07:46:54 America/Montevideo] Usuario 4 está activo
[23-Sep-2025 07:46:59 America/Montevideo] === DEBUG GUARDAR ESTADO PARTIDA ===
[23-Sep-2025 07:46:59 America/Montevideo] Método HTTP: POST
[23-Sep-2025 07:46:59 America/Montevideo] Content-Type: application/json
[23-Sep-2025 07:46:59 America/Montevideo] === Validando estado de usuario ID: 4 ===
[23-Sep-2025 07:46:59 America/Montevideo] === UserRepository::findById(4) ===
[23-Sep-2025 07:46:59 America/Montevideo] Usuario ID 4 encontrado: martin (estado: activo)
[23-Sep-2025 07:46:59 America/Montevideo] Usuario 4 está activo
[23-Sep-2025 07:46:59 America/Montevideo] ✅ Usuario autenticado: ID=4, Username=martin
[23-Sep-2025 07:46:59 America/Montevideo] Raw input recibido (length=278): {"id":125,"partidaId":125,"ronda":1,"turno":1,"jugadorActivo":1,"jugadorQueTiroDado":1,"restriccion":3,"colocadosEnTurno":0,"mano1":["dino3","dino3","dino4","dino4","dino1","dino4"],"mano2":["dino1","dino1","dino4","dino3","dino2","dino4"],"colocaciones":[],"jugador2":"asdada"}
[23-Sep-2025 07:46:59 America/Montevideo] ✅ JSON decodificado correctamente
[23-Sep-2025 07:46:59 America/Montevideo] Datos principales: {"id":125,"partidaId":125,"ronda":1,"colocaciones_count":0}
[23-Sep-2025 07:46:59 America/Montevideo] ✅ ID de partida válido: 125
[23-Sep-2025 07:46:59 America/Montevideo] ✅ Acceso validado correctamente
[23-Sep-2025 07:46:59 America/Montevideo] ✅ Validaciones pasadas: ronda=1, turno=1, jugadorActivo=1
[23-Sep-2025 07:46:59 America/Montevideo] Estado formateado para BD: {"recintos_count":0,"ronda_actual":1,"jugador_activo":1}
[23-Sep-2025 07:46:59 America/Montevideo] ✅ Partida guardada exitosamente en BD
[23-Sep-2025 07:47:00 America/Montevideo] === Validando estado de usuario ID: 4 ===
[23-Sep-2025 07:47:00 America/Montevideo] === UserRepository::findById(4) ===
[23-Sep-2025 07:47:00 America/Montevideo] Usuario ID 4 encontrado: martin (estado: activo)
[23-Sep-2025 07:47:00 America/Montevideo] Usuario 4 está activo
[23-Sep-2025 07:47:00 America/Montevideo] ✅ COLOCACIÓN VÁLIDA: Dado tirado (restricción=3), recinto=prado-diferencia, especie=dino4
[23-Sep-2025 07:47:00 America/Montevideo] === DEBUG GUARDAR ESTADO PARTIDA ===
[23-Sep-2025 07:47:00 America/Montevideo] Método HTTP: POST
[23-Sep-2025 07:47:00 America/Montevideo] Content-Type: application/json
[23-Sep-2025 07:47:00 America/Montevideo] === Validando estado de usuario ID: 4 ===
[23-Sep-2025 07:47:00 America/Montevideo] === UserRepository::findById(4) ===
[23-Sep-2025 07:47:00 America/Montevideo] Usuario ID 4 encontrado: martin (estado: activo)
[23-Sep-2025 07:47:00 America/Montevideo] Usuario 4 está activo
[23-Sep-2025 07:47:00 America/Montevideo] ✅ Usuario autenticado: ID=4, Username=martin
[23-Sep-2025 07:47:00 America/Montevideo] Raw input recibido (length=330): {"id":125,"partidaId":125,"ronda":1,"turno":1,"jugadorActivo":1,"jugadorQueTiroDado":1,"restriccion":3,"colocadosEnTurno":1,"mano1":["dino3","dino3","dino4","dino1","dino4"],"mano2":["dino1","dino1","dino4","dino3","dino2","dino4"],"colocaciones":[{"recinto":"prado-diferencia","jugador":1,"especie":"dino4"}],"jugador2":"asdada"}
[23-Sep-2025 07:47:00 America/Montevideo] ✅ JSON decodificado correctamente
[23-Sep-2025 07:47:00 America/Montevideo] Datos principales: {"id":125,"partidaId":125,"ronda":1,"colocaciones_count":1}
[23-Sep-2025 07:47:00 America/Montevideo] ✅ ID de partida válido: 125
[23-Sep-2025 07:47:00 America/Montevideo] ✅ Acceso validado correctamente
[23-Sep-2025 07:47:00 America/Montevideo] ✅ Validaciones pasadas: ronda=1, turno=1, jugadorActivo=1
[23-Sep-2025 07:47:00 America/Montevideo] Estado formateado para BD: {"recintos_count":1,"ronda_actual":1,"jugador_activo":1}
[23-Sep-2025 07:47:00 America/Montevideo] ✅ Partida guardada exitosamente en BD
[23-Sep-2025 07:47:03 America/Montevideo] === DEBUG GUARDAR ESTADO PARTIDA ===
[23-Sep-2025 07:47:03 America/Montevideo] Método HTTP: POST
[23-Sep-2025 07:47:03 America/Montevideo] Content-Type: application/json
[23-Sep-2025 07:47:03 America/Montevideo] === Validando estado de usuario ID: 4 ===
[23-Sep-2025 07:47:03 America/Montevideo] === UserRepository::findById(4) ===
[23-Sep-2025 07:47:03 America/Montevideo] Usuario ID 4 encontrado: martin (estado: activo)
[23-Sep-2025 07:47:03 America/Montevideo] Usuario 4 está activo
[23-Sep-2025 07:47:03 America/Montevideo] ✅ Usuario autenticado: ID=4, Username=martin
[23-Sep-2025 07:47:03 America/Montevideo] Raw input recibido (length=330): {"id":125,"partidaId":125,"ronda":1,"turno":1,"jugadorActivo":2,"jugadorQueTiroDado":1,"restriccion":3,"colocadosEnTurno":1,"mano1":["dino3","dino3","dino4","dino1","dino4"],"mano2":["dino1","dino1","dino4","dino3","dino2","dino4"],"colocaciones":[{"recinto":"prado-diferencia","jugador":1,"especie":"dino4"}],"jugador2":"asdada"}
[23-Sep-2025 07:47:03 America/Montevideo] ✅ JSON decodificado correctamente
[23-Sep-2025 07:47:03 America/Montevideo] Datos principales: {"id":125,"partidaId":125,"ronda":1,"colocaciones_count":1}
[23-Sep-2025 07:47:03 America/Montevideo] ✅ ID de partida válido: 125
[23-Sep-2025 07:47:03 America/Montevideo] ✅ Acceso validado correctamente
[23-Sep-2025 07:47:03 America/Montevideo] ✅ Validaciones pasadas: ronda=1, turno=1, jugadorActivo=2
[23-Sep-2025 07:47:03 America/Montevideo] Estado formateado para BD: {"recintos_count":1,"ronda_actual":1,"jugador_activo":2}
[23-Sep-2025 07:47:03 America/Montevideo] ✅ Partida guardada exitosamente en BD
[23-Sep-2025 07:47:24 America/Montevideo] === DEBUG GUARDAR ESTADO PARTIDA ===
[23-Sep-2025 07:47:24 America/Montevideo] Método HTTP: POST
[23-Sep-2025 07:47:24 America/Montevideo] Content-Type: application/json
[23-Sep-2025 07:47:24 America/Montevideo] === Validando estado de usuario ID: 4 ===
[23-Sep-2025 07:47:24 America/Montevideo] === UserRepository::findById(4) ===
[23-Sep-2025 07:47:24 America/Montevideo] Usuario ID 4 encontrado: martin (estado: activo)
[23-Sep-2025 07:47:24 America/Montevideo] Usuario 4 está activo
[23-Sep-2025 07:47:24 America/Montevideo] ✅ Usuario autenticado: ID=4, Username=martin
[23-Sep-2025 07:47:24 America/Montevideo] Raw input recibido (length=330): {"id":125,"partidaId":125,"ronda":1,"turno":1,"jugadorActivo":2,"jugadorQueTiroDado":1,"restriccion":3,"colocadosEnTurno":1,"mano1":["dino3","dino3","dino4","dino1","dino4"],"mano2":["dino1","dino1","dino4","dino3","dino2","dino4"],"colocaciones":[{"recinto":"prado-diferencia","jugador":1,"especie":"dino4"}],"jugador2":"asdada"}
[23-Sep-2025 07:47:24 America/Montevideo] ✅ JSON decodificado correctamente
[23-Sep-2025 07:47:24 America/Montevideo] Datos principales: {"id":125,"partidaId":125,"ronda":1,"colocaciones_count":1}
[23-Sep-2025 07:47:24 America/Montevideo] ✅ ID de partida válido: 125
[23-Sep-2025 07:47:24 America/Montevideo] ✅ Acceso validado correctamente
[23-Sep-2025 07:47:24 America/Montevideo] ✅ Validaciones pasadas: ronda=1, turno=1, jugadorActivo=2
[23-Sep-2025 07:47:24 America/Montevideo] Estado formateado para BD: {"recintos_count":1,"ronda_actual":1,"jugador_activo":2}
[23-Sep-2025 07:47:24 America/Montevideo] ✅ Partida guardada exitosamente en BD
[23-Sep-2025 07:47:54 America/Montevideo] === DEBUG GUARDAR ESTADO PARTIDA ===
[23-Sep-2025 07:47:54 America/Montevideo] Método HTTP: POST
[23-Sep-2025 07:47:54 America/Montevideo] Content-Type: application/json
[23-Sep-2025 07:47:54 America/Montevideo] === Validando estado de usuario ID: 4 ===
[23-Sep-2025 07:47:54 America/Montevideo] === UserRepository::findById(4) ===
[23-Sep-2025 07:47:54 America/Montevideo] Usuario ID 4 encontrado: martin (estado: activo)
[23-Sep-2025 07:47:54 America/Montevideo] Usuario 4 está activo
[23-Sep-2025 07:47:54 America/Montevideo] ✅ Usuario autenticado: ID=4, Username=martin
[23-Sep-2025 07:47:54 America/Montevideo] Raw input recibido (length=330): {"id":125,"partidaId":125,"ronda":1,"turno":1,"jugadorActivo":2,"jugadorQueTiroDado":1,"restriccion":3,"colocadosEnTurno":1,"mano1":["dino3","dino3","dino4","dino1","dino4"],"mano2":["dino1","dino1","dino4","dino3","dino2","dino4"],"colocaciones":[{"recinto":"prado-diferencia","jugador":1,"especie":"dino4"}],"jugador2":"asdada"}
[23-Sep-2025 07:47:54 America/Montevideo] ✅ JSON decodificado correctamente
[23-Sep-2025 07:47:54 America/Montevideo] Datos principales: {"id":125,"partidaId":125,"ronda":1,"colocaciones_count":1}
[23-Sep-2025 07:47:54 America/Montevideo] ✅ ID de partida válido: 125
[23-Sep-2025 07:47:54 America/Montevideo] ✅ Acceso validado correctamente
[23-Sep-2025 07:47:54 America/Montevideo] ✅ Validaciones pasadas: ronda=1, turno=1, jugadorActivo=2
[23-Sep-2025 07:47:54 America/Montevideo] Estado formateado para BD: {"recintos_count":1,"ronda_actual":1,"jugador_activo":2}
[23-Sep-2025 07:47:54 America/Montevideo] ✅ Partida guardada exitosamente en BD
[23-Sep-2025 07:48:24 America/Montevideo] === DEBUG GUARDAR ESTADO PARTIDA ===
[23-Sep-2025 07:48:24 America/Montevideo] Método HTTP: POST
[23-Sep-2025 07:48:24 America/Montevideo] Content-Type: application/json
[23-Sep-2025 07:48:24 America/Montevideo] === Validando estado de usuario ID: 4 ===
[23-Sep-2025 07:48:24 America/Montevideo] === UserRepository::findById(4) ===
[23-Sep-2025 07:48:24 America/Montevideo] Usuario ID 4 encontrado: martin (estado: activo)
[23-Sep-2025 07:48:24 America/Montevideo] Usuario 4 está activo
[23-Sep-2025 07:48:24 America/Montevideo] ✅ Usuario autenticado: ID=4, Username=martin
[23-Sep-2025 07:48:24 America/Montevideo] Raw input recibido (length=330): {"id":125,"partidaId":125,"ronda":1,"turno":1,"jugadorActivo":2,"jugadorQueTiroDado":1,"restriccion":3,"colocadosEnTurno":1,"mano1":["dino3","dino3","dino4","dino1","dino4"],"mano2":["dino1","dino1","dino4","dino3","dino2","dino4"],"colocaciones":[{"recinto":"prado-diferencia","jugador":1,"especie":"dino4"}],"jugador2":"asdada"}
[23-Sep-2025 07:48:24 America/Montevideo] ✅ JSON decodificado correctamente
[23-Sep-2025 07:48:24 America/Montevideo] Datos principales: {"id":125,"partidaId":125,"ronda":1,"colocaciones_count":1}
[23-Sep-2025 07:48:24 America/Montevideo] ✅ ID de partida válido: 125
[23-Sep-2025 07:48:24 America/Montevideo] ✅ Acceso validado correctamente
[23-Sep-2025 07:48:24 America/Montevideo] ✅ Validaciones pasadas: ronda=1, turno=1, jugadorActivo=2
[23-Sep-2025 07:48:24 America/Montevideo] Estado formateado para BD: {"recintos_count":1,"ronda_actual":1,"jugador_activo":2}
[23-Sep-2025 07:48:24 America/Montevideo] ✅ Partida guardada exitosamente en BD
[23-Sep-2025 07:48:54 America/Montevideo] === DEBUG GUARDAR ESTADO PARTIDA ===
[23-Sep-2025 07:48:54 America/Montevideo] Método HTTP: POST
[23-Sep-2025 07:48:54 America/Montevideo] Content-Type: application/json
[23-Sep-2025 07:48:54 America/Montevideo] === Validando estado de usuario ID: 4 ===
[23-Sep-2025 07:48:54 America/Montevideo] === UserRepository::findById(4) ===
[23-Sep-2025 07:48:54 America/Montevideo] Usuario ID 4 encontrado: martin (estado: activo)
[23-Sep-2025 07:48:54 America/Montevideo] Usuario 4 está activo
[23-Sep-2025 07:48:54 America/Montevideo] ✅ Usuario autenticado: ID=4, Username=martin
[23-Sep-2025 07:48:54 America/Montevideo] Raw input recibido (length=330): {"id":125,"partidaId":125,"ronda":1,"turno":1,"jugadorActivo":2,"jugadorQueTiroDado":1,"restriccion":3,"colocadosEnTurno":1,"mano1":["dino3","dino3","dino4","dino1","dino4"],"mano2":["dino1","dino1","dino4","dino3","dino2","dino4"],"colocaciones":[{"recinto":"prado-diferencia","jugador":1,"especie":"dino4"}],"jugador2":"asdada"}
[23-Sep-2025 07:48:54 America/Montevideo] ✅ JSON decodificado correctamente
[23-Sep-2025 07:48:54 America/Montevideo] Datos principales: {"id":125,"partidaId":125,"ronda":1,"colocaciones_count":1}
[23-Sep-2025 07:48:54 America/Montevideo] ✅ ID de partida válido: 125
[23-Sep-2025 07:48:54 America/Montevideo] ✅ Acceso validado correctamente
[23-Sep-2025 07:48:54 America/Montevideo] ✅ Validaciones pasadas: ronda=1, turno=1, jugadorActivo=2
[23-Sep-2025 07:48:54 America/Montevideo] Estado formateado para BD: {"recintos_count":1,"ronda_actual":1,"jugador_activo":2}
[23-Sep-2025 07:48:54 America/Montevideo] ✅ Partida guardada exitosamente en BD
[23-Sep-2025 07:49:24 America/Montevideo] === DEBUG GUARDAR ESTADO PARTIDA ===
[23-Sep-2025 07:49:24 America/Montevideo] Método HTTP: POST
[23-Sep-2025 07:49:24 America/Montevideo] Content-Type: application/json
[23-Sep-2025 07:49:24 America/Montevideo] === Validando estado de usuario ID: 4 ===
[23-Sep-2025 07:49:24 America/Montevideo] === UserRepository::findById(4) ===
[23-Sep-2025 07:49:24 America/Montevideo] Usuario ID 4 encontrado: martin (estado: activo)
[23-Sep-2025 07:49:24 America/Montevideo] Usuario 4 está activo
[23-Sep-2025 07:49:24 America/Montevideo] ✅ Usuario autenticado: ID=4, Username=martin
[23-Sep-2025 07:49:24 America/Montevideo] Raw input recibido (length=330): {"id":125,"partidaId":125,"ronda":1,"turno":1,"jugadorActivo":2,"jugadorQueTiroDado":1,"restriccion":3,"colocadosEnTurno":1,"mano1":["dino3","dino3","dino4","dino1","dino4"],"mano2":["dino1","dino1","dino4","dino3","dino2","dino4"],"colocaciones":[{"recinto":"prado-diferencia","jugador":1,"especie":"dino4"}],"jugador2":"asdada"}
[23-Sep-2025 07:49:24 America/Montevideo] ✅ JSON decodificado correctamente
[23-Sep-2025 07:49:24 America/Montevideo] Datos principales: {"id":125,"partidaId":125,"ronda":1,"colocaciones_count":1}
[23-Sep-2025 07:49:24 America/Montevideo] ✅ ID de partida válido: 125
[23-Sep-2025 07:49:24 America/Montevideo] ✅ Acceso validado correctamente
[23-Sep-2025 07:49:24 America/Montevideo] ✅ Validaciones pasadas: ronda=1, turno=1, jugadorActivo=2
[23-Sep-2025 07:49:24 America/Montevideo] Estado formateado para BD: {"recintos_count":1,"ronda_actual":1,"jugador_activo":2}
[23-Sep-2025 07:49:24 America/Montevideo] ✅ Partida guardada exitosamente en BD
[23-Sep-2025 07:49:54 America/Montevideo] === DEBUG GUARDAR ESTADO PARTIDA ===
[23-Sep-2025 07:49:54 America/Montevideo] Método HTTP: POST
[23-Sep-2025 07:49:54 America/Montevideo] Content-Type: application/json
[23-Sep-2025 07:49:54 America/Montevideo] === Validando estado de usuario ID: 4 ===
[23-Sep-2025 07:49:54 America/Montevideo] === UserRepository::findById(4) ===
[23-Sep-2025 07:49:54 America/Montevideo] Usuario ID 4 encontrado: martin (estado: activo)
[23-Sep-2025 07:49:54 America/Montevideo] Usuario 4 está activo
[23-Sep-2025 07:49:54 America/Montevideo] ✅ Usuario autenticado: ID=4, Username=martin
[23-Sep-2025 07:49:54 America/Montevideo] Raw input recibido (length=330): {"id":125,"partidaId":125,"ronda":1,"turno":1,"jugadorActivo":2,"jugadorQueTiroDado":1,"restriccion":3,"colocadosEnTurno":1,"mano1":["dino3","dino3","dino4","dino1","dino4"],"mano2":["dino1","dino1","dino4","dino3","dino2","dino4"],"colocaciones":[{"recinto":"prado-diferencia","jugador":1,"especie":"dino4"}],"jugador2":"asdada"}
[23-Sep-2025 07:49:54 America/Montevideo] ✅ JSON decodificado correctamente
[23-Sep-2025 07:49:54 America/Montevideo] Datos principales: {"id":125,"partidaId":125,"ronda":1,"colocaciones_count":1}
[23-Sep-2025 07:49:54 America/Montevideo] ✅ ID de partida válido: 125
[23-Sep-2025 07:49:54 America/Montevideo] ✅ Acceso validado correctamente
[23-Sep-2025 07:49:54 America/Montevideo] ✅ Validaciones pasadas: ronda=1, turno=1, jugadorActivo=2
[23-Sep-2025 07:49:54 America/Montevideo] Estado formateado para BD: {"recintos_count":1,"ronda_actual":1,"jugador_activo":2}
[23-Sep-2025 07:49:54 America/Montevideo] ✅ Partida guardada exitosamente en BD
[23-Sep-2025 07:50:24 America/Montevideo] === DEBUG GUARDAR ESTADO PARTIDA ===
[23-Sep-2025 07:50:24 America/Montevideo] Método HTTP: POST
[23-Sep-2025 07:50:24 America/Montevideo] Content-Type: application/json
[23-Sep-2025 07:50:24 America/Montevideo] === Validando estado de usuario ID: 4 ===
[23-Sep-2025 07:50:24 America/Montevideo] === UserRepository::findById(4) ===
[23-Sep-2025 07:50:24 America/Montevideo] Usuario ID 4 encontrado: martin (estado: activo)
[23-Sep-2025 07:50:24 America/Montevideo] Usuario 4 está activo
[23-Sep-2025 07:50:24 America/Montevideo] ✅ Usuario autenticado: ID=4, Username=martin
[23-Sep-2025 07:50:24 America/Montevideo] Raw input recibido (length=330): {"id":125,"partidaId":125,"ronda":1,"turno":1,"jugadorActivo":2,"jugadorQueTiroDado":1,"restriccion":3,"colocadosEnTurno":1,"mano1":["dino3","dino3","dino4","dino1","dino4"],"mano2":["dino1","dino1","dino4","dino3","dino2","dino4"],"colocaciones":[{"recinto":"prado-diferencia","jugador":1,"especie":"dino4"}],"jugador2":"asdada"}
[23-Sep-2025 07:50:24 America/Montevideo] ✅ JSON decodificado correctamente
[23-Sep-2025 07:50:24 America/Montevideo] Datos principales: {"id":125,"partidaId":125,"ronda":1,"colocaciones_count":1}
[23-Sep-2025 07:50:24 America/Montevideo] ✅ ID de partida válido: 125
[23-Sep-2025 07:50:24 America/Montevideo] ✅ Acceso validado correctamente
[23-Sep-2025 07:50:24 America/Montevideo] ✅ Validaciones pasadas: ronda=1, turno=1, jugadorActivo=2
[23-Sep-2025 07:50:24 America/Montevideo] Estado formateado para BD: {"recintos_count":1,"ronda_actual":1,"jugador_activo":2}
[23-Sep-2025 07:50:24 America/Montevideo] ✅ Partida guardada exitosamente en BD
[23-Sep-2025 07:51:25 America/Montevideo] === DEBUG GUARDAR ESTADO PARTIDA ===
[23-Sep-2025 07:51:25 America/Montevideo] Método HTTP: POST
[23-Sep-2025 07:51:25 America/Montevideo] Content-Type: application/json
[23-Sep-2025 07:51:25 America/Montevideo] === Validando estado de usuario ID: 4 ===
[23-Sep-2025 07:51:25 America/Montevideo] === UserRepository::findById(4) ===
[23-Sep-2025 07:51:25 America/Montevideo] Usuario ID 4 encontrado: martin (estado: activo)
[23-Sep-2025 07:51:25 America/Montevideo] Usuario 4 está activo
[23-Sep-2025 07:51:25 America/Montevideo] ✅ Usuario autenticado: ID=4, Username=martin
[23-Sep-2025 07:51:25 America/Montevideo] Raw input recibido (length=330): {"id":125,"partidaId":125,"ronda":1,"turno":1,"jugadorActivo":2,"jugadorQueTiroDado":1,"restriccion":3,"colocadosEnTurno":1,"mano1":["dino3","dino3","dino4","dino1","dino4"],"mano2":["dino1","dino1","dino4","dino3","dino2","dino4"],"colocaciones":[{"recinto":"prado-diferencia","jugador":1,"especie":"dino4"}],"jugador2":"asdada"}
[23-Sep-2025 07:51:25 America/Montevideo] ✅ JSON decodificado correctamente
[23-Sep-2025 07:51:25 America/Montevideo] Datos principales: {"id":125,"partidaId":125,"ronda":1,"colocaciones_count":1}
[23-Sep-2025 07:51:25 America/Montevideo] ✅ ID de partida válido: 125
[23-Sep-2025 07:51:25 America/Montevideo] ✅ Acceso validado correctamente
[23-Sep-2025 07:51:25 America/Montevideo] ✅ Validaciones pasadas: ronda=1, turno=1, jugadorActivo=2
[23-Sep-2025 07:51:25 America/Montevideo] Estado formateado para BD: {"recintos_count":1,"ronda_actual":1,"jugador_activo":2}
[23-Sep-2025 07:51:25 America/Montevideo] ✅ Partida guardada exitosamente en BD
[23-Sep-2025 07:52:10 America/Montevideo] === DEBUG GUARDAR ESTADO PARTIDA ===
[23-Sep-2025 07:52:10 America/Montevideo] Método HTTP: POST
[23-Sep-2025 07:52:10 America/Montevideo] Content-Type: application/json
[23-Sep-2025 07:52:10 America/Montevideo] === Validando estado de usuario ID: 4 ===
[23-Sep-2025 07:52:10 America/Montevideo] === UserRepository::findById(4) ===
[23-Sep-2025 07:52:10 America/Montevideo] Usuario ID 4 encontrado: martin (estado: activo)
[23-Sep-2025 07:52:10 America/Montevideo] Usuario 4 está activo
[23-Sep-2025 07:52:10 America/Montevideo] ✅ Usuario autenticado: ID=4, Username=martin
[23-Sep-2025 07:52:10 America/Montevideo] Raw input recibido (length=330): {"id":125,"partidaId":125,"ronda":1,"turno":1,"jugadorActivo":2,"jugadorQueTiroDado":1,"restriccion":3,"colocadosEnTurno":1,"mano1":["dino3","dino3","dino4","dino1","dino4"],"mano2":["dino1","dino1","dino4","dino3","dino2","dino4"],"colocaciones":[{"recinto":"prado-diferencia","jugador":1,"especie":"dino4"}],"jugador2":"asdada"}
[23-Sep-2025 07:52:10 America/Montevideo] ✅ JSON decodificado correctamente
[23-Sep-2025 07:52:10 America/Montevideo] Datos principales: {"id":125,"partidaId":125,"ronda":1,"colocaciones_count":1}
[23-Sep-2025 07:52:10 America/Montevideo] ✅ ID de partida válido: 125
[23-Sep-2025 07:52:10 America/Montevideo] ✅ Acceso validado correctamente
[23-Sep-2025 07:52:10 America/Montevideo] ✅ Validaciones pasadas: ronda=1, turno=1, jugadorActivo=2
[23-Sep-2025 07:52:10 America/Montevideo] Estado formateado para BD: {"recintos_count":1,"ronda_actual":1,"jugador_activo":2}
[23-Sep-2025 07:52:10 America/Montevideo] ✅ Partida guardada exitosamente en BD
[23-Sep-2025 07:52:13 America/Montevideo] === DEBUG GUARDAR ESTADO PARTIDA ===
[23-Sep-2025 07:52:13 America/Montevideo] Método HTTP: POST
[23-Sep-2025 07:52:13 America/Montevideo] Content-Type: application/json
[23-Sep-2025 07:52:13 America/Montevideo] === Validando estado de usuario ID: 4 ===
[23-Sep-2025 07:52:13 America/Montevideo] === UserRepository::findById(4) ===
[23-Sep-2025 07:52:13 America/Montevideo] Usuario ID 4 encontrado: martin (estado: activo)
[23-Sep-2025 07:52:13 America/Montevideo] Usuario 4 está activo
[23-Sep-2025 07:52:13 America/Montevideo] ✅ Usuario autenticado: ID=4, Username=martin
[23-Sep-2025 07:52:13 America/Montevideo] Raw input recibido (length=330): {"id":125,"partidaId":125,"ronda":1,"turno":1,"jugadorActivo":2,"jugadorQueTiroDado":1,"restriccion":3,"colocadosEnTurno":1,"mano1":["dino3","dino3","dino4","dino1","dino4"],"mano2":["dino1","dino1","dino4","dino3","dino2","dino4"],"colocaciones":[{"recinto":"prado-diferencia","jugador":1,"especie":"dino4"}],"jugador2":"asdada"}
[23-Sep-2025 07:52:13 America/Montevideo] ✅ JSON decodificado correctamente
[23-Sep-2025 07:52:13 America/Montevideo] Datos principales: {"id":125,"partidaId":125,"ronda":1,"colocaciones_count":1}
[23-Sep-2025 07:52:13 America/Montevideo] ✅ ID de partida válido: 125
[23-Sep-2025 07:52:13 America/Montevideo] ✅ Acceso validado correctamente
[23-Sep-2025 07:52:13 America/Montevideo] ✅ Validaciones pasadas: ronda=1, turno=1, jugadorActivo=2
[23-Sep-2025 07:52:13 America/Montevideo] Estado formateado para BD: {"recintos_count":1,"ronda_actual":1,"jugador_activo":2}
[23-Sep-2025 07:52:13 America/Montevideo] ✅ Partida guardada exitosamente en BD
[23-Sep-2025 07:52:24 America/Montevideo] === DEBUG GUARDAR ESTADO PARTIDA ===
[23-Sep-2025 07:52:24 America/Montevideo] Método HTTP: POST
[23-Sep-2025 07:52:24 America/Montevideo] Content-Type: application/json
[23-Sep-2025 07:52:24 America/Montevideo] === Validando estado de usuario ID: 4 ===
[23-Sep-2025 07:52:24 America/Montevideo] === UserRepository::findById(4) ===
[23-Sep-2025 07:52:24 America/Montevideo] Usuario ID 4 encontrado: martin (estado: activo)
[23-Sep-2025 07:52:24 America/Montevideo] Usuario 4 está activo
[23-Sep-2025 07:52:24 America/Montevideo] ✅ Usuario autenticado: ID=4, Username=martin
[23-Sep-2025 07:52:24 America/Montevideo] Raw input recibido (length=330): {"id":125,"partidaId":125,"ronda":1,"turno":1,"jugadorActivo":2,"jugadorQueTiroDado":1,"restriccion":3,"colocadosEnTurno":1,"mano1":["dino3","dino3","dino4","dino1","dino4"],"mano2":["dino1","dino1","dino4","dino3","dino2","dino4"],"colocaciones":[{"recinto":"prado-diferencia","jugador":1,"especie":"dino4"}],"jugador2":"asdada"}
[23-Sep-2025 07:52:24 America/Montevideo] ✅ JSON decodificado correctamente
[23-Sep-2025 07:52:24 America/Montevideo] Datos principales: {"id":125,"partidaId":125,"ronda":1,"colocaciones_count":1}
[23-Sep-2025 07:52:24 America/Montevideo] ✅ ID de partida válido: 125
[23-Sep-2025 07:52:24 America/Montevideo] ✅ Acceso validado correctamente
[23-Sep-2025 07:52:24 America/Montevideo] ✅ Validaciones pasadas: ronda=1, turno=1, jugadorActivo=2
[23-Sep-2025 07:52:24 America/Montevideo] Estado formateado para BD: {"recintos_count":1,"ronda_actual":1,"jugador_activo":2}
[23-Sep-2025 07:52:24 America/Montevideo] ✅ Partida guardada exitosamente en BD
[23-Sep-2025 07:52:54 America/Montevideo] === DEBUG GUARDAR ESTADO PARTIDA ===
[23-Sep-2025 07:52:54 America/Montevideo] Método HTTP: POST
[23-Sep-2025 07:52:54 America/Montevideo] Content-Type: application/json
[23-Sep-2025 07:52:54 America/Montevideo] === Validando estado de usuario ID: 4 ===
[23-Sep-2025 07:52:54 America/Montevideo] === UserRepository::findById(4) ===
[23-Sep-2025 07:52:54 America/Montevideo] Usuario ID 4 encontrado: martin (estado: activo)
[23-Sep-2025 07:52:54 America/Montevideo] Usuario 4 está activo
[23-Sep-2025 07:52:54 America/Montevideo] ✅ Usuario autenticado: ID=4, Username=martin
[23-Sep-2025 07:52:54 America/Montevideo] Raw input recibido (length=330): {"id":125,"partidaId":125,"ronda":1,"turno":1,"jugadorActivo":2,"jugadorQueTiroDado":1,"restriccion":3,"colocadosEnTurno":1,"mano1":["dino3","dino3","dino4","dino1","dino4"],"mano2":["dino1","dino1","dino4","dino3","dino2","dino4"],"colocaciones":[{"recinto":"prado-diferencia","jugador":1,"especie":"dino4"}],"jugador2":"asdada"}
[23-Sep-2025 07:52:54 America/Montevideo] ✅ JSON decodificado correctamente
[23-Sep-2025 07:52:54 America/Montevideo] Datos principales: {"id":125,"partidaId":125,"ronda":1,"colocaciones_count":1}
[23-Sep-2025 07:52:54 America/Montevideo] ✅ ID de partida válido: 125
[23-Sep-2025 07:52:54 America/Montevideo] ✅ Acceso validado correctamente
[23-Sep-2025 07:52:54 America/Montevideo] ✅ Validaciones pasadas: ronda=1, turno=1, jugadorActivo=2
[23-Sep-2025 07:52:54 America/Montevideo] Estado formateado para BD: {"recintos_count":1,"ronda_actual":1,"jugador_activo":2}
[23-Sep-2025 07:52:54 America/Montevideo] ✅ Partida guardada exitosamente en BD
[23-Sep-2025 07:53:44 America/Montevideo] === DEBUG GUARDAR ESTADO PARTIDA ===
[23-Sep-2025 07:53:44 America/Montevideo] Método HTTP: POST
[23-Sep-2025 07:53:44 America/Montevideo] Content-Type: application/json
[23-Sep-2025 07:53:44 America/Montevideo] === Validando estado de usuario ID: 4 ===
[23-Sep-2025 07:53:44 America/Montevideo] === UserRepository::findById(4) ===
[23-Sep-2025 07:53:44 America/Montevideo] Usuario ID 4 encontrado: martin (estado: activo)
[23-Sep-2025 07:53:44 America/Montevideo] Usuario 4 está activo
[23-Sep-2025 07:53:44 America/Montevideo] ✅ Usuario autenticado: ID=4, Username=martin
[23-Sep-2025 07:53:44 America/Montevideo] Raw input recibido (length=330): {"id":125,"partidaId":125,"ronda":1,"turno":1,"jugadorActivo":2,"jugadorQueTiroDado":1,"restriccion":3,"colocadosEnTurno":1,"mano1":["dino3","dino3","dino4","dino1","dino4"],"mano2":["dino1","dino1","dino4","dino3","dino2","dino4"],"colocaciones":[{"recinto":"prado-diferencia","jugador":1,"especie":"dino4"}],"jugador2":"asdada"}
[23-Sep-2025 07:53:44 America/Montevideo] ✅ JSON decodificado correctamente
[23-Sep-2025 07:53:44 America/Montevideo] Datos principales: {"id":125,"partidaId":125,"ronda":1,"colocaciones_count":1}
[23-Sep-2025 07:53:44 America/Montevideo] ✅ ID de partida válido: 125
[23-Sep-2025 07:53:44 America/Montevideo] ✅ Acceso validado correctamente
[23-Sep-2025 07:53:44 America/Montevideo] ✅ Validaciones pasadas: ronda=1, turno=1, jugadorActivo=2
[23-Sep-2025 07:53:44 America/Montevideo] Estado formateado para BD: {"recintos_count":1,"ronda_actual":1,"jugador_activo":2}
[23-Sep-2025 07:53:44 America/Montevideo] ✅ Partida guardada exitosamente en BD
[23-Sep-2025 07:54:44 America/Montevideo] === DEBUG GUARDAR ESTADO PARTIDA ===
[23-Sep-2025 07:54:44 America/Montevideo] Método HTTP: POST
[23-Sep-2025 07:54:44 America/Montevideo] Content-Type: application/json
[23-Sep-2025 07:54:44 America/Montevideo] === Validando estado de usuario ID: 4 ===
[23-Sep-2025 07:54:44 America/Montevideo] === UserRepository::findById(4) ===
[23-Sep-2025 07:54:44 America/Montevideo] Usuario ID 4 encontrado: martin (estado: activo)
[23-Sep-2025 07:54:44 America/Montevideo] Usuario 4 está activo
[23-Sep-2025 07:54:44 America/Montevideo] ✅ Usuario autenticado: ID=4, Username=martin
[23-Sep-2025 07:54:44 America/Montevideo] Raw input recibido (length=330): {"id":125,"partidaId":125,"ronda":1,"turno":1,"jugadorActivo":2,"jugadorQueTiroDado":1,"restriccion":3,"colocadosEnTurno":1,"mano1":["dino3","dino3","dino4","dino1","dino4"],"mano2":["dino1","dino1","dino4","dino3","dino2","dino4"],"colocaciones":[{"recinto":"prado-diferencia","jugador":1,"especie":"dino4"}],"jugador2":"asdada"}
[23-Sep-2025 07:54:44 America/Montevideo] ✅ JSON decodificado correctamente
[23-Sep-2025 07:54:44 America/Montevideo] Datos principales: {"id":125,"partidaId":125,"ronda":1,"colocaciones_count":1}
[23-Sep-2025 07:54:44 America/Montevideo] ✅ ID de partida válido: 125
[23-Sep-2025 07:54:44 America/Montevideo] ✅ Acceso validado correctamente
[23-Sep-2025 07:54:44 America/Montevideo] ✅ Validaciones pasadas: ronda=1, turno=1, jugadorActivo=2
[23-Sep-2025 07:54:44 America/Montevideo] Estado formateado para BD: {"recintos_count":1,"ronda_actual":1,"jugador_activo":2}
[23-Sep-2025 07:54:44 America/Montevideo] ✅ Partida guardada exitosamente en BD
[23-Sep-2025 07:55:44 America/Montevideo] === DEBUG GUARDAR ESTADO PARTIDA ===
[23-Sep-2025 07:55:44 America/Montevideo] Método HTTP: POST
[23-Sep-2025 07:55:44 America/Montevideo] Content-Type: application/json
[23-Sep-2025 07:55:44 America/Montevideo] === Validando estado de usuario ID: 4 ===
[23-Sep-2025 07:55:44 America/Montevideo] === UserRepository::findById(4) ===
[23-Sep-2025 07:55:44 America/Montevideo] Usuario ID 4 encontrado: martin (estado: activo)
[23-Sep-2025 07:55:44 America/Montevideo] Usuario 4 está activo
[23-Sep-2025 07:55:44 America/Montevideo] ✅ Usuario autenticado: ID=4, Username=martin
[23-Sep-2025 07:55:44 America/Montevideo] Raw input recibido (length=330): {"id":125,"partidaId":125,"ronda":1,"turno":1,"jugadorActivo":2,"jugadorQueTiroDado":1,"restriccion":3,"colocadosEnTurno":1,"mano1":["dino3","dino3","dino4","dino1","dino4"],"mano2":["dino1","dino1","dino4","dino3","dino2","dino4"],"colocaciones":[{"recinto":"prado-diferencia","jugador":1,"especie":"dino4"}],"jugador2":"asdada"}
[23-Sep-2025 07:55:44 America/Montevideo] ✅ JSON decodificado correctamente
[23-Sep-2025 07:55:44 America/Montevideo] Datos principales: {"id":125,"partidaId":125,"ronda":1,"colocaciones_count":1}
[23-Sep-2025 07:55:44 America/Montevideo] ✅ ID de partida válido: 125
[23-Sep-2025 07:55:44 America/Montevideo] ✅ Acceso validado correctamente
[23-Sep-2025 07:55:44 America/Montevideo] ✅ Validaciones pasadas: ronda=1, turno=1, jugadorActivo=2
[23-Sep-2025 07:55:44 America/Montevideo] Estado formateado para BD: {"recintos_count":1,"ronda_actual":1,"jugador_activo":2}
[23-Sep-2025 07:55:44 America/Montevideo] ✅ Partida guardada exitosamente en BD
[23-Sep-2025 07:55:58 America/Montevideo] === DEBUG GUARDAR ESTADO PARTIDA ===
[23-Sep-2025 07:55:58 America/Montevideo] Método HTTP: POST
[23-Sep-2025 07:55:58 America/Montevideo] Content-Type: application/json
[23-Sep-2025 07:55:58 America/Montevideo] === Validando estado de usuario ID: 4 ===
[23-Sep-2025 07:55:58 America/Montevideo] === UserRepository::findById(4) ===
[23-Sep-2025 07:55:58 America/Montevideo] Usuario ID 4 encontrado: martin (estado: activo)
[23-Sep-2025 07:55:58 America/Montevideo] Usuario 4 está activo
[23-Sep-2025 07:55:58 America/Montevideo] ✅ Usuario autenticado: ID=4, Username=martin
[23-Sep-2025 07:55:58 America/Montevideo] Raw input recibido (length=330): {"id":125,"partidaId":125,"ronda":1,"turno":1,"jugadorActivo":2,"jugadorQueTiroDado":1,"restriccion":3,"colocadosEnTurno":1,"mano1":["dino3","dino3","dino4","dino1","dino4"],"mano2":["dino1","dino1","dino4","dino3","dino2","dino4"],"colocaciones":[{"recinto":"prado-diferencia","jugador":1,"especie":"dino4"}],"jugador2":"asdada"}
[23-Sep-2025 07:55:58 America/Montevideo] ✅ JSON decodificado correctamente
[23-Sep-2025 07:55:58 America/Montevideo] Datos principales: {"id":125,"partidaId":125,"ronda":1,"colocaciones_count":1}
[23-Sep-2025 07:55:58 America/Montevideo] ✅ ID de partida válido: 125
[23-Sep-2025 07:55:58 America/Montevideo] ✅ Acceso validado correctamente
[23-Sep-2025 07:55:58 America/Montevideo] ✅ Validaciones pasadas: ronda=1, turno=1, jugadorActivo=2
[23-Sep-2025 07:55:58 America/Montevideo] Estado formateado para BD: {"recintos_count":1,"ronda_actual":1,"jugador_activo":2}
[23-Sep-2025 07:55:58 America/Montevideo] ✅ Partida guardada exitosamente en BD
[23-Sep-2025 07:56:01 America/Montevideo] === DEBUG GUARDAR ESTADO PARTIDA ===
[23-Sep-2025 07:56:01 America/Montevideo] Método HTTP: POST
[23-Sep-2025 07:56:01 America/Montevideo] Content-Type: application/json
[23-Sep-2025 07:56:01 America/Montevideo] === Validando estado de usuario ID: 4 ===
[23-Sep-2025 07:56:01 America/Montevideo] === UserRepository::findById(4) ===
[23-Sep-2025 07:56:01 America/Montevideo] Usuario ID 4 encontrado: martin (estado: activo)
[23-Sep-2025 07:56:01 America/Montevideo] Usuario 4 está activo
[23-Sep-2025 07:56:01 America/Montevideo] ✅ Usuario autenticado: ID=4, Username=martin
[23-Sep-2025 07:56:01 America/Montevideo] Raw input recibido (length=330): {"id":125,"partidaId":125,"ronda":1,"turno":1,"jugadorActivo":2,"jugadorQueTiroDado":1,"restriccion":3,"colocadosEnTurno":1,"mano1":["dino3","dino3","dino4","dino1","dino4"],"mano2":["dino1","dino1","dino4","dino3","dino2","dino4"],"colocaciones":[{"recinto":"prado-diferencia","jugador":1,"especie":"dino4"}],"jugador2":"asdada"}
[23-Sep-2025 07:56:01 America/Montevideo] ✅ JSON decodificado correctamente
[23-Sep-2025 07:56:01 America/Montevideo] Datos principales: {"id":125,"partidaId":125,"ronda":1,"colocaciones_count":1}
[23-Sep-2025 07:56:01 America/Montevideo] ✅ ID de partida válido: 125
[23-Sep-2025 07:56:01 America/Montevideo] ✅ Acceso validado correctamente
[23-Sep-2025 07:56:01 America/Montevideo] ✅ Validaciones pasadas: ronda=1, turno=1, jugadorActivo=2
[23-Sep-2025 07:56:01 America/Montevideo] Estado formateado para BD: {"recintos_count":1,"ronda_actual":1,"jugador_activo":2}
[23-Sep-2025 07:56:01 America/Montevideo] ✅ Partida guardada exitosamente en BD
[23-Sep-2025 07:56:03 America/Montevideo] === Validando estado de usuario ID: 4 ===
[23-Sep-2025 07:56:03 America/Montevideo] === UserRepository::findById(4) ===
[23-Sep-2025 07:56:03 America/Montevideo] Usuario ID 4 encontrado: martin (estado: activo)
[23-Sep-2025 07:56:03 America/Montevideo] Usuario 4 está activo
[23-Sep-2025 07:56:03 America/Montevideo] Error decodificando JSON: Syntax error
[23-Sep-2025 07:56:03 America/Montevideo] Datos recibidos: 
[23-Sep-2025 07:56:33 America/Montevideo] === DEBUG GUARDAR ESTADO PARTIDA ===
[23-Sep-2025 07:56:33 America/Montevideo] Método HTTP: POST
[23-Sep-2025 07:56:33 America/Montevideo] Content-Type: application/json
[23-Sep-2025 07:56:33 America/Montevideo] === Validando estado de usuario ID: 4 ===
[23-Sep-2025 07:56:33 America/Montevideo] === UserRepository::findById(4) ===
[23-Sep-2025 07:56:33 America/Montevideo] Usuario ID 4 encontrado: martin (estado: activo)
[23-Sep-2025 07:56:33 America/Montevideo] Usuario 4 está activo
[23-Sep-2025 07:56:33 America/Montevideo] ✅ Usuario autenticado: ID=4, Username=martin
[23-Sep-2025 07:56:33 America/Montevideo] Raw input recibido (length=330): {"id":125,"partidaId":125,"ronda":1,"turno":1,"jugadorActivo":2,"jugadorQueTiroDado":1,"restriccion":3,"colocadosEnTurno":0,"mano1":["dino3","dino3","dino4","dino1","dino4"],"mano2":["dino1","dino1","dino4","dino3","dino2","dino4"],"colocaciones":[{"recinto":"prado-diferencia","jugador":1,"especie":"dino4"}],"jugador2":"asdada"}
[23-Sep-2025 07:56:33 America/Montevideo] ✅ JSON decodificado correctamente
[23-Sep-2025 07:56:33 America/Montevideo] Datos principales: {"id":125,"partidaId":125,"ronda":1,"colocaciones_count":1}
[23-Sep-2025 07:56:33 America/Montevideo] ✅ ID de partida válido: 125
[23-Sep-2025 07:56:33 America/Montevideo] ✅ Acceso validado correctamente
[23-Sep-2025 07:56:33 America/Montevideo] ✅ Validaciones pasadas: ronda=1, turno=1, jugadorActivo=2
[23-Sep-2025 07:56:33 America/Montevideo] Estado formateado para BD: {"recintos_count":1,"ronda_actual":1,"jugador_activo":2}
[23-Sep-2025 07:56:33 America/Montevideo] ✅ Partida guardada exitosamente en BD
[23-Sep-2025 07:57:03 America/Montevideo] === DEBUG GUARDAR ESTADO PARTIDA ===
[23-Sep-2025 07:57:03 America/Montevideo] Método HTTP: POST
[23-Sep-2025 07:57:03 America/Montevideo] Content-Type: application/json
[23-Sep-2025 07:57:03 America/Montevideo] === Validando estado de usuario ID: 4 ===
[23-Sep-2025 07:57:03 America/Montevideo] === UserRepository::findById(4) ===
[23-Sep-2025 07:57:03 America/Montevideo] Usuario ID 4 encontrado: martin (estado: activo)
[23-Sep-2025 07:57:03 America/Montevideo] Usuario 4 está activo
[23-Sep-2025 07:57:03 America/Montevideo] ✅ Usuario autenticado: ID=4, Username=martin
[23-Sep-2025 07:57:03 America/Montevideo] Raw input recibido (length=330): {"id":125,"partidaId":125,"ronda":1,"turno":1,"jugadorActivo":2,"jugadorQueTiroDado":1,"restriccion":3,"colocadosEnTurno":0,"mano1":["dino3","dino3","dino4","dino1","dino4"],"mano2":["dino1","dino1","dino4","dino3","dino2","dino4"],"colocaciones":[{"recinto":"prado-diferencia","jugador":1,"especie":"dino4"}],"jugador2":"asdada"}
[23-Sep-2025 07:57:03 America/Montevideo] ✅ JSON decodificado correctamente
[23-Sep-2025 07:57:03 America/Montevideo] Datos principales: {"id":125,"partidaId":125,"ronda":1,"colocaciones_count":1}
[23-Sep-2025 07:57:03 America/Montevideo] ✅ ID de partida válido: 125
[23-Sep-2025 07:57:03 America/Montevideo] ✅ Acceso validado correctamente
[23-Sep-2025 07:57:03 America/Montevideo] ✅ Validaciones pasadas: ronda=1, turno=1, jugadorActivo=2
[23-Sep-2025 07:57:03 America/Montevideo] Estado formateado para BD: {"recintos_count":1,"ronda_actual":1,"jugador_activo":2}
[23-Sep-2025 07:57:03 America/Montevideo] ✅ Partida guardada exitosamente en BD
[23-Sep-2025 07:57:14 America/Montevideo] === DEBUG GUARDAR ESTADO PARTIDA ===
[23-Sep-2025 07:57:14 America/Montevideo] Método HTTP: POST
[23-Sep-2025 07:57:14 America/Montevideo] Content-Type: application/json
[23-Sep-2025 07:57:14 America/Montevideo] === Validando estado de usuario ID: 4 ===
[23-Sep-2025 07:57:14 America/Montevideo] === UserRepository::findById(4) ===
[23-Sep-2025 07:57:14 America/Montevideo] Usuario ID 4 encontrado: martin (estado: activo)
[23-Sep-2025 07:57:14 America/Montevideo] Usuario 4 está activo
[23-Sep-2025 07:57:14 America/Montevideo] ✅ Usuario autenticado: ID=4, Username=martin
[23-Sep-2025 07:57:14 America/Montevideo] Raw input recibido (length=330): {"id":125,"partidaId":125,"ronda":1,"turno":1,"jugadorActivo":2,"jugadorQueTiroDado":1,"restriccion":3,"colocadosEnTurno":0,"mano1":["dino3","dino3","dino4","dino1","dino4"],"mano2":["dino1","dino1","dino4","dino3","dino2","dino4"],"colocaciones":[{"recinto":"prado-diferencia","jugador":1,"especie":"dino4"}],"jugador2":"asdada"}
[23-Sep-2025 07:57:14 America/Montevideo] ✅ JSON decodificado correctamente
[23-Sep-2025 07:57:14 America/Montevideo] Datos principales: {"id":125,"partidaId":125,"ronda":1,"colocaciones_count":1}
[23-Sep-2025 07:57:14 America/Montevideo] ✅ ID de partida válido: 125
[23-Sep-2025 07:57:14 America/Montevideo] ✅ Acceso validado correctamente
[23-Sep-2025 07:57:14 America/Montevideo] ✅ Validaciones pasadas: ronda=1, turno=1, jugadorActivo=2
[23-Sep-2025 07:57:14 America/Montevideo] Estado formateado para BD: {"recintos_count":1,"ronda_actual":1,"jugador_activo":2}
[23-Sep-2025 07:57:14 America/Montevideo] ✅ Partida guardada exitosamente en BD
[23-Sep-2025 07:57:14 America/Montevideo] === Validando estado de usuario ID: 4 ===
[23-Sep-2025 07:57:14 America/Montevideo] === UserRepository::findById(4) ===
[23-Sep-2025 07:57:14 America/Montevideo] Usuario ID 4 encontrado: martin (estado: activo)
[23-Sep-2025 07:57:14 America/Montevideo] Usuario 4 está activo
[23-Sep-2025 07:57:15 America/Montevideo] === Validando estado de usuario ID: 4 ===
[23-Sep-2025 07:57:15 America/Montevideo] === UserRepository::findById(4) ===
[23-Sep-2025 07:57:15 America/Montevideo] Usuario ID 4 encontrado: martin (estado: activo)
[23-Sep-2025 07:57:15 America/Montevideo] Usuario 4 está activo
[23-Sep-2025 07:57:15 America/Montevideo] requireLogin: Usuario 4 validado correctamente
[23-Sep-2025 07:57:15 America/Montevideo] === Validando estado de usuario ID: 4 ===
[23-Sep-2025 07:57:15 America/Montevideo] === UserRepository::findById(4) ===
[23-Sep-2025 07:57:15 America/Montevideo] Usuario ID 4 encontrado: martin (estado: activo)
[23-Sep-2025 07:57:15 America/Montevideo] Usuario 4 está activo
[23-Sep-2025 07:57:15 America/Montevideo] === Validando estado de usuario ID: 4 ===
[23-Sep-2025 07:57:15 America/Montevideo] === UserRepository::findById(4) ===
[23-Sep-2025 07:57:15 America/Montevideo] Usuario ID 4 encontrado: martin (estado: activo)
[23-Sep-2025 07:57:15 America/Montevideo] Usuario 4 está activo
[23-Sep-2025 07:57:22 America/Montevideo] === Validando estado de usuario ID: 4 ===
[23-Sep-2025 07:57:22 America/Montevideo] === UserRepository::findById(4) ===
[23-Sep-2025 07:57:22 America/Montevideo] Usuario ID 4 encontrado: martin (estado: activo)
[23-Sep-2025 07:57:22 America/Montevideo] Usuario 4 está activo
[23-Sep-2025 07:57:22 America/Montevideo] === Validando estado de usuario ID: 4 ===
[23-Sep-2025 07:57:22 America/Montevideo] === UserRepository::findById(4) ===
[23-Sep-2025 07:57:22 America/Montevideo] Usuario ID 4 encontrado: martin (estado: activo)
[23-Sep-2025 07:57:22 America/Montevideo] Usuario 4 está activo
[23-Sep-2025 07:57:22 America/Montevideo] === Validando estado de usuario ID: 4 ===
[23-Sep-2025 07:57:22 America/Montevideo] === UserRepository::findById(4) ===
[23-Sep-2025 07:57:22 America/Montevideo] Usuario ID 4 encontrado: martin (estado: activo)
[23-Sep-2025 07:57:22 America/Montevideo] Usuario 4 está activo
[23-Sep-2025 07:57:22 America/Montevideo] Error decodificando JSON: Syntax error
[23-Sep-2025 07:57:22 America/Montevideo] Datos recibidos: 
[23-Sep-2025 07:57:25 America/Montevideo] === Validando estado de usuario ID: 4 ===
[23-Sep-2025 07:57:25 America/Montevideo] === UserRepository::findById(4) ===
[23-Sep-2025 07:57:25 America/Montevideo] Usuario ID 4 encontrado: martin (estado: activo)
[23-Sep-2025 07:57:25 America/Montevideo] Usuario 4 está activo
[23-Sep-2025 07:57:25 America/Montevideo] requireLogin: Usuario 4 validado correctamente
[23-Sep-2025 07:57:26 America/Montevideo] === Validando estado de usuario ID: 4 ===
[23-Sep-2025 07:57:26 America/Montevideo] === UserRepository::findById(4) ===
[23-Sep-2025 07:57:26 America/Montevideo] Usuario ID 4 encontrado: martin (estado: activo)
[23-Sep-2025 07:57:26 America/Montevideo] Usuario 4 está activo
[23-Sep-2025 07:57:26 America/Montevideo] === Validando estado de usuario ID: 4 ===
[23-Sep-2025 07:57:26 America/Montevideo] === UserRepository::findById(4) ===
[23-Sep-2025 07:57:26 America/Montevideo] Usuario ID 4 encontrado: martin (estado: activo)
[23-Sep-2025 07:57:26 America/Montevideo] Usuario 4 está activo
[23-Sep-2025 07:57:28 America/Montevideo] === Validando estado de usuario ID: 4 ===
[23-Sep-2025 07:57:28 America/Montevideo] === UserRepository::findById(4) ===
[23-Sep-2025 07:57:28 America/Montevideo] Usuario ID 4 encontrado: martin (estado: activo)
[23-Sep-2025 07:57:28 America/Montevideo] Usuario 4 está activo
[23-Sep-2025 07:57:35 America/Montevideo] === Validando estado de usuario ID: 4 ===
[23-Sep-2025 07:57:35 America/Montevideo] === UserRepository::findById(4) ===
[23-Sep-2025 07:57:35 America/Montevideo] Usuario ID 4 encontrado: martin (estado: activo)
[23-Sep-2025 07:57:35 America/Montevideo] Usuario 4 está activo
[23-Sep-2025 07:57:35 America/Montevideo] === Validando estado de usuario ID: 4 ===
[23-Sep-2025 07:57:35 America/Montevideo] === UserRepository::findById(4) ===
[23-Sep-2025 07:57:35 America/Montevideo] Usuario ID 4 encontrado: martin (estado: activo)
[23-Sep-2025 07:57:35 America/Montevideo] Usuario 4 está activo
[23-Sep-2025 07:57:36 America/Montevideo] === Validando estado de usuario ID: 4 ===
[23-Sep-2025 07:57:36 America/Montevideo] === UserRepository::findById(4) ===
[23-Sep-2025 07:57:36 America/Montevideo] Usuario ID 4 encontrado: martin (estado: activo)
[23-Sep-2025 07:57:36 America/Montevideo] Usuario 4 está activo
[23-Sep-2025 07:57:36 America/Montevideo] Error decodificando JSON: Syntax error
[23-Sep-2025 07:57:36 America/Montevideo] Datos recibidos: 
[23-Sep-2025 07:59:40 America/Montevideo] === DEBUG GUARDAR ESTADO PARTIDA ===
[23-Sep-2025 07:59:40 America/Montevideo] Método HTTP: POST
[23-Sep-2025 07:59:40 America/Montevideo] Content-Type: application/json
[23-Sep-2025 07:59:40 America/Montevideo] === Validando estado de usuario ID: 4 ===
[23-Sep-2025 07:59:40 America/Montevideo] === UserRepository::findById(4) ===
[23-Sep-2025 07:59:40 America/Montevideo] Usuario ID 4 encontrado: martin (estado: activo)
[23-Sep-2025 07:59:40 America/Montevideo] Usuario 4 está activo
[23-Sep-2025 07:59:40 America/Montevideo] ✅ Usuario autenticado: ID=4, Username=martin
[23-Sep-2025 07:59:40 America/Montevideo] Raw input recibido (length=282): {"id":127,"partidaId":127,"ronda":1,"turno":1,"jugadorActivo":2,"jugadorQueTiroDado":1,"restriccion":null,"colocadosEnTurno":0,"mano1":["dino3","dino1","dino2","dino4","dino5","dino3"],"mano2":["dino1","dino4","dino2","trex","dino1","dino1"],"colocaciones":[],"jugador2":"rtyrtyrt"}
[23-Sep-2025 07:59:40 America/Montevideo] ✅ JSON decodificado correctamente
[23-Sep-2025 07:59:40 America/Montevideo] Datos principales: {"id":127,"partidaId":127,"ronda":1,"colocaciones_count":0}
[23-Sep-2025 07:59:40 America/Montevideo] ✅ ID de partida válido: 127
[23-Sep-2025 07:59:40 America/Montevideo] ✅ Acceso validado correctamente
[23-Sep-2025 07:59:40 America/Montevideo] ✅ Validaciones pasadas: ronda=1, turno=1, jugadorActivo=2
[23-Sep-2025 07:59:40 America/Montevideo] Estado formateado para BD: {"recintos_count":0,"ronda_actual":1,"jugador_activo":2}
[23-Sep-2025 07:59:40 America/Montevideo] ✅ Partida guardada exitosamente en BD
[23-Sep-2025 07:59:40 America/Montevideo] === Validando estado de usuario ID: 4 ===
[23-Sep-2025 07:59:40 America/Montevideo] === UserRepository::findById(4) ===
[23-Sep-2025 07:59:40 America/Montevideo] Usuario ID 4 encontrado: martin (estado: activo)
[23-Sep-2025 07:59:40 America/Montevideo] Usuario 4 está activo
[23-Sep-2025 07:59:40 America/Montevideo] === Validando estado de usuario ID: 4 ===
[23-Sep-2025 07:59:40 America/Montevideo] === UserRepository::findById(4) ===
[23-Sep-2025 07:59:40 America/Montevideo] Usuario ID 4 encontrado: martin (estado: activo)
[23-Sep-2025 07:59:40 America/Montevideo] Usuario 4 está activo
[23-Sep-2025 07:59:40 America/Montevideo] requireLogin: Usuario 4 validado correctamente
[23-Sep-2025 07:59:40 America/Montevideo] === Validando estado de usuario ID: 4 ===
[23-Sep-2025 07:59:40 America/Montevideo] === UserRepository::findById(4) ===
[23-Sep-2025 07:59:40 America/Montevideo] Usuario ID 4 encontrado: martin (estado: activo)
[23-Sep-2025 07:59:40 America/Montevideo] Usuario 4 está activo
[23-Sep-2025 07:59:41 America/Montevideo] === Validando estado de usuario ID: 4 ===
[23-Sep-2025 07:59:41 America/Montevideo] === UserRepository::findById(4) ===
[23-Sep-2025 07:59:41 America/Montevideo] Usuario ID 4 encontrado: martin (estado: activo)
[23-Sep-2025 07:59:41 America/Montevideo] Usuario 4 está activo
[23-Sep-2025 07:59:47 America/Montevideo] === Validando estado de usuario ID: 4 ===
[23-Sep-2025 07:59:47 America/Montevideo] === UserRepository::findById(4) ===
[23-Sep-2025 07:59:47 America/Montevideo] Usuario ID 4 encontrado: martin (estado: activo)
[23-Sep-2025 07:59:47 America/Montevideo] Usuario 4 está activo
[23-Sep-2025 07:59:47 America/Montevideo] === Validando estado de usuario ID: 4 ===
[23-Sep-2025 07:59:47 America/Montevideo] === UserRepository::findById(4) ===
[23-Sep-2025 07:59:47 America/Montevideo] Usuario ID 4 encontrado: martin (estado: activo)
[23-Sep-2025 07:59:47 America/Montevideo] Usuario 4 está activo
[23-Sep-2025 07:59:47 America/Montevideo] === Validando estado de usuario ID: 4 ===
[23-Sep-2025 07:59:47 America/Montevideo] === UserRepository::findById(4) ===
[23-Sep-2025 07:59:47 America/Montevideo] Usuario ID 4 encontrado: martin (estado: activo)
[23-Sep-2025 07:59:47 America/Montevideo] Usuario 4 está activo
[23-Sep-2025 07:59:47 America/Montevideo] ⚠️ ADVERTENCIA: Petición sin cuerpo recibida
[23-Sep-2025 07:59:50 America/Montevideo] === Validando estado de usuario ID: 4 ===
[23-Sep-2025 07:59:50 America/Montevideo] === UserRepository::findById(4) ===
[23-Sep-2025 07:59:50 America/Montevideo] Usuario ID 4 encontrado: martin (estado: activo)
[23-Sep-2025 07:59:50 America/Montevideo] Usuario 4 está activo
[23-Sep-2025 07:59:50 America/Montevideo] requireLogin: Usuario 4 validado correctamente
[23-Sep-2025 07:59:50 America/Montevideo] === Validando estado de usuario ID: 4 ===
[23-Sep-2025 07:59:50 America/Montevideo] === UserRepository::findById(4) ===
[23-Sep-2025 07:59:50 America/Montevideo] Usuario ID 4 encontrado: martin (estado: activo)
[23-Sep-2025 07:59:50 America/Montevideo] Usuario 4 está activo
[23-Sep-2025 07:59:50 America/Montevideo] === Validando estado de usuario ID: 4 ===
[23-Sep-2025 07:59:50 America/Montevideo] === UserRepository::findById(4) ===
[23-Sep-2025 07:59:50 America/Montevideo] Usuario ID 4 encontrado: martin (estado: activo)
[23-Sep-2025 07:59:50 America/Montevideo] Usuario 4 está activo
[23-Sep-2025 08:00:45 America/Montevideo] === Validando estado de usuario ID: 4 ===
[23-Sep-2025 08:00:45 America/Montevideo] === UserRepository::findById(4) ===
[23-Sep-2025 08:00:45 America/Montevideo] Usuario ID 4 encontrado: martin (estado: activo)
[23-Sep-2025 08:00:45 America/Montevideo] Usuario 4 está activo
[23-Sep-2025 08:00:45 America/Montevideo] === Validando estado de usuario ID: 4 ===
[23-Sep-2025 08:00:45 America/Montevideo] === UserRepository::findById(4) ===
[23-Sep-2025 08:00:45 America/Montevideo] Usuario ID 4 encontrado: martin (estado: activo)
[23-Sep-2025 08:00:45 America/Montevideo] Usuario 4 está activo
[23-Sep-2025 08:00:45 America/Montevideo] === Validando estado de usuario ID: 4 ===
[23-Sep-2025 08:00:45 America/Montevideo] === UserRepository::findById(4) ===
[23-Sep-2025 08:00:45 America/Montevideo] Usuario ID 4 encontrado: martin (estado: activo)
[23-Sep-2025 08:00:45 America/Montevideo] Usuario 4 está activo
[23-Sep-2025 08:00:45 America/Montevideo] ⚠️ ADVERTENCIA: Petición sin cuerpo recibida
[23-Sep-2025 08:00:45 America/Montevideo] === Validando estado de usuario ID: 4 ===
[23-Sep-2025 08:00:45 America/Montevideo] === UserRepository::findById(4) ===
[23-Sep-2025 08:00:45 America/Montevideo] Usuario ID 4 encontrado: martin (estado: activo)
[23-Sep-2025 08:00:45 America/Montevideo] Usuario 4 está activo
[23-Sep-2025 08:00:55 America/Montevideo] === DEBUG GUARDAR ESTADO PARTIDA ===
[23-Sep-2025 08:00:55 America/Montevideo] Método HTTP: POST
[23-Sep-2025 08:00:55 America/Montevideo] Content-Type: application/json
[23-Sep-2025 08:00:55 America/Montevideo] === Validando estado de usuario ID: 4 ===
[23-Sep-2025 08:00:55 America/Montevideo] === UserRepository::findById(4) ===
[23-Sep-2025 08:00:55 America/Montevideo] Usuario ID 4 encontrado: martin (estado: activo)
[23-Sep-2025 08:00:55 America/Montevideo] Usuario 4 está activo
[23-Sep-2025 08:00:55 America/Montevideo] ✅ Usuario autenticado: ID=4, Username=martin
[23-Sep-2025 08:00:55 America/Montevideo] Raw input recibido (length=277): {"id":129,"partidaId":129,"ronda":1,"turno":1,"jugadorActivo":2,"jugadorQueTiroDado":1,"restriccion":3,"colocadosEnTurno":0,"mano1":["dino4","dino3","dino1","dino4","dino4","dino4"],"mano2":["dino1","dino4","dino3","dino5","dino1","dino1"],"colocaciones":[],"jugador2":"asdas"}
[23-Sep-2025 08:00:55 America/Montevideo] ✅ JSON decodificado correctamente
[23-Sep-2025 08:00:55 America/Montevideo] Datos principales: {"id":129,"partidaId":129,"ronda":1,"colocaciones_count":0}
[23-Sep-2025 08:00:55 America/Montevideo] ✅ ID de partida válido: 129
[23-Sep-2025 08:00:55 America/Montevideo] ✅ Acceso validado correctamente
[23-Sep-2025 08:00:55 America/Montevideo] ✅ Validaciones pasadas: ronda=1, turno=1, jugadorActivo=2
[23-Sep-2025 08:00:55 America/Montevideo] Estado formateado para BD: {"recintos_count":0,"ronda_actual":1,"jugador_activo":2}
[23-Sep-2025 08:00:55 America/Montevideo] ✅ Partida guardada exitosamente en BD
[23-Sep-2025 08:00:57 America/Montevideo] === INICIO validarColocacionDino ===
[23-Sep-2025 08:00:57 America/Montevideo] Método: POST
[23-Sep-2025 08:00:57 America/Montevideo] Content-Type: application/json
[23-Sep-2025 08:00:57 America/Montevideo] === Validando estado de usuario ID: 4 ===
[23-Sep-2025 08:00:57 America/Montevideo] === UserRepository::findById(4) ===
[23-Sep-2025 08:00:57 America/Montevideo] Usuario ID 4 encontrado: martin (estado: activo)
[23-Sep-2025 08:00:57 America/Montevideo] Usuario 4 está activo
[23-Sep-2025 08:00:57 America/Montevideo] ✅ Usuario autenticado: 4
[23-Sep-2025 08:00:57 America/Montevideo] Datos recibidos para validación: {"partidaId":129,"restriccion":3,"recintoId":"trio-frondoso","especie":"dino5"}
[23-Sep-2025 08:00:57 America/Montevideo] ✅ COLOCACIÓN VÁLIDA: Dado tirado (restricción=3), recinto=trio-frondoso, especie=dino5
[23-Sep-2025 08:00:57 America/Montevideo] === FIN validarColocacionDino ===
[23-Sep-2025 08:00:57 America/Montevideo] === DEBUG GUARDAR ESTADO PARTIDA ===
[23-Sep-2025 08:00:57 America/Montevideo] Método HTTP: POST
[23-Sep-2025 08:00:57 America/Montevideo] Content-Type: application/json
[23-Sep-2025 08:00:57 America/Montevideo] === Validando estado de usuario ID: 4 ===
[23-Sep-2025 08:00:57 America/Montevideo] === UserRepository::findById(4) ===
[23-Sep-2025 08:00:57 America/Montevideo] Usuario ID 4 encontrado: martin (estado: activo)
[23-Sep-2025 08:00:57 America/Montevideo] Usuario 4 está activo
[23-Sep-2025 08:00:57 America/Montevideo] ✅ Usuario autenticado: ID=4, Username=martin
[23-Sep-2025 08:00:57 America/Montevideo] Raw input recibido (length=326): {"id":129,"partidaId":129,"ronda":1,"turno":1,"jugadorActivo":2,"jugadorQueTiroDado":1,"restriccion":3,"colocadosEnTurno":1,"mano1":["dino4","dino3","dino1","dino4","dino4","dino4"],"mano2":["dino1","dino4","dino3","dino1","dino1"],"colocaciones":[{"recinto":"trio-frondoso","jugador":2,"especie":"dino5"}],"jugador2":"asdas"}
[23-Sep-2025 08:00:57 America/Montevideo] ✅ JSON decodificado correctamente
[23-Sep-2025 08:00:57 America/Montevideo] Datos principales: {"id":129,"partidaId":129,"ronda":1,"colocaciones_count":1}
[23-Sep-2025 08:00:57 America/Montevideo] ✅ ID de partida válido: 129
[23-Sep-2025 08:00:57 America/Montevideo] ✅ Acceso validado correctamente
[23-Sep-2025 08:00:57 America/Montevideo] ✅ Validaciones pasadas: ronda=1, turno=1, jugadorActivo=2
[23-Sep-2025 08:00:57 America/Montevideo] Estado formateado para BD: {"recintos_count":1,"ronda_actual":1,"jugador_activo":2}
[23-Sep-2025 08:00:57 America/Montevideo] ✅ Partida guardada exitosamente en BD
[23-Sep-2025 08:00:59 America/Montevideo] PHP Notice:  session_start(): ps_files_cleanup_dir: opendir(C:\Windows\Temp) failed: No error (0) in C:\Users\USUARIO\Documents\GitHub\Draftosaurus\api\helpers\AuthHelper.php on line 15
[23-Sep-2025 08:00:59 America/Montevideo] === INICIO validarColocacionDino ===
[23-Sep-2025 08:00:59 America/Montevideo] Método: POST
[23-Sep-2025 08:00:59 America/Montevideo] Content-Type: application/json
[23-Sep-2025 08:00:59 America/Montevideo] === Validando estado de usuario ID: 4 ===
[23-Sep-2025 08:00:59 America/Montevideo] === UserRepository::findById(4) ===
[23-Sep-2025 08:00:59 America/Montevideo] Usuario ID 4 encontrado: martin (estado: activo)
[23-Sep-2025 08:00:59 America/Montevideo] Usuario 4 está activo
[23-Sep-2025 08:00:59 America/Montevideo] ✅ Usuario autenticado: 4
[23-Sep-2025 08:00:59 America/Montevideo] Datos recibidos para validación: {"partidaId":129,"restriccion":3,"recintoId":"prado-diferencia","especie":"dino4"}
[23-Sep-2025 08:00:59 America/Montevideo] ✅ COLOCACIÓN VÁLIDA: Dado tirado (restricción=3), recinto=prado-diferencia, especie=dino4
[23-Sep-2025 08:00:59 America/Montevideo] === FIN validarColocacionDino ===
[23-Sep-2025 08:00:59 America/Montevideo] === DEBUG GUARDAR ESTADO PARTIDA ===
[23-Sep-2025 08:00:59 America/Montevideo] Método HTTP: POST
[23-Sep-2025 08:00:59 America/Montevideo] Content-Type: application/json
[23-Sep-2025 08:00:59 America/Montevideo] === Validando estado de usuario ID: 4 ===
[23-Sep-2025 08:00:59 America/Montevideo] === UserRepository::findById(4) ===
[23-Sep-2025 08:00:59 America/Montevideo] Usuario ID 4 encontrado: martin (estado: activo)
[23-Sep-2025 08:00:59 America/Montevideo] Usuario 4 está activo
[23-Sep-2025 08:00:59 America/Montevideo] ✅ Usuario autenticado: ID=4, Username=martin
[23-Sep-2025 08:00:59 America/Montevideo] Raw input recibido (length=379): {"id":129,"partidaId":129,"ronda":1,"turno":1,"jugadorActivo":1,"jugadorQueTiroDado":1,"restriccion":3,"colocadosEnTurno":2,"mano1":["dino4","dino3","dino1","dino4","dino4"],"mano2":["dino1","dino4","dino3","dino1","dino1"],"colocaciones":[{"recinto":"trio-frondoso","jugador":2,"especie":"dino5"},{"recinto":"prado-diferencia","jugador":1,"especie":"dino4"}],"jugador2":"asdas"}
[23-Sep-2025 08:00:59 America/Montevideo] ✅ JSON decodificado correctamente
[23-Sep-2025 08:00:59 America/Montevideo] Datos principales: {"id":129,"partidaId":129,"ronda":1,"colocaciones_count":2}
[23-Sep-2025 08:00:59 America/Montevideo] ✅ ID de partida válido: 129
[23-Sep-2025 08:00:59 America/Montevideo] ✅ Acceso validado correctamente
[23-Sep-2025 08:00:59 America/Montevideo] ✅ Validaciones pasadas: ronda=1, turno=1, jugadorActivo=1
[23-Sep-2025 08:00:59 America/Montevideo] Estado formateado para BD: {"recintos_count":2,"ronda_actual":1,"jugador_activo":1}
[23-Sep-2025 08:00:59 America/Montevideo] ✅ Partida guardada exitosamente en BD
[23-Sep-2025 08:00:59 America/Montevideo] === DEBUG GUARDAR ESTADO PARTIDA ===
[23-Sep-2025 08:00:59 America/Montevideo] Método HTTP: POST
[23-Sep-2025 08:00:59 America/Montevideo] Content-Type: application/json
[23-Sep-2025 08:00:59 America/Montevideo] === Validando estado de usuario ID: 4 ===
[23-Sep-2025 08:00:59 America/Montevideo] === UserRepository::findById(4) ===
[23-Sep-2025 08:00:59 America/Montevideo] Usuario ID 4 encontrado: martin (estado: activo)
[23-Sep-2025 08:00:59 America/Montevideo] Usuario 4 está activo
[23-Sep-2025 08:00:59 America/Montevideo] ✅ Usuario autenticado: ID=4, Username=martin
[23-Sep-2025 08:00:59 America/Montevideo] Raw input recibido (length=382): {"id":129,"partidaId":129,"ronda":1,"turno":2,"jugadorActivo":1,"jugadorQueTiroDado":1,"restriccion":null,"colocadosEnTurno":0,"mano1":["dino1","dino4","dino3","dino1","dino1"],"mano2":["dino4","dino3","dino1","dino4","dino4"],"colocaciones":[{"recinto":"trio-frondoso","jugador":2,"especie":"dino5"},{"recinto":"prado-diferencia","jugador":1,"especie":"dino4"}],"jugador2":"asdas"}
[23-Sep-2025 08:00:59 America/Montevideo] ✅ JSON decodificado correctamente
[23-Sep-2025 08:00:59 America/Montevideo] Datos principales: {"id":129,"partidaId":129,"ronda":1,"colocaciones_count":2}
[23-Sep-2025 08:00:59 America/Montevideo] ✅ ID de partida válido: 129
[23-Sep-2025 08:00:59 America/Montevideo] ✅ Acceso validado correctamente
[23-Sep-2025 08:00:59 America/Montevideo] ✅ Validaciones pasadas: ronda=1, turno=2, jugadorActivo=1
[23-Sep-2025 08:00:59 America/Montevideo] Estado formateado para BD: {"recintos_count":2,"ronda_actual":1,"jugador_activo":1}
[23-Sep-2025 08:00:59 America/Montevideo] ✅ Partida guardada exitosamente en BD
[23-Sep-2025 08:01:15 America/Montevideo] === DEBUG GUARDAR ESTADO PARTIDA ===
[23-Sep-2025 08:01:15 America/Montevideo] Método HTTP: POST
[23-Sep-2025 08:01:15 America/Montevideo] Content-Type: application/json
[23-Sep-2025 08:01:15 America/Montevideo] === Validando estado de usuario ID: 4 ===
[23-Sep-2025 08:01:15 America/Montevideo] === UserRepository::findById(4) ===
[23-Sep-2025 08:01:15 America/Montevideo] Usuario ID 4 encontrado: martin (estado: activo)
[23-Sep-2025 08:01:15 America/Montevideo] Usuario 4 está activo
[23-Sep-2025 08:01:15 America/Montevideo] ✅ Usuario autenticado: ID=4, Username=martin
[23-Sep-2025 08:01:15 America/Montevideo] Raw input recibido (length=382): {"id":129,"partidaId":129,"ronda":1,"turno":2,"jugadorActivo":1,"jugadorQueTiroDado":1,"restriccion":null,"colocadosEnTurno":0,"mano1":["dino1","dino4","dino3","dino1","dino1"],"mano2":["dino4","dino3","dino1","dino4","dino4"],"colocaciones":[{"recinto":"trio-frondoso","jugador":2,"especie":"dino5"},{"recinto":"prado-diferencia","jugador":1,"especie":"dino4"}],"jugador2":"asdas"}
[23-Sep-2025 08:01:15 America/Montevideo] ✅ JSON decodificado correctamente
[23-Sep-2025 08:01:15 America/Montevideo] Datos principales: {"id":129,"partidaId":129,"ronda":1,"colocaciones_count":2}
[23-Sep-2025 08:01:15 America/Montevideo] ✅ ID de partida válido: 129
[23-Sep-2025 08:01:15 America/Montevideo] ✅ Acceso validado correctamente
[23-Sep-2025 08:01:15 America/Montevideo] ✅ Validaciones pasadas: ronda=1, turno=2, jugadorActivo=1
[23-Sep-2025 08:01:15 America/Montevideo] Estado formateado para BD: {"recintos_count":2,"ronda_actual":1,"jugador_activo":1}
[23-Sep-2025 08:01:15 America/Montevideo] ✅ Partida guardada exitosamente en BD
[23-Sep-2025 08:01:31 America/Montevideo] === DEBUG GUARDAR ESTADO PARTIDA ===
[23-Sep-2025 08:01:31 America/Montevideo] Método HTTP: POST
[23-Sep-2025 08:01:31 America/Montevideo] Content-Type: application/json
[23-Sep-2025 08:01:31 America/Montevideo] === Validando estado de usuario ID: 4 ===
[23-Sep-2025 08:01:31 America/Montevideo] === UserRepository::findById(4) ===
[23-Sep-2025 08:01:31 America/Montevideo] Usuario ID 4 encontrado: martin (estado: activo)
[23-Sep-2025 08:01:31 America/Montevideo] Usuario 4 está activo
[23-Sep-2025 08:01:31 America/Montevideo] ✅ Usuario autenticado: ID=4, Username=martin
[23-Sep-2025 08:01:31 America/Montevideo] Raw input recibido (length=379): {"id":129,"partidaId":129,"ronda":1,"turno":2,"jugadorActivo":1,"jugadorQueTiroDado":1,"restriccion":2,"colocadosEnTurno":0,"mano1":["dino1","dino4","dino3","dino1","dino1"],"mano2":["dino4","dino3","dino1","dino4","dino4"],"colocaciones":[{"recinto":"trio-frondoso","jugador":2,"especie":"dino5"},{"recinto":"prado-diferencia","jugador":1,"especie":"dino4"}],"jugador2":"asdas"}
[23-Sep-2025 08:01:31 America/Montevideo] ✅ JSON decodificado correctamente
[23-Sep-2025 08:01:31 America/Montevideo] Datos principales: {"id":129,"partidaId":129,"ronda":1,"colocaciones_count":2}
[23-Sep-2025 08:01:31 America/Montevideo] ✅ ID de partida válido: 129
[23-Sep-2025 08:01:31 America/Montevideo] ✅ Acceso validado correctamente
[23-Sep-2025 08:01:31 America/Montevideo] ✅ Validaciones pasadas: ronda=1, turno=2, jugadorActivo=1
[23-Sep-2025 08:01:31 America/Montevideo] Estado formateado para BD: {"recintos_count":2,"ronda_actual":1,"jugador_activo":1}
[23-Sep-2025 08:01:31 America/Montevideo] ✅ Partida guardada exitosamente en BD
[23-Sep-2025 08:01:35 America/Montevideo] === INICIO validarColocacionDino ===
[23-Sep-2025 08:01:35 America/Montevideo] Método: POST
[23-Sep-2025 08:01:35 America/Montevideo] Content-Type: application/json
[23-Sep-2025 08:01:35 America/Montevideo] === Validando estado de usuario ID: 4 ===
[23-Sep-2025 08:01:35 America/Montevideo] === UserRepository::findById(4) ===
[23-Sep-2025 08:01:35 America/Montevideo] Usuario ID 4 encontrado: martin (estado: activo)
[23-Sep-2025 08:01:35 America/Montevideo] Usuario 4 está activo
[23-Sep-2025 08:01:35 America/Montevideo] ✅ Usuario autenticado: 4
[23-Sep-2025 08:01:35 America/Montevideo] Datos recibidos para validación: {"partidaId":129,"restriccion":2,"recintoId":"trio-frondoso","especie":"dino1"}
[23-Sep-2025 08:01:35 America/Montevideo] ✅ COLOCACIÓN VÁLIDA: Dado tirado (restricción=2), recinto=trio-frondoso, especie=dino1
[23-Sep-2025 08:01:35 America/Montevideo] === FIN validarColocacionDino ===
[23-Sep-2025 08:01:35 America/Montevideo] === DEBUG GUARDAR ESTADO PARTIDA ===
[23-Sep-2025 08:01:35 America/Montevideo] Método HTTP: POST
[23-Sep-2025 08:01:35 America/Montevideo] Content-Type: application/json
[23-Sep-2025 08:01:35 America/Montevideo] === Validando estado de usuario ID: 4 ===
[23-Sep-2025 08:01:35 America/Montevideo] === UserRepository::findById(4) ===
[23-Sep-2025 08:01:35 America/Montevideo] Usuario ID 4 encontrado: martin (estado: activo)
[23-Sep-2025 08:01:35 America/Montevideo] Usuario 4 está activo
[23-Sep-2025 08:01:35 America/Montevideo] ✅ Usuario autenticado: ID=4, Username=martin
[23-Sep-2025 08:01:35 America/Montevideo] Raw input recibido (length=429): {"id":129,"partidaId":129,"ronda":1,"turno":2,"jugadorActivo":1,"jugadorQueTiroDado":1,"restriccion":2,"colocadosEnTurno":1,"mano1":["dino1","dino4","dino3","dino1"],"mano2":["dino4","dino3","dino1","dino4","dino4"],"colocaciones":[{"recinto":"trio-frondoso","jugador":2,"especie":"dino5"},{"recinto":"trio-frondoso","jugador":1,"especie":"dino1"},{"recinto":"prado-diferencia","jugador":1,"especie":"dino4"}],"jugador2":"asdas"}
[23-Sep-2025 08:01:35 America/Montevideo] ✅ JSON decodificado correctamente
[23-Sep-2025 08:01:35 America/Montevideo] Datos principales: {"id":129,"partidaId":129,"ronda":1,"colocaciones_count":3}
[23-Sep-2025 08:01:35 America/Montevideo] ✅ ID de partida válido: 129
[23-Sep-2025 08:01:35 America/Montevideo] ✅ Acceso validado correctamente
[23-Sep-2025 08:01:35 America/Montevideo] ✅ Validaciones pasadas: ronda=1, turno=2, jugadorActivo=1
[23-Sep-2025 08:01:35 America/Montevideo] Estado formateado para BD: {"recintos_count":2,"ronda_actual":1,"jugador_activo":1}
[23-Sep-2025 08:01:35 America/Montevideo] ✅ Partida guardada exitosamente en BD
[23-Sep-2025 08:01:40 America/Montevideo] === INICIO validarColocacionDino ===
[23-Sep-2025 08:01:40 America/Montevideo] Método: POST
[23-Sep-2025 08:01:40 America/Montevideo] Content-Type: application/json
[23-Sep-2025 08:01:40 America/Montevideo] === Validando estado de usuario ID: 4 ===
[23-Sep-2025 08:01:40 America/Montevideo] === UserRepository::findById(4) ===
[23-Sep-2025 08:01:40 America/Montevideo] Usuario ID 4 encontrado: martin (estado: activo)
[23-Sep-2025 08:01:40 America/Montevideo] Usuario 4 está activo
[23-Sep-2025 08:01:40 America/Montevideo] ✅ Usuario autenticado: 4
[23-Sep-2025 08:01:40 America/Montevideo] Datos recibidos para validación: {"partidaId":129,"restriccion":2,"recintoId":"isla-solitario","especie":"dino4"}
[23-Sep-2025 08:01:40 America/Montevideo] ✅ COLOCACIÓN VÁLIDA: Dado tirado (restricción=2), recinto=isla-solitario, especie=dino4
[23-Sep-2025 08:01:40 America/Montevideo] === FIN validarColocacionDino ===
[23-Sep-2025 08:01:40 America/Montevideo] === DEBUG GUARDAR ESTADO PARTIDA ===
[23-Sep-2025 08:01:40 America/Montevideo] Método HTTP: POST
[23-Sep-2025 08:01:40 America/Montevideo] Content-Type: application/json
[23-Sep-2025 08:01:40 America/Montevideo] === Validando estado de usuario ID: 4 ===
[23-Sep-2025 08:01:40 America/Montevideo] === UserRepository::findById(4) ===
[23-Sep-2025 08:01:40 America/Montevideo] Usuario ID 4 encontrado: martin (estado: activo)
[23-Sep-2025 08:01:40 America/Montevideo] Usuario 4 está activo
[23-Sep-2025 08:01:40 America/Montevideo] ✅ Usuario autenticado: ID=4, Username=martin
[23-Sep-2025 08:01:40 America/Montevideo] Raw input recibido (length=480): {"id":129,"partidaId":129,"ronda":1,"turno":2,"jugadorActivo":2,"jugadorQueTiroDado":1,"restriccion":2,"colocadosEnTurno":2,"mano1":["dino1","dino4","dino3","dino1"],"mano2":["dino4","dino3","dino1","dino4"],"colocaciones":[{"recinto":"trio-frondoso","jugador":2,"especie":"dino5"},{"recinto":"trio-frondoso","jugador":1,"especie":"dino1"},{"recinto":"prado-diferencia","jugador":1,"especie":"dino4"},{"recinto":"isla-solitario","jugador":2,"especie":"dino4"}],"jugador2":"asdas"}
[23-Sep-2025 08:01:40 America/Montevideo] ✅ JSON decodificado correctamente
[23-Sep-2025 08:01:40 America/Montevideo] Datos principales: {"id":129,"partidaId":129,"ronda":1,"colocaciones_count":4}
[23-Sep-2025 08:01:40 America/Montevideo] ✅ ID de partida válido: 129
[23-Sep-2025 08:01:40 America/Montevideo] ✅ Acceso validado correctamente
[23-Sep-2025 08:01:40 America/Montevideo] ✅ Validaciones pasadas: ronda=1, turno=2, jugadorActivo=2
[23-Sep-2025 08:01:40 America/Montevideo] Estado formateado para BD: {"recintos_count":3,"ronda_actual":1,"jugador_activo":2}
[23-Sep-2025 08:01:40 America/Montevideo] ✅ Partida guardada exitosamente en BD
[23-Sep-2025 08:01:40 America/Montevideo] === DEBUG GUARDAR ESTADO PARTIDA ===
[23-Sep-2025 08:01:40 America/Montevideo] Método HTTP: POST
[23-Sep-2025 08:01:40 America/Montevideo] Content-Type: application/json
[23-Sep-2025 08:01:40 America/Montevideo] === Validando estado de usuario ID: 4 ===
[23-Sep-2025 08:01:40 America/Montevideo] === UserRepository::findById(4) ===
[23-Sep-2025 08:01:40 America/Montevideo] Usuario ID 4 encontrado: martin (estado: activo)
[23-Sep-2025 08:01:40 America/Montevideo] Usuario 4 está activo
[23-Sep-2025 08:01:40 America/Montevideo] ✅ Usuario autenticado: ID=4, Username=martin
[23-Sep-2025 08:01:40 America/Montevideo] Raw input recibido (length=483): {"id":129,"partidaId":129,"ronda":1,"turno":3,"jugadorActivo":2,"jugadorQueTiroDado":2,"restriccion":null,"colocadosEnTurno":0,"mano1":["dino4","dino3","dino1","dino4"],"mano2":["dino1","dino4","dino3","dino1"],"colocaciones":[{"recinto":"trio-frondoso","jugador":2,"especie":"dino5"},{"recinto":"trio-frondoso","jugador":1,"especie":"dino1"},{"recinto":"prado-diferencia","jugador":1,"especie":"dino4"},{"recinto":"isla-solitario","jugador":2,"especie":"dino4"}],"jugador2":"asdas"}
[23-Sep-2025 08:01:40 America/Montevideo] ✅ JSON decodificado correctamente
[23-Sep-2025 08:01:40 America/Montevideo] Datos principales: {"id":129,"partidaId":129,"ronda":1,"colocaciones_count":4}
[23-Sep-2025 08:01:40 America/Montevideo] ✅ ID de partida válido: 129
[23-Sep-2025 08:01:40 America/Montevideo] ✅ Acceso validado correctamente
[23-Sep-2025 08:01:40 America/Montevideo] ✅ Validaciones pasadas: ronda=1, turno=3, jugadorActivo=2
[23-Sep-2025 08:01:40 America/Montevideo] Estado formateado para BD: {"recintos_count":3,"ronda_actual":1,"jugador_activo":2}
[23-Sep-2025 08:01:40 America/Montevideo] ✅ Partida guardada exitosamente en BD
[23-Sep-2025 08:01:42 America/Montevideo] === DEBUG GUARDAR ESTADO PARTIDA ===
[23-Sep-2025 08:01:42 America/Montevideo] Método HTTP: POST
[23-Sep-2025 08:01:42 America/Montevideo] Content-Type: application/json
[23-Sep-2025 08:01:42 America/Montevideo] === Validando estado de usuario ID: 4 ===
[23-Sep-2025 08:01:42 America/Montevideo] === UserRepository::findById(4) ===
[23-Sep-2025 08:01:42 America/Montevideo] Usuario ID 4 encontrado: martin (estado: activo)
[23-Sep-2025 08:01:42 America/Montevideo] Usuario 4 está activo
[23-Sep-2025 08:01:42 America/Montevideo] ✅ Usuario autenticado: ID=4, Username=martin
[23-Sep-2025 08:01:42 America/Montevideo] Raw input recibido (length=480): {"id":129,"partidaId":129,"ronda":1,"turno":3,"jugadorActivo":2,"jugadorQueTiroDado":2,"restriccion":1,"colocadosEnTurno":0,"mano1":["dino4","dino3","dino1","dino4"],"mano2":["dino1","dino4","dino3","dino1"],"colocaciones":[{"recinto":"trio-frondoso","jugador":2,"especie":"dino5"},{"recinto":"trio-frondoso","jugador":1,"especie":"dino1"},{"recinto":"prado-diferencia","jugador":1,"especie":"dino4"},{"recinto":"isla-solitario","jugador":2,"especie":"dino4"}],"jugador2":"asdas"}
[23-Sep-2025 08:01:42 America/Montevideo] ✅ JSON decodificado correctamente
[23-Sep-2025 08:01:42 America/Montevideo] Datos principales: {"id":129,"partidaId":129,"ronda":1,"colocaciones_count":4}
[23-Sep-2025 08:01:42 America/Montevideo] ✅ ID de partida válido: 129
[23-Sep-2025 08:01:42 America/Montevideo] ✅ Acceso validado correctamente
[23-Sep-2025 08:01:42 America/Montevideo] ✅ Validaciones pasadas: ronda=1, turno=3, jugadorActivo=2
[23-Sep-2025 08:01:42 America/Montevideo] Estado formateado para BD: {"recintos_count":3,"ronda_actual":1,"jugador_activo":2}
[23-Sep-2025 08:01:42 America/Montevideo] ✅ Partida guardada exitosamente en BD
[23-Sep-2025 08:01:45 America/Montevideo] === DEBUG GUARDAR ESTADO PARTIDA ===
[23-Sep-2025 08:01:45 America/Montevideo] Método HTTP: POST
[23-Sep-2025 08:01:45 America/Montevideo] Content-Type: application/json
[23-Sep-2025 08:01:45 America/Montevideo] === Validando estado de usuario ID: 4 ===
[23-Sep-2025 08:01:45 America/Montevideo] === UserRepository::findById(4) ===
[23-Sep-2025 08:01:45 America/Montevideo] Usuario ID 4 encontrado: martin (estado: activo)
[23-Sep-2025 08:01:45 America/Montevideo] Usuario 4 está activo
[23-Sep-2025 08:01:45 America/Montevideo] ✅ Usuario autenticado: ID=4, Username=martin
[23-Sep-2025 08:01:45 America/Montevideo] Raw input recibido (length=480): {"id":129,"partidaId":129,"ronda":1,"turno":3,"jugadorActivo":2,"jugadorQueTiroDado":2,"restriccion":1,"colocadosEnTurno":0,"mano1":["dino4","dino3","dino1","dino4"],"mano2":["dino1","dino4","dino3","dino1"],"colocaciones":[{"recinto":"trio-frondoso","jugador":2,"especie":"dino5"},{"recinto":"trio-frondoso","jugador":1,"especie":"dino1"},{"recinto":"prado-diferencia","jugador":1,"especie":"dino4"},{"recinto":"isla-solitario","jugador":2,"especie":"dino4"}],"jugador2":"asdas"}
[23-Sep-2025 08:01:45 America/Montevideo] ✅ JSON decodificado correctamente
[23-Sep-2025 08:01:45 America/Montevideo] Datos principales: {"id":129,"partidaId":129,"ronda":1,"colocaciones_count":4}
[23-Sep-2025 08:01:45 America/Montevideo] ✅ ID de partida válido: 129
[23-Sep-2025 08:01:45 America/Montevideo] ✅ Acceso validado correctamente
[23-Sep-2025 08:01:45 America/Montevideo] ✅ Validaciones pasadas: ronda=1, turno=3, jugadorActivo=2
[23-Sep-2025 08:01:45 America/Montevideo] Estado formateado para BD: {"recintos_count":3,"ronda_actual":1,"jugador_activo":2}
[23-Sep-2025 08:01:45 America/Montevideo] ✅ Partida guardada exitosamente en BD
[23-Sep-2025 08:01:46 America/Montevideo] === INICIO validarColocacionDino ===
[23-Sep-2025 08:01:46 America/Montevideo] Método: POST
[23-Sep-2025 08:01:46 America/Montevideo] Content-Type: application/json
[23-Sep-2025 08:01:46 America/Montevideo] === Validando estado de usuario ID: 4 ===
[23-Sep-2025 08:01:46 America/Montevideo] === UserRepository::findById(4) ===
[23-Sep-2025 08:01:46 America/Montevideo] Usuario ID 4 encontrado: martin (estado: activo)
[23-Sep-2025 08:01:46 America/Montevideo] Usuario 4 está activo
[23-Sep-2025 08:01:46 America/Montevideo] ✅ Usuario autenticado: 4
[23-Sep-2025 08:01:46 America/Montevideo] Datos recibidos para validación: {"partidaId":129,"restriccion":1,"recintoId":"prado-diferencia","especie":"dino1"}
[23-Sep-2025 08:01:46 America/Montevideo] ✅ COLOCACIÓN VÁLIDA: Dado tirado (restricción=1), recinto=prado-diferencia, especie=dino1
[23-Sep-2025 08:01:46 America/Montevideo] === FIN validarColocacionDino ===
[23-Sep-2025 08:01:46 America/Montevideo] === DEBUG GUARDAR ESTADO PARTIDA ===
[23-Sep-2025 08:01:46 America/Montevideo] Método HTTP: POST
[23-Sep-2025 08:01:46 America/Montevideo] Content-Type: application/json
[23-Sep-2025 08:01:46 America/Montevideo] === Validando estado de usuario ID: 4 ===
[23-Sep-2025 08:01:46 America/Montevideo] === UserRepository::findById(4) ===
[23-Sep-2025 08:01:46 America/Montevideo] Usuario ID 4 encontrado: martin (estado: activo)
[23-Sep-2025 08:01:46 America/Montevideo] Usuario 4 está activo
[23-Sep-2025 08:01:46 America/Montevideo] ✅ Usuario autenticado: ID=4, Username=martin
[23-Sep-2025 08:01:46 America/Montevideo] Raw input recibido (length=533): {"id":129,"partidaId":129,"ronda":1,"turno":3,"jugadorActivo":2,"jugadorQueTiroDado":2,"restriccion":1,"colocadosEnTurno":1,"mano1":["dino4","dino3","dino1","dino4"],"mano2":["dino1","dino4","dino3"],"colocaciones":[{"recinto":"trio-frondoso","jugador":2,"especie":"dino5"},{"recinto":"trio-frondoso","jugador":1,"especie":"dino1"},{"recinto":"prado-diferencia","jugador":1,"especie":"dino4"},{"recinto":"prado-diferencia","jugador":2,"especie":"dino1"},{"recinto":"isla-solitario","jugador":2,"espec
[23-Sep-2025 08:01:46 America/Montevideo] ✅ JSON decodificado correctamente
[23-Sep-2025 08:01:46 America/Montevideo] Datos principales: {"id":129,"partidaId":129,"ronda":1,"colocaciones_count":5}
[23-Sep-2025 08:01:46 America/Montevideo] ✅ ID de partida válido: 129
[23-Sep-2025 08:01:46 America/Montevideo] ✅ Acceso validado correctamente
[23-Sep-2025 08:01:46 America/Montevideo] ✅ Validaciones pasadas: ronda=1, turno=3, jugadorActivo=2
[23-Sep-2025 08:01:46 America/Montevideo] Estado formateado para BD: {"recintos_count":3,"ronda_actual":1,"jugador_activo":2}
[23-Sep-2025 08:01:46 America/Montevideo] ✅ Partida guardada exitosamente en BD
[23-Sep-2025 08:01:52 America/Montevideo] === INICIO validarColocacionDino ===
[23-Sep-2025 08:01:52 America/Montevideo] Método: POST
[23-Sep-2025 08:01:52 America/Montevideo] Content-Type: application/json
[23-Sep-2025 08:01:52 America/Montevideo] === Validando estado de usuario ID: 4 ===
[23-Sep-2025 08:01:52 America/Montevideo] === UserRepository::findById(4) ===
[23-Sep-2025 08:01:52 America/Montevideo] Usuario ID 4 encontrado: martin (estado: activo)
[23-Sep-2025 08:01:52 America/Montevideo] Usuario 4 está activo
[23-Sep-2025 08:01:52 America/Montevideo] ✅ Usuario autenticado: 4
[23-Sep-2025 08:01:52 America/Montevideo] Datos recibidos para validación: {"partidaId":129,"restriccion":1,"recintoId":"trio-frondoso","especie":"dino1"}
[23-Sep-2025 08:01:52 America/Montevideo] ✅ COLOCACIÓN VÁLIDA: Dado tirado (restricción=1), recinto=trio-frondoso, especie=dino1
[23-Sep-2025 08:01:52 America/Montevideo] === FIN validarColocacionDino ===
[23-Sep-2025 08:01:52 America/Montevideo] === DEBUG GUARDAR ESTADO PARTIDA ===
[23-Sep-2025 08:01:52 America/Montevideo] Método HTTP: POST
[23-Sep-2025 08:01:52 America/Montevideo] Content-Type: application/json
[23-Sep-2025 08:01:52 America/Montevideo] === Validando estado de usuario ID: 4 ===
[23-Sep-2025 08:01:52 America/Montevideo] === UserRepository::findById(4) ===
[23-Sep-2025 08:01:52 America/Montevideo] Usuario ID 4 encontrado: martin (estado: activo)
[23-Sep-2025 08:01:52 America/Montevideo] Usuario 4 está activo
[23-Sep-2025 08:01:52 America/Montevideo] ✅ Usuario autenticado: ID=4, Username=martin
[23-Sep-2025 08:01:52 America/Montevideo] Raw input recibido (length=583): {"id":129,"partidaId":129,"ronda":1,"turno":3,"jugadorActivo":1,"jugadorQueTiroDado":2,"restriccion":1,"colocadosEnTurno":2,"mano1":["dino4","dino3","dino4"],"mano2":["dino1","dino4","dino3"],"colocaciones":[{"recinto":"trio-frondoso","jugador":2,"especie":"dino5"},{"recinto":"trio-frondoso","jugador":1,"especie":"dino1"},{"recinto":"trio-frondoso","jugador":1,"especie":"dino1"},{"recinto":"prado-diferencia","jugador":1,"especie":"dino4"},{"recinto":"prado-diferencia","jugador":2,"especie":"dino
[23-Sep-2025 08:01:52 America/Montevideo] ✅ JSON decodificado correctamente
[23-Sep-2025 08:01:52 America/Montevideo] Datos principales: {"id":129,"partidaId":129,"ronda":1,"colocaciones_count":6}
[23-Sep-2025 08:01:52 America/Montevideo] ✅ ID de partida válido: 129
[23-Sep-2025 08:01:52 America/Montevideo] ✅ Acceso validado correctamente
[23-Sep-2025 08:01:52 America/Montevideo] ✅ Validaciones pasadas: ronda=1, turno=3, jugadorActivo=1
[23-Sep-2025 08:01:52 America/Montevideo] Estado formateado para BD: {"recintos_count":3,"ronda_actual":1,"jugador_activo":1}
[23-Sep-2025 08:01:52 America/Montevideo] ✅ Partida guardada exitosamente en BD
[23-Sep-2025 08:01:52 America/Montevideo] === DEBUG GUARDAR ESTADO PARTIDA ===
[23-Sep-2025 08:01:52 America/Montevideo] Método HTTP: POST
[23-Sep-2025 08:01:52 America/Montevideo] Content-Type: application/json
[23-Sep-2025 08:01:52 America/Montevideo] === Validando estado de usuario ID: 4 ===
[23-Sep-2025 08:01:52 America/Montevideo] === UserRepository::findById(4) ===
[23-Sep-2025 08:01:52 America/Montevideo] Usuario ID 4 encontrado: martin (estado: activo)
[23-Sep-2025 08:01:52 America/Montevideo] Usuario 4 está activo
[23-Sep-2025 08:01:52 America/Montevideo] ✅ Usuario autenticado: ID=4, Username=martin
[23-Sep-2025 08:01:52 America/Montevideo] Raw input recibido (length=631): {"id":129,"partidaId":129,"ronda":2,"turno":1,"jugadorActivo":1,"jugadorQueTiroDado":1,"restriccion":null,"colocadosEnTurno":0,"mano1":["dino3","dino1","dino4","trex","dino5","dino2"],"mano2":["trex","trex","dino3","dino4","dino5","dino4"],"colocaciones":[{"recinto":"trio-frondoso","jugador":2,"especie":"dino5"},{"recinto":"trio-frondoso","jugador":1,"especie":"dino1"},{"recinto":"trio-frondoso","jugador":1,"especie":"dino1"},{"recinto":"prado-diferencia","jugador":1,"especie":"dino4"},{"recinto
[23-Sep-2025 08:01:52 America/Montevideo] ✅ JSON decodificado correctamente
[23-Sep-2025 08:01:52 America/Montevideo] Datos principales: {"id":129,"partidaId":129,"ronda":2,"colocaciones_count":6}
[23-Sep-2025 08:01:52 America/Montevideo] ✅ ID de partida válido: 129
[23-Sep-2025 08:01:52 America/Montevideo] ✅ Acceso validado correctamente
[23-Sep-2025 08:01:52 America/Montevideo] ✅ Validaciones pasadas: ronda=2, turno=1, jugadorActivo=1
[23-Sep-2025 08:01:52 America/Montevideo] Estado formateado para BD: {"recintos_count":3,"ronda_actual":2,"jugador_activo":1}
[23-Sep-2025 08:01:52 America/Montevideo] ✅ Partida guardada exitosamente en BD
[23-Sep-2025 08:02:03 America/Montevideo] === DEBUG GUARDAR ESTADO PARTIDA ===
[23-Sep-2025 08:02:03 America/Montevideo] Método HTTP: POST
[23-Sep-2025 08:02:03 America/Montevideo] Content-Type: application/json
[23-Sep-2025 08:02:03 America/Montevideo] === Validando estado de usuario ID: 4 ===
[23-Sep-2025 08:02:03 America/Montevideo] === UserRepository::findById(4) ===
[23-Sep-2025 08:02:03 America/Montevideo] Usuario ID 4 encontrado: martin (estado: activo)
[23-Sep-2025 08:02:03 America/Montevideo] Usuario 4 está activo
[23-Sep-2025 08:02:03 America/Montevideo] ✅ Usuario autenticado: ID=4, Username=martin
[23-Sep-2025 08:02:03 America/Montevideo] Raw input recibido (length=628): {"id":129,"partidaId":129,"ronda":2,"turno":1,"jugadorActivo":1,"jugadorQueTiroDado":1,"restriccion":1,"colocadosEnTurno":0,"mano1":["dino3","dino1","dino4","trex","dino5","dino2"],"mano2":["trex","trex","dino3","dino4","dino5","dino4"],"colocaciones":[{"recinto":"trio-frondoso","jugador":2,"especie":"dino5"},{"recinto":"trio-frondoso","jugador":1,"especie":"dino1"},{"recinto":"trio-frondoso","jugador":1,"especie":"dino1"},{"recinto":"prado-diferencia","jugador":1,"especie":"dino4"},{"recinto":"
[23-Sep-2025 08:02:03 America/Montevideo] ✅ JSON decodificado correctamente
[23-Sep-2025 08:02:03 America/Montevideo] Datos principales: {"id":129,"partidaId":129,"ronda":2,"colocaciones_count":6}
[23-Sep-2025 08:02:03 America/Montevideo] ✅ ID de partida válido: 129
[23-Sep-2025 08:02:03 America/Montevideo] ✅ Acceso validado correctamente
[23-Sep-2025 08:02:03 America/Montevideo] ✅ Validaciones pasadas: ronda=2, turno=1, jugadorActivo=1
[23-Sep-2025 08:02:03 America/Montevideo] Estado formateado para BD: {"recintos_count":3,"ronda_actual":2,"jugador_activo":1}
[23-Sep-2025 08:02:03 America/Montevideo] ✅ Partida guardada exitosamente en BD
[23-Sep-2025 08:02:06 America/Montevideo] === INICIO validarColocacionDino ===
[23-Sep-2025 08:02:06 America/Montevideo] Método: POST
[23-Sep-2025 08:02:06 America/Montevideo] Content-Type: application/json
[23-Sep-2025 08:02:06 America/Montevideo] === Validando estado de usuario ID: 4 ===
[23-Sep-2025 08:02:06 America/Montevideo] === UserRepository::findById(4) ===
[23-Sep-2025 08:02:06 America/Montevideo] Usuario ID 4 encontrado: martin (estado: activo)
[23-Sep-2025 08:02:06 America/Montevideo] Usuario 4 está activo
[23-Sep-2025 08:02:06 America/Montevideo] ✅ Usuario autenticado: 4
[23-Sep-2025 08:02:06 America/Montevideo] Datos recibidos para validación: {"partidaId":129,"restriccion":1,"recintoId":"rey-selva","especie":"trex"}
[23-Sep-2025 08:02:06 America/Montevideo] ✅ COLOCACIÓN VÁLIDA: Dado tirado (restricción=1), recinto=rey-selva, especie=trex
[23-Sep-2025 08:02:06 America/Montevideo] === FIN validarColocacionDino ===
[23-Sep-2025 08:02:06 America/Montevideo] === DEBUG GUARDAR ESTADO PARTIDA ===
[23-Sep-2025 08:02:06 America/Montevideo] Método HTTP: POST
[23-Sep-2025 08:02:06 America/Montevideo] Content-Type: application/json
[23-Sep-2025 08:02:06 America/Montevideo] === Validando estado de usuario ID: 4 ===
[23-Sep-2025 08:02:06 America/Montevideo] === UserRepository::findById(4) ===
[23-Sep-2025 08:02:06 America/Montevideo] Usuario ID 4 encontrado: martin (estado: activo)
[23-Sep-2025 08:02:06 America/Montevideo] Usuario 4 está activo
[23-Sep-2025 08:02:06 America/Montevideo] ✅ Usuario autenticado: ID=4, Username=martin
[23-Sep-2025 08:02:06 America/Montevideo] Raw input recibido (length=674): {"id":129,"partidaId":129,"ronda":2,"turno":1,"jugadorActivo":1,"jugadorQueTiroDado":1,"restriccion":1,"colocadosEnTurno":1,"mano1":["dino3","dino1","dino4","dino5","dino2"],"mano2":["trex","trex","dino3","dino4","dino5","dino4"],"colocaciones":[{"recinto":"trio-frondoso","jugador":2,"especie":"dino5"},{"recinto":"trio-frondoso","jugador":1,"especie":"dino1"},{"recinto":"trio-frondoso","jugador":1,"especie":"dino1"},{"recinto":"rey-selva","jugador":1,"especie":"trex"},{"recinto":"prado-diferenci
[23-Sep-2025 08:02:06 America/Montevideo] ✅ JSON decodificado correctamente
[23-Sep-2025 08:02:06 America/Montevideo] Datos principales: {"id":129,"partidaId":129,"ronda":2,"colocaciones_count":7}
[23-Sep-2025 08:02:06 America/Montevideo] ✅ ID de partida válido: 129
[23-Sep-2025 08:02:06 America/Montevideo] ✅ Acceso validado correctamente
[23-Sep-2025 08:02:06 America/Montevideo] ✅ Validaciones pasadas: ronda=2, turno=1, jugadorActivo=1
[23-Sep-2025 08:02:06 America/Montevideo] Estado formateado para BD: {"recintos_count":4,"ronda_actual":2,"jugador_activo":1}
[23-Sep-2025 08:02:06 America/Montevideo] ✅ Partida guardada exitosamente en BD
[23-Sep-2025 08:02:15 America/Montevideo] === DEBUG GUARDAR ESTADO PARTIDA ===
[23-Sep-2025 08:02:15 America/Montevideo] Método HTTP: POST
[23-Sep-2025 08:02:15 America/Montevideo] Content-Type: application/json
[23-Sep-2025 08:02:15 America/Montevideo] === Validando estado de usuario ID: 4 ===
[23-Sep-2025 08:02:15 America/Montevideo] === UserRepository::findById(4) ===
[23-Sep-2025 08:02:15 America/Montevideo] Usuario ID 4 encontrado: martin (estado: activo)
[23-Sep-2025 08:02:15 America/Montevideo] Usuario 4 está activo
[23-Sep-2025 08:02:15 America/Montevideo] ✅ Usuario autenticado: ID=4, Username=martin
[23-Sep-2025 08:02:15 America/Montevideo] Raw input recibido (length=674): {"id":129,"partidaId":129,"ronda":2,"turno":1,"jugadorActivo":2,"jugadorQueTiroDado":1,"restriccion":1,"colocadosEnTurno":1,"mano1":["dino3","dino1","dino4","dino5","dino2"],"mano2":["trex","trex","dino3","dino4","dino5","dino4"],"colocaciones":[{"recinto":"trio-frondoso","jugador":2,"especie":"dino5"},{"recinto":"trio-frondoso","jugador":1,"especie":"dino1"},{"recinto":"trio-frondoso","jugador":1,"especie":"dino1"},{"recinto":"rey-selva","jugador":1,"especie":"trex"},{"recinto":"prado-diferenci
[23-Sep-2025 08:02:15 America/Montevideo] ✅ JSON decodificado correctamente
[23-Sep-2025 08:02:15 America/Montevideo] Datos principales: {"id":129,"partidaId":129,"ronda":2,"colocaciones_count":7}
[23-Sep-2025 08:02:15 America/Montevideo] ✅ ID de partida válido: 129
[23-Sep-2025 08:02:15 America/Montevideo] ✅ Acceso validado correctamente
[23-Sep-2025 08:02:15 America/Montevideo] ✅ Validaciones pasadas: ronda=2, turno=1, jugadorActivo=2
[23-Sep-2025 08:02:15 America/Montevideo] Estado formateado para BD: {"recintos_count":4,"ronda_actual":2,"jugador_activo":2}
[23-Sep-2025 08:02:15 America/Montevideo] ✅ Partida guardada exitosamente en BD
[23-Sep-2025 08:02:17 America/Montevideo] === INICIO validarColocacionDino ===
[23-Sep-2025 08:02:17 America/Montevideo] Método: POST
[23-Sep-2025 08:02:17 America/Montevideo] Content-Type: application/json
[23-Sep-2025 08:02:17 America/Montevideo] === Validando estado de usuario ID: 4 ===
[23-Sep-2025 08:02:17 America/Montevideo] === UserRepository::findById(4) ===
[23-Sep-2025 08:02:17 America/Montevideo] Usuario ID 4 encontrado: martin (estado: activo)
[23-Sep-2025 08:02:17 America/Montevideo] Usuario 4 está activo
[23-Sep-2025 08:02:17 America/Montevideo] ✅ Usuario autenticado: 4
[23-Sep-2025 08:02:17 America/Montevideo] Datos recibidos para validación: {"partidaId":129,"restriccion":1,"recintoId":"bosque-semejanza","especie":"trex"}
[23-Sep-2025 08:02:17 America/Montevideo] ✅ COLOCACIÓN VÁLIDA: Dado tirado (restricción=1), recinto=bosque-semejanza, especie=trex
[23-Sep-2025 08:02:17 America/Montevideo] === FIN validarColocacionDino ===
[23-Sep-2025 08:02:17 America/Montevideo] === DEBUG GUARDAR ESTADO PARTIDA ===
[23-Sep-2025 08:02:17 America/Montevideo] Método HTTP: POST
[23-Sep-2025 08:02:17 America/Montevideo] Content-Type: application/json
[23-Sep-2025 08:02:17 America/Montevideo] === Validando estado de usuario ID: 4 ===
[23-Sep-2025 08:02:17 America/Montevideo] === UserRepository::findById(4) ===
[23-Sep-2025 08:02:17 America/Montevideo] Usuario ID 4 encontrado: martin (estado: activo)
[23-Sep-2025 08:02:17 America/Montevideo] Usuario 4 está activo
[23-Sep-2025 08:02:17 America/Montevideo] ✅ Usuario autenticado: ID=4, Username=martin
[23-Sep-2025 08:02:17 America/Montevideo] Raw input recibido (length=727): {"id":129,"partidaId":129,"ronda":2,"turno":1,"jugadorActivo":2,"jugadorQueTiroDado":1,"restriccion":1,"colocadosEnTurno":2,"mano1":["dino3","dino1","dino4","dino5","dino2"],"mano2":["trex","dino3","dino4","dino5","dino4"],"colocaciones":[{"recinto":"bosque-semejanza","jugador":2,"especie":"trex"},{"recinto":"trio-frondoso","jugador":2,"especie":"dino5"},{"recinto":"trio-frondoso","jugador":1,"especie":"dino1"},{"recinto":"trio-frondoso","jugador":1,"especie":"dino1"},{"recinto":"rey-selva","jug
[23-Sep-2025 08:02:17 America/Montevideo] ✅ JSON decodificado correctamente
[23-Sep-2025 08:02:17 America/Montevideo] Datos principales: {"id":129,"partidaId":129,"ronda":2,"colocaciones_count":8}
[23-Sep-2025 08:02:17 America/Montevideo] ✅ ID de partida válido: 129
[23-Sep-2025 08:02:17 America/Montevideo] ✅ Acceso validado correctamente
[23-Sep-2025 08:02:17 America/Montevideo] ✅ Validaciones pasadas: ronda=2, turno=1, jugadorActivo=2
[23-Sep-2025 08:02:17 America/Montevideo] Estado formateado para BD: {"recintos_count":5,"ronda_actual":2,"jugador_activo":2}
[23-Sep-2025 08:02:17 America/Montevideo] ✅ Partida guardada exitosamente en BD
[23-Sep-2025 08:02:17 America/Montevideo] === DEBUG GUARDAR ESTADO PARTIDA ===
[23-Sep-2025 08:02:17 America/Montevideo] Método HTTP: POST
[23-Sep-2025 08:02:17 America/Montevideo] Content-Type: application/json
[23-Sep-2025 08:02:17 America/Montevideo] === Validando estado de usuario ID: 4 ===
[23-Sep-2025 08:02:17 America/Montevideo] === UserRepository::findById(4) ===
[23-Sep-2025 08:02:17 America/Montevideo] Usuario ID 4 encontrado: martin (estado: activo)
[23-Sep-2025 08:02:17 America/Montevideo] Usuario 4 está activo
[23-Sep-2025 08:02:17 America/Montevideo] ✅ Usuario autenticado: ID=4, Username=martin
[23-Sep-2025 08:02:17 America/Montevideo] Raw input recibido (length=730): {"id":129,"partidaId":129,"ronda":2,"turno":2,"jugadorActivo":2,"jugadorQueTiroDado":2,"restriccion":null,"colocadosEnTurno":0,"mano1":["trex","dino3","dino4","dino5","dino4"],"mano2":["dino3","dino1","dino4","dino5","dino2"],"colocaciones":[{"recinto":"bosque-semejanza","jugador":2,"especie":"trex"},{"recinto":"trio-frondoso","jugador":2,"especie":"dino5"},{"recinto":"trio-frondoso","jugador":1,"especie":"dino1"},{"recinto":"trio-frondoso","jugador":1,"especie":"dino1"},{"recinto":"rey-selva","
[23-Sep-2025 08:02:17 America/Montevideo] ✅ JSON decodificado correctamente
[23-Sep-2025 08:02:17 America/Montevideo] Datos principales: {"id":129,"partidaId":129,"ronda":2,"colocaciones_count":8}
[23-Sep-2025 08:02:17 America/Montevideo] ✅ ID de partida válido: 129
[23-Sep-2025 08:02:17 America/Montevideo] ✅ Acceso validado correctamente
[23-Sep-2025 08:02:17 America/Montevideo] ✅ Validaciones pasadas: ronda=2, turno=2, jugadorActivo=2
[23-Sep-2025 08:02:17 America/Montevideo] Estado formateado para BD: {"recintos_count":5,"ronda_actual":2,"jugador_activo":2}
[23-Sep-2025 08:02:17 America/Montevideo] ✅ Partida guardada exitosamente en BD
[23-Sep-2025 08:02:18 America/Montevideo] === DEBUG GUARDAR ESTADO PARTIDA ===
[23-Sep-2025 08:02:18 America/Montevideo] Método HTTP: POST
[23-Sep-2025 08:02:18 America/Montevideo] Content-Type: application/json
[23-Sep-2025 08:02:18 America/Montevideo] === Validando estado de usuario ID: 4 ===
[23-Sep-2025 08:02:18 America/Montevideo] === UserRepository::findById(4) ===
[23-Sep-2025 08:02:18 America/Montevideo] Usuario ID 4 encontrado: martin (estado: activo)
[23-Sep-2025 08:02:18 America/Montevideo] Usuario 4 está activo
[23-Sep-2025 08:02:18 America/Montevideo] ✅ Usuario autenticado: ID=4, Username=martin
[23-Sep-2025 08:02:18 America/Montevideo] Raw input recibido (length=727): {"id":129,"partidaId":129,"ronda":2,"turno":2,"jugadorActivo":2,"jugadorQueTiroDado":2,"restriccion":6,"colocadosEnTurno":0,"mano1":["trex","dino3","dino4","dino5","dino4"],"mano2":["dino3","dino1","dino4","dino5","dino2"],"colocaciones":[{"recinto":"bosque-semejanza","jugador":2,"especie":"trex"},{"recinto":"trio-frondoso","jugador":2,"especie":"dino5"},{"recinto":"trio-frondoso","jugador":1,"especie":"dino1"},{"recinto":"trio-frondoso","jugador":1,"especie":"dino1"},{"recinto":"rey-selva","jug
[23-Sep-2025 08:02:18 America/Montevideo] ✅ JSON decodificado correctamente
[23-Sep-2025 08:02:18 America/Montevideo] Datos principales: {"id":129,"partidaId":129,"ronda":2,"colocaciones_count":8}
[23-Sep-2025 08:02:18 America/Montevideo] ✅ ID de partida válido: 129
[23-Sep-2025 08:02:18 America/Montevideo] ✅ Acceso validado correctamente
[23-Sep-2025 08:02:18 America/Montevideo] ✅ Validaciones pasadas: ronda=2, turno=2, jugadorActivo=2
[23-Sep-2025 08:02:18 America/Montevideo] Estado formateado para BD: {"recintos_count":5,"ronda_actual":2,"jugador_activo":2}
[23-Sep-2025 08:02:18 America/Montevideo] ✅ Partida guardada exitosamente en BD
[23-Sep-2025 08:02:22 America/Montevideo] === INICIO validarColocacionDino ===
[23-Sep-2025 08:02:22 America/Montevideo] Método: POST
[23-Sep-2025 08:02:22 America/Montevideo] Content-Type: application/json
[23-Sep-2025 08:02:22 America/Montevideo] === Validando estado de usuario ID: 4 ===
[23-Sep-2025 08:02:22 America/Montevideo] === UserRepository::findById(4) ===
[23-Sep-2025 08:02:22 America/Montevideo] Usuario ID 4 encontrado: martin (estado: activo)
[23-Sep-2025 08:02:22 America/Montevideo] Usuario 4 está activo
[23-Sep-2025 08:02:22 America/Montevideo] ✅ Usuario autenticado: 4
[23-Sep-2025 08:02:22 America/Montevideo] Datos recibidos para validación: {"partidaId":129,"restriccion":6,"recintoId":"trio-frondoso","especie":"dino1"}
[23-Sep-2025 08:02:22 America/Montevideo] ✅ COLOCACIÓN VÁLIDA: Dado tirado (restricción=6), recinto=trio-frondoso, especie=dino1
[23-Sep-2025 08:02:22 America/Montevideo] === FIN validarColocacionDino ===
[23-Sep-2025 08:02:22 America/Montevideo] === DEBUG GUARDAR ESTADO PARTIDA ===
[23-Sep-2025 08:02:22 America/Montevideo] Método HTTP: POST
[23-Sep-2025 08:02:22 America/Montevideo] Content-Type: application/json
[23-Sep-2025 08:02:22 America/Montevideo] === Validando estado de usuario ID: 4 ===
[23-Sep-2025 08:02:22 America/Montevideo] === UserRepository::findById(4) ===
[23-Sep-2025 08:02:22 America/Montevideo] Usuario ID 4 encontrado: martin (estado: activo)
[23-Sep-2025 08:02:22 America/Montevideo] Usuario 4 está activo
[23-Sep-2025 08:02:22 America/Montevideo] ✅ Usuario autenticado: ID=4, Username=martin
[23-Sep-2025 08:02:22 America/Montevideo] Raw input recibido (length=777): {"id":129,"partidaId":129,"ronda":2,"turno":2,"jugadorActivo":2,"jugadorQueTiroDado":2,"restriccion":6,"colocadosEnTurno":1,"mano1":["trex","dino3","dino4","dino5","dino4"],"mano2":["dino3","dino4","dino5","dino2"],"colocaciones":[{"recinto":"bosque-semejanza","jugador":2,"especie":"trex"},{"recinto":"trio-frondoso","jugador":2,"especie":"dino5"},{"recinto":"trio-frondoso","jugador":1,"especie":"dino1"},{"recinto":"trio-frondoso","jugador":1,"especie":"dino1"},{"recinto":"trio-frondoso","jugador
[23-Sep-2025 08:02:22 America/Montevideo] ✅ JSON decodificado correctamente
[23-Sep-2025 08:02:22 America/Montevideo] Datos principales: {"id":129,"partidaId":129,"ronda":2,"colocaciones_count":9}
[23-Sep-2025 08:02:22 America/Montevideo] ✅ ID de partida válido: 129
[23-Sep-2025 08:02:22 America/Montevideo] ✅ Acceso validado correctamente
[23-Sep-2025 08:02:22 America/Montevideo] ✅ Validaciones pasadas: ronda=2, turno=2, jugadorActivo=2
[23-Sep-2025 08:02:22 America/Montevideo] Estado formateado para BD: {"recintos_count":5,"ronda_actual":2,"jugador_activo":2}
[23-Sep-2025 08:02:22 America/Montevideo] ✅ Partida guardada exitosamente en BD
[23-Sep-2025 08:02:36 America/Montevideo] === INICIO validarColocacionDino ===
[23-Sep-2025 08:02:36 America/Montevideo] Método: POST
[23-Sep-2025 08:02:36 America/Montevideo] Content-Type: application/json
[23-Sep-2025 08:02:36 America/Montevideo] === Validando estado de usuario ID: 4 ===
[23-Sep-2025 08:02:36 America/Montevideo] === UserRepository::findById(4) ===
[23-Sep-2025 08:02:36 America/Montevideo] Usuario ID 4 encontrado: martin (estado: activo)
[23-Sep-2025 08:02:36 America/Montevideo] Usuario 4 está activo
[23-Sep-2025 08:02:36 America/Montevideo] ✅ Usuario autenticado: 4
[23-Sep-2025 08:02:36 America/Montevideo] Datos recibidos para validación: {"partidaId":129,"restriccion":6,"recintoId":"trio-frondoso","especie":"trex"}
[23-Sep-2025 08:02:36 America/Montevideo] ✅ COLOCACIÓN VÁLIDA: Dado tirado (restricción=6), recinto=trio-frondoso, especie=trex
[23-Sep-2025 08:02:36 America/Montevideo] === FIN validarColocacionDino ===
[23-Sep-2025 08:02:36 America/Montevideo] === DEBUG GUARDAR ESTADO PARTIDA ===
[23-Sep-2025 08:02:36 America/Montevideo] Método HTTP: POST
[23-Sep-2025 08:02:36 America/Montevideo] Content-Type: application/json
[23-Sep-2025 08:02:36 America/Montevideo] === Validando estado de usuario ID: 4 ===
[23-Sep-2025 08:02:36 America/Montevideo] === UserRepository::findById(4) ===
[23-Sep-2025 08:02:36 America/Montevideo] Usuario ID 4 encontrado: martin (estado: activo)
[23-Sep-2025 08:02:36 America/Montevideo] Usuario 4 está activo
[23-Sep-2025 08:02:36 America/Montevideo] ✅ Usuario autenticado: ID=4, Username=martin
[23-Sep-2025 08:02:36 America/Montevideo] Raw input recibido (length=827): {"id":129,"partidaId":129,"ronda":2,"turno":2,"jugadorActivo":1,"jugadorQueTiroDado":2,"restriccion":6,"colocadosEnTurno":2,"mano1":["dino3","dino4","dino5","dino4"],"mano2":["dino3","dino4","dino5","dino2"],"colocaciones":[{"recinto":"bosque-semejanza","jugador":2,"especie":"trex"},{"recinto":"trio-frondoso","jugador":2,"especie":"dino5"},{"recinto":"trio-frondoso","jugador":1,"especie":"dino1"},{"recinto":"trio-frondoso","jugador":1,"especie":"dino1"},{"recinto":"trio-frondoso","jugador":2,"es
[23-Sep-2025 08:02:36 America/Montevideo] ✅ JSON decodificado correctamente
[23-Sep-2025 08:02:36 America/Montevideo] Datos principales: {"id":129,"partidaId":129,"ronda":2,"colocaciones_count":10}
[23-Sep-2025 08:02:36 America/Montevideo] ✅ ID de partida válido: 129
[23-Sep-2025 08:02:36 America/Montevideo] ✅ Acceso validado correctamente
[23-Sep-2025 08:02:36 America/Montevideo] ✅ Validaciones pasadas: ronda=2, turno=2, jugadorActivo=1
[23-Sep-2025 08:02:36 America/Montevideo] Estado formateado para BD: {"recintos_count":5,"ronda_actual":2,"jugador_activo":1}
[23-Sep-2025 08:02:36 America/Montevideo] ✅ Partida guardada exitosamente en BD
[23-Sep-2025 08:02:36 America/Montevideo] === DEBUG GUARDAR ESTADO PARTIDA ===
[23-Sep-2025 08:02:36 America/Montevideo] Método HTTP: POST
[23-Sep-2025 08:02:36 America/Montevideo] Content-Type: application/json
[23-Sep-2025 08:02:36 America/Montevideo] === Validando estado de usuario ID: 4 ===
[23-Sep-2025 08:02:36 America/Montevideo] === UserRepository::findById(4) ===
[23-Sep-2025 08:02:36 America/Montevideo] Usuario ID 4 encontrado: martin (estado: activo)
[23-Sep-2025 08:02:36 America/Montevideo] Usuario 4 está activo
[23-Sep-2025 08:02:36 America/Montevideo] ✅ Usuario autenticado: ID=4, Username=martin
[23-Sep-2025 08:02:36 America/Montevideo] Raw input recibido (length=830): {"id":129,"partidaId":129,"ronda":2,"turno":3,"jugadorActivo":1,"jugadorQueTiroDado":1,"restriccion":null,"colocadosEnTurno":0,"mano1":["dino3","dino4","dino5","dino2"],"mano2":["dino3","dino4","dino5","dino4"],"colocaciones":[{"recinto":"bosque-semejanza","jugador":2,"especie":"trex"},{"recinto":"trio-frondoso","jugador":2,"especie":"dino5"},{"recinto":"trio-frondoso","jugador":1,"especie":"dino1"},{"recinto":"trio-frondoso","jugador":1,"especie":"dino1"},{"recinto":"trio-frondoso","jugador":2,
[23-Sep-2025 08:02:36 America/Montevideo] ✅ JSON decodificado correctamente
[23-Sep-2025 08:02:36 America/Montevideo] Datos principales: {"id":129,"partidaId":129,"ronda":2,"colocaciones_count":10}
[23-Sep-2025 08:02:36 America/Montevideo] ✅ ID de partida válido: 129
[23-Sep-2025 08:02:36 America/Montevideo] ✅ Acceso validado correctamente
[23-Sep-2025 08:02:36 America/Montevideo] ✅ Validaciones pasadas: ronda=2, turno=3, jugadorActivo=1
[23-Sep-2025 08:02:36 America/Montevideo] Estado formateado para BD: {"recintos_count":5,"ronda_actual":2,"jugador_activo":1}
[23-Sep-2025 08:02:36 America/Montevideo] ✅ Partida guardada exitosamente en BD
[23-Sep-2025 08:02:38 America/Montevideo] === DEBUG GUARDAR ESTADO PARTIDA ===
[23-Sep-2025 08:02:38 America/Montevideo] Método HTTP: POST
[23-Sep-2025 08:02:38 America/Montevideo] Content-Type: application/json
[23-Sep-2025 08:02:38 America/Montevideo] === Validando estado de usuario ID: 4 ===
[23-Sep-2025 08:02:38 America/Montevideo] === UserRepository::findById(4) ===
[23-Sep-2025 08:02:38 America/Montevideo] Usuario ID 4 encontrado: martin (estado: activo)
[23-Sep-2025 08:02:38 America/Montevideo] Usuario 4 está activo
[23-Sep-2025 08:02:38 America/Montevideo] ✅ Usuario autenticado: ID=4, Username=martin
[23-Sep-2025 08:02:38 America/Montevideo] Raw input recibido (length=827): {"id":129,"partidaId":129,"ronda":2,"turno":3,"jugadorActivo":1,"jugadorQueTiroDado":1,"restriccion":4,"colocadosEnTurno":0,"mano1":["dino3","dino4","dino5","dino2"],"mano2":["dino3","dino4","dino5","dino4"],"colocaciones":[{"recinto":"bosque-semejanza","jugador":2,"especie":"trex"},{"recinto":"trio-frondoso","jugador":2,"especie":"dino5"},{"recinto":"trio-frondoso","jugador":1,"especie":"dino1"},{"recinto":"trio-frondoso","jugador":1,"especie":"dino1"},{"recinto":"trio-frondoso","jugador":2,"es
[23-Sep-2025 08:02:38 America/Montevideo] ✅ JSON decodificado correctamente
[23-Sep-2025 08:02:38 America/Montevideo] Datos principales: {"id":129,"partidaId":129,"ronda":2,"colocaciones_count":10}
[23-Sep-2025 08:02:38 America/Montevideo] ✅ ID de partida válido: 129
[23-Sep-2025 08:02:38 America/Montevideo] ✅ Acceso validado correctamente
[23-Sep-2025 08:02:38 America/Montevideo] ✅ Validaciones pasadas: ronda=2, turno=3, jugadorActivo=1
[23-Sep-2025 08:02:38 America/Montevideo] Estado formateado para BD: {"recintos_count":5,"ronda_actual":2,"jugador_activo":1}
[23-Sep-2025 08:02:38 America/Montevideo] ✅ Partida guardada exitosamente en BD
[23-Sep-2025 08:02:40 America/Montevideo] === INICIO validarColocacionDino ===
[23-Sep-2025 08:02:40 America/Montevideo] Método: POST
[23-Sep-2025 08:02:40 America/Montevideo] Content-Type: application/json
[23-Sep-2025 08:02:40 America/Montevideo] === Validando estado de usuario ID: 4 ===
[23-Sep-2025 08:02:40 America/Montevideo] === UserRepository::findById(4) ===
[23-Sep-2025 08:02:40 America/Montevideo] Usuario ID 4 encontrado: martin (estado: activo)
[23-Sep-2025 08:02:40 America/Montevideo] Usuario 4 está activo
[23-Sep-2025 08:02:40 America/Montevideo] ✅ Usuario autenticado: 4
[23-Sep-2025 08:02:40 America/Montevideo] Datos recibidos para validación: {"partidaId":129,"restriccion":4,"recintoId":"pradera-amor","especie":"dino2"}
[23-Sep-2025 08:02:40 America/Montevideo] ✅ COLOCACIÓN VÁLIDA: Dado tirado (restricción=4), recinto=pradera-amor, especie=dino2
[23-Sep-2025 08:02:40 America/Montevideo] === FIN validarColocacionDino ===
[23-Sep-2025 08:02:40 America/Montevideo] === DEBUG GUARDAR ESTADO PARTIDA ===
[23-Sep-2025 08:02:40 America/Montevideo] Método HTTP: POST
[23-Sep-2025 08:02:40 America/Montevideo] Content-Type: application/json
[23-Sep-2025 08:02:40 America/Montevideo] === Validando estado de usuario ID: 4 ===
[23-Sep-2025 08:02:40 America/Montevideo] === UserRepository::findById(4) ===
[23-Sep-2025 08:02:40 America/Montevideo] Usuario ID 4 encontrado: martin (estado: activo)
[23-Sep-2025 08:02:40 America/Montevideo] Usuario 4 está activo
[23-Sep-2025 08:02:40 America/Montevideo] ✅ Usuario autenticado: ID=4, Username=martin
[23-Sep-2025 08:02:40 America/Montevideo] Raw input recibido (length=876): {"id":129,"partidaId":129,"ronda":2,"turno":3,"jugadorActivo":1,"jugadorQueTiroDado":1,"restriccion":4,"colocadosEnTurno":1,"mano1":["dino3","dino4","dino5"],"mano2":["dino3","dino4","dino5","dino4"],"colocaciones":[{"recinto":"bosque-semejanza","jugador":2,"especie":"trex"},{"recinto":"trio-frondoso","jugador":2,"especie":"dino5"},{"recinto":"trio-frondoso","jugador":1,"especie":"dino1"},{"recinto":"trio-frondoso","jugador":1,"especie":"dino1"},{"recinto":"trio-frondoso","jugador":2,"especie":"
[23-Sep-2025 08:02:40 America/Montevideo] ✅ JSON decodificado correctamente
[23-Sep-2025 08:02:40 America/Montevideo] Datos principales: {"id":129,"partidaId":129,"ronda":2,"colocaciones_count":11}
[23-Sep-2025 08:02:40 America/Montevideo] ✅ ID de partida válido: 129
[23-Sep-2025 08:02:40 America/Montevideo] ✅ Acceso validado correctamente
[23-Sep-2025 08:02:40 America/Montevideo] ✅ Validaciones pasadas: ronda=2, turno=3, jugadorActivo=1
[23-Sep-2025 08:02:40 America/Montevideo] Estado formateado para BD: {"recintos_count":6,"ronda_actual":2,"jugador_activo":1}
[23-Sep-2025 08:02:40 America/Montevideo] ✅ Partida guardada exitosamente en BD
[23-Sep-2025 08:02:44 America/Montevideo] === INICIO validarColocacionDino ===
[23-Sep-2025 08:02:44 America/Montevideo] Método: POST
[23-Sep-2025 08:02:44 America/Montevideo] Content-Type: application/json
[23-Sep-2025 08:02:44 America/Montevideo] === Validando estado de usuario ID: 4 ===
[23-Sep-2025 08:02:44 America/Montevideo] === UserRepository::findById(4) ===
[23-Sep-2025 08:02:45 America/Montevideo] Usuario ID 4 encontrado: martin (estado: activo)
[23-Sep-2025 08:02:45 America/Montevideo] Usuario 4 está activo
[23-Sep-2025 08:02:45 America/Montevideo] ✅ Usuario autenticado: 4
[23-Sep-2025 08:02:45 America/Montevideo] Datos recibidos para validación: {"partidaId":129,"restriccion":4,"recintoId":"pradera-amor","especie":"dino4"}
[23-Sep-2025 08:02:45 America/Montevideo] ✅ COLOCACIÓN VÁLIDA: Dado tirado (restricción=4), recinto=pradera-amor, especie=dino4
[23-Sep-2025 08:02:45 America/Montevideo] === FIN validarColocacionDino ===
[23-Sep-2025 08:02:45 America/Montevideo] === DEBUG GUARDAR ESTADO PARTIDA ===
[23-Sep-2025 08:02:45 America/Montevideo] Método HTTP: POST
[23-Sep-2025 08:02:45 America/Montevideo] Content-Type: application/json
[23-Sep-2025 08:02:45 America/Montevideo] === Validando estado de usuario ID: 4 ===
[23-Sep-2025 08:02:45 America/Montevideo] === UserRepository::findById(4) ===
[23-Sep-2025 08:02:45 America/Montevideo] Usuario ID 4 encontrado: martin (estado: activo)
[23-Sep-2025 08:02:45 America/Montevideo] Usuario 4 está activo
[23-Sep-2025 08:02:45 America/Montevideo] ✅ Usuario autenticado: ID=4, Username=martin
[23-Sep-2025 08:02:45 America/Montevideo] Raw input recibido (length=925): {"id":129,"partidaId":129,"ronda":2,"turno":3,"jugadorActivo":2,"jugadorQueTiroDado":1,"restriccion":4,"colocadosEnTurno":2,"mano1":["dino3","dino4","dino5"],"mano2":["dino3","dino4","dino5"],"colocaciones":[{"recinto":"bosque-semejanza","jugador":2,"especie":"trex"},{"recinto":"trio-frondoso","jugador":2,"especie":"dino5"},{"recinto":"trio-frondoso","jugador":1,"especie":"dino1"},{"recinto":"trio-frondoso","jugador":1,"especie":"dino1"},{"recinto":"trio-frondoso","jugador":2,"especie":"dino1"},
[23-Sep-2025 08:02:45 America/Montevideo] ✅ JSON decodificado correctamente
[23-Sep-2025 08:02:45 America/Montevideo] Datos principales: {"id":129,"partidaId":129,"ronda":2,"colocaciones_count":12}
[23-Sep-2025 08:02:45 America/Montevideo] ✅ ID de partida válido: 129
[23-Sep-2025 08:02:45 America/Montevideo] ✅ Acceso validado correctamente
[23-Sep-2025 08:02:45 America/Montevideo] ✅ Validaciones pasadas: ronda=2, turno=3, jugadorActivo=2
[23-Sep-2025 08:02:45 America/Montevideo] Estado formateado para BD: {"recintos_count":6,"ronda_actual":2,"jugador_activo":2}
[23-Sep-2025 08:02:45 America/Montevideo] ✅ Partida guardada exitosamente en BD
[23-Sep-2025 08:02:45 America/Montevideo] === DEBUG GUARDAR ESTADO PARTIDA ===
[23-Sep-2025 08:02:45 America/Montevideo] Método HTTP: POST
[23-Sep-2025 08:02:45 America/Montevideo] Content-Type: application/json
[23-Sep-2025 08:02:45 America/Montevideo] === Validando estado de usuario ID: 4 ===
[23-Sep-2025 08:02:45 America/Montevideo] === UserRepository::findById(4) ===
[23-Sep-2025 08:02:45 America/Montevideo] Usuario ID 4 encontrado: martin (estado: activo)
[23-Sep-2025 08:02:45 America/Montevideo] Usuario 4 está activo
[23-Sep-2025 08:02:45 America/Montevideo] ✅ Usuario autenticado: ID=4, Username=martin
[23-Sep-2025 08:02:45 America/Montevideo] Raw input recibido (length=974): {"id":129,"partidaId":129,"ronda":3,"turno":1,"jugadorActivo":2,"jugadorQueTiroDado":2,"restriccion":null,"colocadosEnTurno":0,"mano1":["dino4","dino5","dino4","dino2","dino3","dino1"],"mano2":["trex","dino3","dino2","trex","dino5","dino5"],"colocaciones":[{"recinto":"bosque-semejanza","jugador":2,"especie":"trex"},{"recinto":"trio-frondoso","jugador":2,"especie":"dino5"},{"recinto":"trio-frondoso","jugador":1,"especie":"dino1"},{"recinto":"trio-frondoso","jugador":1,"especie":"dino1"},{"recinto
[23-Sep-2025 08:02:45 America/Montevideo] ✅ JSON decodificado correctamente
[23-Sep-2025 08:02:45 America/Montevideo] Datos principales: {"id":129,"partidaId":129,"ronda":3,"colocaciones_count":12}
[23-Sep-2025 08:02:45 America/Montevideo] ✅ ID de partida válido: 129
[23-Sep-2025 08:02:45 America/Montevideo] ✅ Acceso validado correctamente
[23-Sep-2025 08:02:45 America/Montevideo] ✅ Validaciones pasadas: ronda=3, turno=1, jugadorActivo=2
[23-Sep-2025 08:02:45 America/Montevideo] Estado formateado para BD: {"recintos_count":6,"ronda_actual":3,"jugador_activo":2}
[23-Sep-2025 08:02:45 America/Montevideo] ✅ Partida guardada exitosamente en BD
[23-Sep-2025 08:02:45 America/Montevideo] === DEBUG GUARDAR ESTADO PARTIDA ===
[23-Sep-2025 08:02:45 America/Montevideo] Método HTTP: POST
[23-Sep-2025 08:02:45 America/Montevideo] Content-Type: application/json
[23-Sep-2025 08:02:45 America/Montevideo] === Validando estado de usuario ID: 4 ===
[23-Sep-2025 08:02:45 America/Montevideo] === UserRepository::findById(4) ===
[23-Sep-2025 08:02:45 America/Montevideo] Usuario ID 4 encontrado: martin (estado: activo)
[23-Sep-2025 08:02:45 America/Montevideo] Usuario 4 está activo
[23-Sep-2025 08:02:45 America/Montevideo] ✅ Usuario autenticado: ID=4, Username=martin
[23-Sep-2025 08:02:45 America/Montevideo] Raw input recibido (length=974): {"id":129,"partidaId":129,"ronda":3,"turno":1,"jugadorActivo":2,"jugadorQueTiroDado":2,"restriccion":null,"colocadosEnTurno":0,"mano1":["dino4","dino5","dino4","dino2","dino3","dino1"],"mano2":["trex","dino3","dino2","trex","dino5","dino5"],"colocaciones":[{"recinto":"bosque-semejanza","jugador":2,"especie":"trex"},{"recinto":"trio-frondoso","jugador":2,"especie":"dino5"},{"recinto":"trio-frondoso","jugador":1,"especie":"dino1"},{"recinto":"trio-frondoso","jugador":1,"especie":"dino1"},{"recinto
[23-Sep-2025 08:02:45 America/Montevideo] ✅ JSON decodificado correctamente
[23-Sep-2025 08:02:45 America/Montevideo] Datos principales: {"id":129,"partidaId":129,"ronda":3,"colocaciones_count":12}
[23-Sep-2025 08:02:45 America/Montevideo] ✅ ID de partida válido: 129
[23-Sep-2025 08:02:45 America/Montevideo] ✅ Acceso validado correctamente
[23-Sep-2025 08:02:45 America/Montevideo] ✅ Validaciones pasadas: ronda=3, turno=1, jugadorActivo=2
[23-Sep-2025 08:02:45 America/Montevideo] Estado formateado para BD: {"recintos_count":6,"ronda_actual":3,"jugador_activo":2}
[23-Sep-2025 08:02:45 America/Montevideo] ✅ Partida guardada exitosamente en BD
[23-Sep-2025 08:02:46 America/Montevideo] === DEBUG GUARDAR ESTADO PARTIDA ===
[23-Sep-2025 08:02:46 America/Montevideo] Método HTTP: POST
[23-Sep-2025 08:02:46 America/Montevideo] Content-Type: application/json
[23-Sep-2025 08:02:46 America/Montevideo] === Validando estado de usuario ID: 4 ===
[23-Sep-2025 08:02:46 America/Montevideo] === UserRepository::findById(4) ===
[23-Sep-2025 08:02:46 America/Montevideo] Usuario ID 4 encontrado: martin (estado: activo)
[23-Sep-2025 08:02:46 America/Montevideo] Usuario 4 está activo
[23-Sep-2025 08:02:46 America/Montevideo] ✅ Usuario autenticado: ID=4, Username=martin
[23-Sep-2025 08:02:46 America/Montevideo] Raw input recibido (length=971): {"id":129,"partidaId":129,"ronda":3,"turno":1,"jugadorActivo":2,"jugadorQueTiroDado":2,"restriccion":1,"colocadosEnTurno":0,"mano1":["dino4","dino5","dino4","dino2","dino3","dino1"],"mano2":["trex","dino3","dino2","trex","dino5","dino5"],"colocaciones":[{"recinto":"bosque-semejanza","jugador":2,"especie":"trex"},{"recinto":"trio-frondoso","jugador":2,"especie":"dino5"},{"recinto":"trio-frondoso","jugador":1,"especie":"dino1"},{"recinto":"trio-frondoso","jugador":1,"especie":"dino1"},{"recinto":"
[23-Sep-2025 08:02:46 America/Montevideo] ✅ JSON decodificado correctamente
[23-Sep-2025 08:02:46 America/Montevideo] Datos principales: {"id":129,"partidaId":129,"ronda":3,"colocaciones_count":12}
[23-Sep-2025 08:02:46 America/Montevideo] ✅ ID de partida válido: 129
[23-Sep-2025 08:02:46 America/Montevideo] ✅ Acceso validado correctamente
[23-Sep-2025 08:02:46 America/Montevideo] ✅ Validaciones pasadas: ronda=3, turno=1, jugadorActivo=2
[23-Sep-2025 08:02:46 America/Montevideo] Estado formateado para BD: {"recintos_count":6,"ronda_actual":3,"jugador_activo":2}
[23-Sep-2025 08:02:46 America/Montevideo] ✅ Partida guardada exitosamente en BD
[23-Sep-2025 08:02:48 America/Montevideo] === INICIO validarColocacionDino ===
[23-Sep-2025 08:02:48 America/Montevideo] Método: POST
[23-Sep-2025 08:02:48 America/Montevideo] Content-Type: application/json
[23-Sep-2025 08:02:48 America/Montevideo] === Validando estado de usuario ID: 4 ===
[23-Sep-2025 08:02:48 America/Montevideo] === UserRepository::findById(4) ===
[23-Sep-2025 08:02:48 America/Montevideo] Usuario ID 4 encontrado: martin (estado: activo)
[23-Sep-2025 08:02:48 America/Montevideo] Usuario 4 está activo
[23-Sep-2025 08:02:48 America/Montevideo] ✅ Usuario autenticado: 4
[23-Sep-2025 08:02:48 America/Montevideo] Datos recibidos para validación: {"partidaId":129,"restriccion":1,"recintoId":"rey-selva","especie":"trex"}
[23-Sep-2025 08:02:48 America/Montevideo] ✅ COLOCACIÓN VÁLIDA: Dado tirado (restricción=1), recinto=rey-selva, especie=trex
[23-Sep-2025 08:02:48 America/Montevideo] === FIN validarColocacionDino ===
[23-Sep-2025 08:02:48 America/Montevideo] === DEBUG GUARDAR ESTADO PARTIDA ===
[23-Sep-2025 08:02:48 America/Montevideo] Método HTTP: POST
[23-Sep-2025 08:02:48 America/Montevideo] Content-Type: application/json
[23-Sep-2025 08:02:48 America/Montevideo] === Validando estado de usuario ID: 4 ===
[23-Sep-2025 08:02:48 America/Montevideo] === UserRepository::findById(4) ===
[23-Sep-2025 08:02:48 America/Montevideo] Usuario ID 4 encontrado: martin (estado: activo)
[23-Sep-2025 08:02:48 America/Montevideo] Usuario 4 está activo
[23-Sep-2025 08:02:48 America/Montevideo] ✅ Usuario autenticado: ID=4, Username=martin
[23-Sep-2025 08:02:48 America/Montevideo] Raw input recibido (length=1017): {"id":129,"partidaId":129,"ronda":3,"turno":1,"jugadorActivo":2,"jugadorQueTiroDado":2,"restriccion":1,"colocadosEnTurno":1,"mano1":["dino4","dino5","dino4","dino2","dino3","dino1"],"mano2":["dino3","dino2","trex","dino5","dino5"],"colocaciones":[{"recinto":"bosque-semejanza","jugador":2,"especie":"trex"},{"recinto":"trio-frondoso","jugador":2,"especie":"dino5"},{"recinto":"trio-frondoso","jugador":1,"especie":"dino1"},{"recinto":"trio-frondoso","jugador":1,"especie":"dino1"},{"recinto":"trio-fr
[23-Sep-2025 08:02:48 America/Montevideo] ✅ JSON decodificado correctamente
[23-Sep-2025 08:02:48 America/Montevideo] Datos principales: {"id":129,"partidaId":129,"ronda":3,"colocaciones_count":13}
[23-Sep-2025 08:02:48 America/Montevideo] ✅ ID de partida válido: 129
[23-Sep-2025 08:02:48 America/Montevideo] ✅ Acceso validado correctamente
[23-Sep-2025 08:02:48 America/Montevideo] ✅ Validaciones pasadas: ronda=3, turno=1, jugadorActivo=2
[23-Sep-2025 08:02:48 America/Montevideo] Estado formateado para BD: {"recintos_count":6,"ronda_actual":3,"jugador_activo":2}
[23-Sep-2025 08:02:48 America/Montevideo] ✅ Partida guardada exitosamente en BD
[23-Sep-2025 08:02:50 America/Montevideo] === INICIO validarColocacionDino ===
[23-Sep-2025 08:02:50 America/Montevideo] Método: POST
[23-Sep-2025 08:02:50 America/Montevideo] Content-Type: application/json
[23-Sep-2025 08:02:50 America/Montevideo] === Validando estado de usuario ID: 4 ===
[23-Sep-2025 08:02:50 America/Montevideo] === UserRepository::findById(4) ===
[23-Sep-2025 08:02:50 America/Montevideo] Usuario ID 4 encontrado: martin (estado: activo)
[23-Sep-2025 08:02:50 America/Montevideo] Usuario 4 está activo
[23-Sep-2025 08:02:50 America/Montevideo] ✅ Usuario autenticado: 4
[23-Sep-2025 08:02:50 America/Montevideo] Datos recibidos para validación: {"partidaId":129,"restriccion":1,"recintoId":"pradera-amor","especie":"dino2"}
[23-Sep-2025 08:02:50 America/Montevideo] ✅ COLOCACIÓN VÁLIDA: Dado tirado (restricción=1), recinto=pradera-amor, especie=dino2
[23-Sep-2025 08:02:50 America/Montevideo] === FIN validarColocacionDino ===
[23-Sep-2025 08:02:50 America/Montevideo] === DEBUG GUARDAR ESTADO PARTIDA ===
[23-Sep-2025 08:02:50 America/Montevideo] Método HTTP: POST
[23-Sep-2025 08:02:50 America/Montevideo] Content-Type: application/json
[23-Sep-2025 08:02:50 America/Montevideo] === Validando estado de usuario ID: 4 ===
[23-Sep-2025 08:02:50 America/Montevideo] === UserRepository::findById(4) ===
[23-Sep-2025 08:02:50 America/Montevideo] Usuario ID 4 encontrado: martin (estado: activo)
[23-Sep-2025 08:02:50 America/Montevideo] Usuario 4 está activo
[23-Sep-2025 08:02:50 America/Montevideo] ✅ Usuario autenticado: ID=4, Username=martin
[23-Sep-2025 08:02:50 America/Montevideo] Raw input recibido (length=1066): {"id":129,"partidaId":129,"ronda":3,"turno":1,"jugadorActivo":1,"jugadorQueTiroDado":2,"restriccion":1,"colocadosEnTurno":2,"mano1":["dino4","dino5","dino4","dino3","dino1"],"mano2":["dino3","dino2","trex","dino5","dino5"],"colocaciones":[{"recinto":"bosque-semejanza","jugador":2,"especie":"trex"},{"recinto":"trio-frondoso","jugador":2,"especie":"dino5"},{"recinto":"trio-frondoso","jugador":1,"especie":"dino1"},{"recinto":"trio-frondoso","jugador":1,"especie":"dino1"},{"recinto":"trio-frondoso",
[23-Sep-2025 08:02:50 America/Montevideo] ✅ JSON decodificado correctamente
[23-Sep-2025 08:02:50 America/Montevideo] Datos principales: {"id":129,"partidaId":129,"ronda":3,"colocaciones_count":14}
[23-Sep-2025 08:02:50 America/Montevideo] ✅ ID de partida válido: 129
[23-Sep-2025 08:02:50 America/Montevideo] ✅ Acceso validado correctamente
[23-Sep-2025 08:02:50 America/Montevideo] ✅ Validaciones pasadas: ronda=3, turno=1, jugadorActivo=1
[23-Sep-2025 08:02:50 America/Montevideo] Estado formateado para BD: {"recintos_count":6,"ronda_actual":3,"jugador_activo":1}
[23-Sep-2025 08:02:50 America/Montevideo] ✅ Partida guardada exitosamente en BD
[23-Sep-2025 08:02:50 America/Montevideo] === DEBUG GUARDAR ESTADO PARTIDA ===
[23-Sep-2025 08:02:50 America/Montevideo] Método HTTP: POST
[23-Sep-2025 08:02:50 America/Montevideo] Content-Type: application/json
[23-Sep-2025 08:02:50 America/Montevideo] === Validando estado de usuario ID: 4 ===
[23-Sep-2025 08:02:50 America/Montevideo] === UserRepository::findById(4) ===
[23-Sep-2025 08:02:50 America/Montevideo] Usuario ID 4 encontrado: martin (estado: activo)
[23-Sep-2025 08:02:50 America/Montevideo] Usuario 4 está activo
[23-Sep-2025 08:02:50 America/Montevideo] ✅ Usuario autenticado: ID=4, Username=martin
[23-Sep-2025 08:02:50 America/Montevideo] Raw input recibido (length=1069): {"id":129,"partidaId":129,"ronda":3,"turno":2,"jugadorActivo":1,"jugadorQueTiroDado":1,"restriccion":null,"colocadosEnTurno":0,"mano1":["dino3","dino2","trex","dino5","dino5"],"mano2":["dino4","dino5","dino4","dino3","dino1"],"colocaciones":[{"recinto":"bosque-semejanza","jugador":2,"especie":"trex"},{"recinto":"trio-frondoso","jugador":2,"especie":"dino5"},{"recinto":"trio-frondoso","jugador":1,"especie":"dino1"},{"recinto":"trio-frondoso","jugador":1,"especie":"dino1"},{"recinto":"trio-frondos
[23-Sep-2025 08:02:50 America/Montevideo] ✅ JSON decodificado correctamente
[23-Sep-2025 08:02:50 America/Montevideo] Datos principales: {"id":129,"partidaId":129,"ronda":3,"colocaciones_count":14}
[23-Sep-2025 08:02:50 America/Montevideo] ✅ ID de partida válido: 129
[23-Sep-2025 08:02:50 America/Montevideo] ✅ Acceso validado correctamente
[23-Sep-2025 08:02:50 America/Montevideo] ✅ Validaciones pasadas: ronda=3, turno=2, jugadorActivo=1
[23-Sep-2025 08:02:50 America/Montevideo] Estado formateado para BD: {"recintos_count":6,"ronda_actual":3,"jugador_activo":1}
[23-Sep-2025 08:02:50 America/Montevideo] ✅ Partida guardada exitosamente en BD
[23-Sep-2025 08:02:51 America/Montevideo] === DEBUG GUARDAR ESTADO PARTIDA ===
[23-Sep-2025 08:02:51 America/Montevideo] Método HTTP: POST
[23-Sep-2025 08:02:51 America/Montevideo] Content-Type: application/json
[23-Sep-2025 08:02:51 America/Montevideo] === Validando estado de usuario ID: 4 ===
[23-Sep-2025 08:02:51 America/Montevideo] === UserRepository::findById(4) ===
[23-Sep-2025 08:02:51 America/Montevideo] Usuario ID 4 encontrado: martin (estado: activo)
[23-Sep-2025 08:02:51 America/Montevideo] Usuario 4 está activo
[23-Sep-2025 08:02:51 America/Montevideo] ✅ Usuario autenticado: ID=4, Username=martin
[23-Sep-2025 08:02:51 America/Montevideo] Raw input recibido (length=1066): {"id":129,"partidaId":129,"ronda":3,"turno":2,"jugadorActivo":1,"jugadorQueTiroDado":1,"restriccion":6,"colocadosEnTurno":0,"mano1":["dino3","dino2","trex","dino5","dino5"],"mano2":["dino4","dino5","dino4","dino3","dino1"],"colocaciones":[{"recinto":"bosque-semejanza","jugador":2,"especie":"trex"},{"recinto":"trio-frondoso","jugador":2,"especie":"dino5"},{"recinto":"trio-frondoso","jugador":1,"especie":"dino1"},{"recinto":"trio-frondoso","jugador":1,"especie":"dino1"},{"recinto":"trio-frondoso",
[23-Sep-2025 08:02:51 America/Montevideo] ✅ JSON decodificado correctamente
[23-Sep-2025 08:02:51 America/Montevideo] Datos principales: {"id":129,"partidaId":129,"ronda":3,"colocaciones_count":14}
[23-Sep-2025 08:02:51 America/Montevideo] ✅ ID de partida válido: 129
[23-Sep-2025 08:02:51 America/Montevideo] ✅ Acceso validado correctamente
[23-Sep-2025 08:02:51 America/Montevideo] ✅ Validaciones pasadas: ronda=3, turno=2, jugadorActivo=1
[23-Sep-2025 08:02:51 America/Montevideo] Estado formateado para BD: {"recintos_count":6,"ronda_actual":3,"jugador_activo":1}
[23-Sep-2025 08:02:51 America/Montevideo] ✅ Partida guardada exitosamente en BD
[23-Sep-2025 08:02:55 America/Montevideo] === INICIO validarColocacionDino ===
[23-Sep-2025 08:02:55 America/Montevideo] Método: POST
[23-Sep-2025 08:02:55 America/Montevideo] Content-Type: application/json
[23-Sep-2025 08:02:55 America/Montevideo] === Validando estado de usuario ID: 4 ===
[23-Sep-2025 08:02:55 America/Montevideo] === UserRepository::findById(4) ===
[23-Sep-2025 08:02:55 America/Montevideo] Usuario ID 4 encontrado: martin (estado: activo)
[23-Sep-2025 08:02:55 America/Montevideo] Usuario 4 está activo
[23-Sep-2025 08:02:55 America/Montevideo] ✅ Usuario autenticado: 4
[23-Sep-2025 08:02:55 America/Montevideo] Datos recibidos para validación: {"partidaId":129,"restriccion":6,"recintoId":"pradera-amor","especie":"dino5"}
[23-Sep-2025 08:02:55 America/Montevideo] ✅ COLOCACIÓN VÁLIDA: Dado tirado (restricción=6), recinto=pradera-amor, especie=dino5
[23-Sep-2025 08:02:55 America/Montevideo] === FIN validarColocacionDino ===
[23-Sep-2025 08:02:55 America/Montevideo] === DEBUG GUARDAR ESTADO PARTIDA ===
[23-Sep-2025 08:02:55 America/Montevideo] Método HTTP: POST
[23-Sep-2025 08:02:55 America/Montevideo] Content-Type: application/json
[23-Sep-2025 08:02:55 America/Montevideo] === Validando estado de usuario ID: 4 ===
[23-Sep-2025 08:02:55 America/Montevideo] === UserRepository::findById(4) ===
[23-Sep-2025 08:02:55 America/Montevideo] Usuario ID 4 encontrado: martin (estado: activo)
[23-Sep-2025 08:02:55 America/Montevideo] Usuario 4 está activo
[23-Sep-2025 08:02:55 America/Montevideo] ✅ Usuario autenticado: ID=4, Username=martin
[23-Sep-2025 08:02:55 America/Montevideo] Raw input recibido (length=1115): {"id":129,"partidaId":129,"ronda":3,"turno":2,"jugadorActivo":1,"jugadorQueTiroDado":1,"restriccion":6,"colocadosEnTurno":1,"mano1":["dino3","dino2","trex","dino5"],"mano2":["dino4","dino5","dino4","dino3","dino1"],"colocaciones":[{"recinto":"bosque-semejanza","jugador":2,"especie":"trex"},{"recinto":"trio-frondoso","jugador":2,"especie":"dino5"},{"recinto":"trio-frondoso","jugador":1,"especie":"dino1"},{"recinto":"trio-frondoso","jugador":1,"especie":"dino1"},{"recinto":"trio-frondoso","jugador
[23-Sep-2025 08:02:55 America/Montevideo] ✅ JSON decodificado correctamente
[23-Sep-2025 08:02:55 America/Montevideo] Datos principales: {"id":129,"partidaId":129,"ronda":3,"colocaciones_count":15}
[23-Sep-2025 08:02:55 America/Montevideo] ✅ ID de partida válido: 129
[23-Sep-2025 08:02:55 America/Montevideo] ✅ Acceso validado correctamente
[23-Sep-2025 08:02:55 America/Montevideo] ✅ Validaciones pasadas: ronda=3, turno=2, jugadorActivo=1
[23-Sep-2025 08:02:55 America/Montevideo] Estado formateado para BD: {"recintos_count":6,"ronda_actual":3,"jugador_activo":1}
[23-Sep-2025 08:02:55 America/Montevideo] ✅ Partida guardada exitosamente en BD
[23-Sep-2025 08:02:59 America/Montevideo] === INICIO validarColocacionDino ===
[23-Sep-2025 08:02:59 America/Montevideo] Método: POST
[23-Sep-2025 08:02:59 America/Montevideo] Content-Type: application/json
[23-Sep-2025 08:02:59 America/Montevideo] === Validando estado de usuario ID: 4 ===
[23-Sep-2025 08:02:59 America/Montevideo] === UserRepository::findById(4) ===
[23-Sep-2025 08:02:59 America/Montevideo] Usuario ID 4 encontrado: martin (estado: activo)
[23-Sep-2025 08:02:59 America/Montevideo] Usuario 4 está activo
[23-Sep-2025 08:02:59 America/Montevideo] ✅ Usuario autenticado: 4
[23-Sep-2025 08:02:59 America/Montevideo] Datos recibidos para validación: {"partidaId":129,"restriccion":6,"recintoId":"trio-frondoso","especie":"dino1"}
[23-Sep-2025 08:02:59 America/Montevideo] ✅ COLOCACIÓN VÁLIDA: Dado tirado (restricción=6), recinto=trio-frondoso, especie=dino1
[23-Sep-2025 08:02:59 America/Montevideo] === FIN validarColocacionDino ===
[23-Sep-2025 08:02:59 America/Montevideo] === DEBUG GUARDAR ESTADO PARTIDA ===
[23-Sep-2025 08:02:59 America/Montevideo] Método HTTP: POST
[23-Sep-2025 08:02:59 America/Montevideo] Content-Type: application/json
[23-Sep-2025 08:02:59 America/Montevideo] === Validando estado de usuario ID: 4 ===
[23-Sep-2025 08:02:59 America/Montevideo] === UserRepository::findById(4) ===
[23-Sep-2025 08:02:59 America/Montevideo] Usuario ID 4 encontrado: martin (estado: activo)
[23-Sep-2025 08:02:59 America/Montevideo] Usuario 4 está activo
[23-Sep-2025 08:02:59 America/Montevideo] ✅ Usuario autenticado: ID=4, Username=martin
[23-Sep-2025 08:02:59 America/Montevideo] Raw input recibido (length=1165): {"id":129,"partidaId":129,"ronda":3,"turno":2,"jugadorActivo":2,"jugadorQueTiroDado":1,"restriccion":6,"colocadosEnTurno":2,"mano1":["dino3","dino2","trex","dino5"],"mano2":["dino4","dino5","dino4","dino3"],"colocaciones":[{"recinto":"bosque-semejanza","jugador":2,"especie":"trex"},{"recinto":"trio-frondoso","jugador":2,"especie":"dino5"},{"recinto":"trio-frondoso","jugador":1,"especie":"dino1"},{"recinto":"trio-frondoso","jugador":1,"especie":"dino1"},{"recinto":"trio-frondoso","jugador":2,"esp
[23-Sep-2025 08:02:59 America/Montevideo] ✅ JSON decodificado correctamente
[23-Sep-2025 08:02:59 America/Montevideo] Datos principales: {"id":129,"partidaId":129,"ronda":3,"colocaciones_count":16}
[23-Sep-2025 08:02:59 America/Montevideo] ✅ ID de partida válido: 129
[23-Sep-2025 08:02:59 America/Montevideo] ✅ Acceso validado correctamente
[23-Sep-2025 08:02:59 America/Montevideo] ✅ Validaciones pasadas: ronda=3, turno=2, jugadorActivo=2
[23-Sep-2025 08:02:59 America/Montevideo] Estado formateado para BD: {"recintos_count":6,"ronda_actual":3,"jugador_activo":2}
[23-Sep-2025 08:02:59 America/Montevideo] ✅ Partida guardada exitosamente en BD
[23-Sep-2025 08:02:59 America/Montevideo] === DEBUG GUARDAR ESTADO PARTIDA ===
[23-Sep-2025 08:02:59 America/Montevideo] Método HTTP: POST
[23-Sep-2025 08:02:59 America/Montevideo] Content-Type: application/json
[23-Sep-2025 08:02:59 America/Montevideo] === Validando estado de usuario ID: 4 ===
[23-Sep-2025 08:02:59 America/Montevideo] === UserRepository::findById(4) ===
[23-Sep-2025 08:02:59 America/Montevideo] Usuario ID 4 encontrado: martin (estado: activo)
[23-Sep-2025 08:02:59 America/Montevideo] Usuario 4 está activo
[23-Sep-2025 08:02:59 America/Montevideo] ✅ Usuario autenticado: ID=4, Username=martin
[23-Sep-2025 08:02:59 America/Montevideo] Raw input recibido (length=1168): {"id":129,"partidaId":129,"ronda":3,"turno":3,"jugadorActivo":2,"jugadorQueTiroDado":2,"restriccion":null,"colocadosEnTurno":0,"mano1":["dino4","dino5","dino4","dino3"],"mano2":["dino3","dino2","trex","dino5"],"colocaciones":[{"recinto":"bosque-semejanza","jugador":2,"especie":"trex"},{"recinto":"trio-frondoso","jugador":2,"especie":"dino5"},{"recinto":"trio-frondoso","jugador":1,"especie":"dino1"},{"recinto":"trio-frondoso","jugador":1,"especie":"dino1"},{"recinto":"trio-frondoso","jugador":2,"
[23-Sep-2025 08:02:59 America/Montevideo] ✅ JSON decodificado correctamente
[23-Sep-2025 08:02:59 America/Montevideo] Datos principales: {"id":129,"partidaId":129,"ronda":3,"colocaciones_count":16}
[23-Sep-2025 08:02:59 America/Montevideo] ✅ ID de partida válido: 129
[23-Sep-2025 08:02:59 America/Montevideo] ✅ Acceso validado correctamente
[23-Sep-2025 08:02:59 America/Montevideo] ✅ Validaciones pasadas: ronda=3, turno=3, jugadorActivo=2
[23-Sep-2025 08:02:59 America/Montevideo] Estado formateado para BD: {"recintos_count":6,"ronda_actual":3,"jugador_activo":2}
[23-Sep-2025 08:02:59 America/Montevideo] ✅ Partida guardada exitosamente en BD
[23-Sep-2025 08:03:00 America/Montevideo] === DEBUG GUARDAR ESTADO PARTIDA ===
[23-Sep-2025 08:03:00 America/Montevideo] Método HTTP: POST
[23-Sep-2025 08:03:00 America/Montevideo] Content-Type: application/json
[23-Sep-2025 08:03:00 America/Montevideo] === Validando estado de usuario ID: 4 ===
[23-Sep-2025 08:03:00 America/Montevideo] === UserRepository::findById(4) ===
[23-Sep-2025 08:03:00 America/Montevideo] Usuario ID 4 encontrado: martin (estado: activo)
[23-Sep-2025 08:03:00 America/Montevideo] Usuario 4 está activo
[23-Sep-2025 08:03:00 America/Montevideo] ✅ Usuario autenticado: ID=4, Username=martin
[23-Sep-2025 08:03:00 America/Montevideo] Raw input recibido (length=1165): {"id":129,"partidaId":129,"ronda":3,"turno":3,"jugadorActivo":2,"jugadorQueTiroDado":2,"restriccion":2,"colocadosEnTurno":0,"mano1":["dino4","dino5","dino4","dino3"],"mano2":["dino3","dino2","trex","dino5"],"colocaciones":[{"recinto":"bosque-semejanza","jugador":2,"especie":"trex"},{"recinto":"trio-frondoso","jugador":2,"especie":"dino5"},{"recinto":"trio-frondoso","jugador":1,"especie":"dino1"},{"recinto":"trio-frondoso","jugador":1,"especie":"dino1"},{"recinto":"trio-frondoso","jugador":2,"esp
[23-Sep-2025 08:03:00 America/Montevideo] ✅ JSON decodificado correctamente
[23-Sep-2025 08:03:00 America/Montevideo] Datos principales: {"id":129,"partidaId":129,"ronda":3,"colocaciones_count":16}
[23-Sep-2025 08:03:00 America/Montevideo] ✅ ID de partida válido: 129
[23-Sep-2025 08:03:00 America/Montevideo] ✅ Acceso validado correctamente
[23-Sep-2025 08:03:00 America/Montevideo] ✅ Validaciones pasadas: ronda=3, turno=3, jugadorActivo=2
[23-Sep-2025 08:03:00 America/Montevideo] Estado formateado para BD: {"recintos_count":6,"ronda_actual":3,"jugador_activo":2}
[23-Sep-2025 08:03:00 America/Montevideo] ✅ Partida guardada exitosamente en BD
[23-Sep-2025 08:03:02 America/Montevideo] === INICIO validarColocacionDino ===
[23-Sep-2025 08:03:02 America/Montevideo] Método: POST
[23-Sep-2025 08:03:02 America/Montevideo] Content-Type: application/json
[23-Sep-2025 08:03:02 America/Montevideo] === Validando estado de usuario ID: 4 ===
[23-Sep-2025 08:03:02 America/Montevideo] === UserRepository::findById(4) ===
[23-Sep-2025 08:03:02 America/Montevideo] Usuario ID 4 encontrado: martin (estado: activo)
[23-Sep-2025 08:03:02 America/Montevideo] Usuario 4 está activo
[23-Sep-2025 08:03:02 America/Montevideo] ✅ Usuario autenticado: 4
[23-Sep-2025 08:03:02 America/Montevideo] Datos recibidos para validación: {"partidaId":129,"restriccion":2,"recintoId":"pradera-amor","especie":"dino5"}
[23-Sep-2025 08:03:02 America/Montevideo] ✅ COLOCACIÓN VÁLIDA: Dado tirado (restricción=2), recinto=pradera-amor, especie=dino5
[23-Sep-2025 08:03:02 America/Montevideo] === FIN validarColocacionDino ===
[23-Sep-2025 08:03:02 America/Montevideo] === DEBUG GUARDAR ESTADO PARTIDA ===
[23-Sep-2025 08:03:02 America/Montevideo] Método HTTP: POST
[23-Sep-2025 08:03:02 America/Montevideo] Content-Type: application/json
[23-Sep-2025 08:03:02 America/Montevideo] === Validando estado de usuario ID: 4 ===
[23-Sep-2025 08:03:02 America/Montevideo] === UserRepository::findById(4) ===
[23-Sep-2025 08:03:02 America/Montevideo] Usuario ID 4 encontrado: martin (estado: activo)
[23-Sep-2025 08:03:02 America/Montevideo] Usuario 4 está activo
[23-Sep-2025 08:03:02 America/Montevideo] ✅ Usuario autenticado: ID=4, Username=martin
[23-Sep-2025 08:03:02 America/Montevideo] Raw input recibido (length=1214): {"id":129,"partidaId":129,"ronda":3,"turno":3,"jugadorActivo":2,"jugadorQueTiroDado":2,"restriccion":2,"colocadosEnTurno":1,"mano1":["dino4","dino5","dino4","dino3"],"mano2":["dino3","dino2","trex"],"colocaciones":[{"recinto":"bosque-semejanza","jugador":2,"especie":"trex"},{"recinto":"trio-frondoso","jugador":2,"especie":"dino5"},{"recinto":"trio-frondoso","jugador":1,"especie":"dino1"},{"recinto":"trio-frondoso","jugador":1,"especie":"dino1"},{"recinto":"trio-frondoso","jugador":2,"especie":"d
[23-Sep-2025 08:03:02 America/Montevideo] ✅ JSON decodificado correctamente
[23-Sep-2025 08:03:02 America/Montevideo] Datos principales: {"id":129,"partidaId":129,"ronda":3,"colocaciones_count":17}
[23-Sep-2025 08:03:02 America/Montevideo] ✅ ID de partida válido: 129
[23-Sep-2025 08:03:02 America/Montevideo] ✅ Acceso validado correctamente
[23-Sep-2025 08:03:02 America/Montevideo] ✅ Validaciones pasadas: ronda=3, turno=3, jugadorActivo=2
[23-Sep-2025 08:03:02 America/Montevideo] Estado formateado para BD: {"recintos_count":6,"ronda_actual":3,"jugador_activo":2}
[23-Sep-2025 08:03:02 America/Montevideo] ✅ Partida guardada exitosamente en BD
[23-Sep-2025 08:03:05 America/Montevideo] === INICIO validarColocacionDino ===
[23-Sep-2025 08:03:05 America/Montevideo] Método: POST
[23-Sep-2025 08:03:05 America/Montevideo] Content-Type: application/json
[23-Sep-2025 08:03:05 America/Montevideo] === Validando estado de usuario ID: 4 ===
[23-Sep-2025 08:03:05 America/Montevideo] === UserRepository::findById(4) ===
[23-Sep-2025 08:03:05 America/Montevideo] Usuario ID 4 encontrado: martin (estado: activo)
[23-Sep-2025 08:03:05 America/Montevideo] Usuario 4 está activo
[23-Sep-2025 08:03:05 America/Montevideo] ✅ Usuario autenticado: 4
[23-Sep-2025 08:03:05 America/Montevideo] Datos recibidos para validación: {"partidaId":129,"restriccion":2,"recintoId":"isla-solitario","especie":"dino4"}
[23-Sep-2025 08:03:05 America/Montevideo] ✅ COLOCACIÓN VÁLIDA: Dado tirado (restricción=2), recinto=isla-solitario, especie=dino4
[23-Sep-2025 08:03:05 America/Montevideo] === FIN validarColocacionDino ===
[23-Sep-2025 08:03:05 America/Montevideo] === DEBUG GUARDAR ESTADO PARTIDA ===
[23-Sep-2025 08:03:05 America/Montevideo] Método HTTP: POST
[23-Sep-2025 08:03:05 America/Montevideo] Content-Type: application/json
[23-Sep-2025 08:03:05 America/Montevideo] === Validando estado de usuario ID: 4 ===
[23-Sep-2025 08:03:05 America/Montevideo] === UserRepository::findById(4) ===
[23-Sep-2025 08:03:05 America/Montevideo] Usuario ID 4 encontrado: martin (estado: activo)
[23-Sep-2025 08:03:05 America/Montevideo] Usuario 4 está activo
[23-Sep-2025 08:03:05 America/Montevideo] ✅ Usuario autenticado: ID=4, Username=martin
[23-Sep-2025 08:03:05 America/Montevideo] Raw input recibido (length=1265): {"id":129,"partidaId":129,"ronda":3,"turno":3,"jugadorActivo":1,"jugadorQueTiroDado":2,"restriccion":2,"colocadosEnTurno":2,"mano1":["dino5","dino4","dino3"],"mano2":["dino3","dino2","trex"],"colocaciones":[{"recinto":"bosque-semejanza","jugador":2,"especie":"trex"},{"recinto":"trio-frondoso","jugador":2,"especie":"dino5"},{"recinto":"trio-frondoso","jugador":1,"especie":"dino1"},{"recinto":"trio-frondoso","jugador":1,"especie":"dino1"},{"recinto":"trio-frondoso","jugador":2,"especie":"dino1"},{
[23-Sep-2025 08:03:05 America/Montevideo] ✅ JSON decodificado correctamente
[23-Sep-2025 08:03:05 America/Montevideo] Datos principales: {"id":129,"partidaId":129,"ronda":3,"colocaciones_count":18}
[23-Sep-2025 08:03:05 America/Montevideo] ✅ ID de partida válido: 129
[23-Sep-2025 08:03:05 America/Montevideo] ✅ Acceso validado correctamente
[23-Sep-2025 08:03:05 America/Montevideo] ✅ Validaciones pasadas: ronda=3, turno=3, jugadorActivo=1
[23-Sep-2025 08:03:05 America/Montevideo] Estado formateado para BD: {"recintos_count":6,"ronda_actual":3,"jugador_activo":1}
[23-Sep-2025 08:03:05 America/Montevideo] ✅ Partida guardada exitosamente en BD
[23-Sep-2025 08:03:05 America/Montevideo] === DEBUG GUARDAR ESTADO PARTIDA ===
[23-Sep-2025 08:03:05 America/Montevideo] Método HTTP: POST
[23-Sep-2025 08:03:05 America/Montevideo] Content-Type: application/json
[23-Sep-2025 08:03:05 America/Montevideo] === Validando estado de usuario ID: 4 ===
[23-Sep-2025 08:03:05 America/Montevideo] === UserRepository::findById(4) ===
[23-Sep-2025 08:03:05 America/Montevideo] Usuario ID 4 encontrado: martin (estado: activo)
[23-Sep-2025 08:03:05 America/Montevideo] Usuario 4 está activo
[23-Sep-2025 08:03:05 America/Montevideo] ✅ Usuario autenticado: ID=4, Username=martin
[23-Sep-2025 08:03:05 America/Montevideo] Raw input recibido (length=1314): {"id":129,"partidaId":129,"ronda":4,"turno":1,"jugadorActivo":1,"jugadorQueTiroDado":1,"restriccion":null,"colocadosEnTurno":0,"mano1":["dino3","dino5","trex","trex","dino4","dino4"],"mano2":["dino2","dino4","dino3","trex","dino4","dino1"],"colocaciones":[{"recinto":"bosque-semejanza","jugador":2,"especie":"trex"},{"recinto":"trio-frondoso","jugador":2,"especie":"dino5"},{"recinto":"trio-frondoso","jugador":1,"especie":"dino1"},{"recinto":"trio-frondoso","jugador":1,"especie":"dino1"},{"recinto"
[23-Sep-2025 08:03:05 America/Montevideo] ✅ JSON decodificado correctamente
[23-Sep-2025 08:03:05 America/Montevideo] Datos principales: {"id":129,"partidaId":129,"ronda":4,"colocaciones_count":18}
[23-Sep-2025 08:03:05 America/Montevideo] ✅ ID de partida válido: 129
[23-Sep-2025 08:03:05 America/Montevideo] ✅ Acceso validado correctamente
[23-Sep-2025 08:03:05 America/Montevideo] ✅ Validaciones pasadas: ronda=4, turno=1, jugadorActivo=1
[23-Sep-2025 08:03:05 America/Montevideo] Estado formateado para BD: {"recintos_count":6,"ronda_actual":4,"jugador_activo":1}
[23-Sep-2025 08:03:05 America/Montevideo] ✅ Partida guardada exitosamente en BD
[23-Sep-2025 08:03:08 America/Montevideo] === DEBUG GUARDAR ESTADO PARTIDA ===
[23-Sep-2025 08:03:08 America/Montevideo] Método HTTP: POST
[23-Sep-2025 08:03:08 America/Montevideo] Content-Type: application/json
[23-Sep-2025 08:03:08 America/Montevideo] === Validando estado de usuario ID: 4 ===
[23-Sep-2025 08:03:08 America/Montevideo] === UserRepository::findById(4) ===
[23-Sep-2025 08:03:08 America/Montevideo] Usuario ID 4 encontrado: martin (estado: activo)
[23-Sep-2025 08:03:08 America/Montevideo] Usuario 4 está activo
[23-Sep-2025 08:03:08 America/Montevideo] ✅ Usuario autenticado: ID=4, Username=martin
[23-Sep-2025 08:03:08 America/Montevideo] Raw input recibido (length=1311): {"id":129,"partidaId":129,"ronda":4,"turno":1,"jugadorActivo":1,"jugadorQueTiroDado":1,"restriccion":1,"colocadosEnTurno":0,"mano1":["dino3","dino5","trex","trex","dino4","dino4"],"mano2":["dino2","dino4","dino3","trex","dino4","dino1"],"colocaciones":[{"recinto":"bosque-semejanza","jugador":2,"especie":"trex"},{"recinto":"trio-frondoso","jugador":2,"especie":"dino5"},{"recinto":"trio-frondoso","jugador":1,"especie":"dino1"},{"recinto":"trio-frondoso","jugador":1,"especie":"dino1"},{"recinto":"t
[23-Sep-2025 08:03:08 America/Montevideo] ✅ JSON decodificado correctamente
[23-Sep-2025 08:03:08 America/Montevideo] Datos principales: {"id":129,"partidaId":129,"ronda":4,"colocaciones_count":18}
[23-Sep-2025 08:03:08 America/Montevideo] ✅ ID de partida válido: 129
[23-Sep-2025 08:03:08 America/Montevideo] ✅ Acceso validado correctamente
[23-Sep-2025 08:03:08 America/Montevideo] ✅ Validaciones pasadas: ronda=4, turno=1, jugadorActivo=1
[23-Sep-2025 08:03:08 America/Montevideo] Estado formateado para BD: {"recintos_count":6,"ronda_actual":4,"jugador_activo":1}
[23-Sep-2025 08:03:08 America/Montevideo] ✅ Partida guardada exitosamente en BD
[23-Sep-2025 08:03:13 America/Montevideo] === INICIO validarColocacionDino ===
[23-Sep-2025 08:03:13 America/Montevideo] Método: POST
[23-Sep-2025 08:03:13 America/Montevideo] Content-Type: application/json
[23-Sep-2025 08:03:13 America/Montevideo] === Validando estado de usuario ID: 4 ===
[23-Sep-2025 08:03:13 America/Montevideo] === UserRepository::findById(4) ===
[23-Sep-2025 08:03:13 America/Montevideo] Usuario ID 4 encontrado: martin (estado: activo)
[23-Sep-2025 08:03:13 America/Montevideo] Usuario 4 está activo
[23-Sep-2025 08:03:13 America/Montevideo] ✅ Usuario autenticado: 4
[23-Sep-2025 08:03:13 America/Montevideo] Datos recibidos para validación: {"partidaId":129,"restriccion":1,"recintoId":"prado-diferencia","especie":"trex"}
[23-Sep-2025 08:03:13 America/Montevideo] ✅ COLOCACIÓN VÁLIDA: Dado tirado (restricción=1), recinto=prado-diferencia, especie=trex
[23-Sep-2025 08:03:13 America/Montevideo] === FIN validarColocacionDino ===
[23-Sep-2025 08:03:13 America/Montevideo] === DEBUG GUARDAR ESTADO PARTIDA ===
[23-Sep-2025 08:03:13 America/Montevideo] Método HTTP: POST
[23-Sep-2025 08:03:13 America/Montevideo] Content-Type: application/json
[23-Sep-2025 08:03:13 America/Montevideo] === Validando estado de usuario ID: 4 ===
[23-Sep-2025 08:03:13 America/Montevideo] === UserRepository::findById(4) ===
[23-Sep-2025 08:03:13 America/Montevideo] Usuario ID 4 encontrado: martin (estado: activo)
[23-Sep-2025 08:03:13 America/Montevideo] Usuario 4 está activo
[23-Sep-2025 08:03:13 America/Montevideo] ✅ Usuario autenticado: ID=4, Username=martin
[23-Sep-2025 08:03:13 America/Montevideo] Raw input recibido (length=1364): {"id":129,"partidaId":129,"ronda":4,"turno":1,"jugadorActivo":1,"jugadorQueTiroDado":1,"restriccion":1,"colocadosEnTurno":1,"mano1":["dino3","dino5","trex","dino4","dino4"],"mano2":["dino2","dino4","dino3","trex","dino4","dino1"],"colocaciones":[{"recinto":"bosque-semejanza","jugador":2,"especie":"trex"},{"recinto":"trio-frondoso","jugador":2,"especie":"dino5"},{"recinto":"trio-frondoso","jugador":1,"especie":"dino1"},{"recinto":"trio-frondoso","jugador":1,"especie":"dino1"},{"recinto":"trio-fro
[23-Sep-2025 08:03:13 America/Montevideo] ✅ JSON decodificado correctamente
[23-Sep-2025 08:03:13 America/Montevideo] Datos principales: {"id":129,"partidaId":129,"ronda":4,"colocaciones_count":19}
[23-Sep-2025 08:03:13 America/Montevideo] ✅ ID de partida válido: 129
[23-Sep-2025 08:03:13 America/Montevideo] ✅ Acceso validado correctamente
[23-Sep-2025 08:03:13 America/Montevideo] ✅ Validaciones pasadas: ronda=4, turno=1, jugadorActivo=1
[23-Sep-2025 08:03:13 America/Montevideo] Estado formateado para BD: {"recintos_count":6,"ronda_actual":4,"jugador_activo":1}
[23-Sep-2025 08:03:13 America/Montevideo] ✅ Partida guardada exitosamente en BD
[23-Sep-2025 08:03:15 America/Montevideo] === DEBUG GUARDAR ESTADO PARTIDA ===
[23-Sep-2025 08:03:15 America/Montevideo] Método HTTP: POST
[23-Sep-2025 08:03:15 America/Montevideo] Content-Type: application/json
[23-Sep-2025 08:03:15 America/Montevideo] === Validando estado de usuario ID: 4 ===
[23-Sep-2025 08:03:15 America/Montevideo] === UserRepository::findById(4) ===
[23-Sep-2025 08:03:15 America/Montevideo] Usuario ID 4 encontrado: martin (estado: activo)
[23-Sep-2025 08:03:15 America/Montevideo] Usuario 4 está activo
[23-Sep-2025 08:03:15 America/Montevideo] ✅ Usuario autenticado: ID=4, Username=martin
[23-Sep-2025 08:03:15 America/Montevideo] Raw input recibido (length=1364): {"id":129,"partidaId":129,"ronda":4,"turno":1,"jugadorActivo":2,"jugadorQueTiroDado":1,"restriccion":1,"colocadosEnTurno":1,"mano1":["dino3","dino5","trex","dino4","dino4"],"mano2":["dino2","dino4","dino3","trex","dino4","dino1"],"colocaciones":[{"recinto":"bosque-semejanza","jugador":2,"especie":"trex"},{"recinto":"trio-frondoso","jugador":2,"especie":"dino5"},{"recinto":"trio-frondoso","jugador":1,"especie":"dino1"},{"recinto":"trio-frondoso","jugador":1,"especie":"dino1"},{"recinto":"trio-fro
[23-Sep-2025 08:03:15 America/Montevideo] ✅ JSON decodificado correctamente
[23-Sep-2025 08:03:15 America/Montevideo] Datos principales: {"id":129,"partidaId":129,"ronda":4,"colocaciones_count":19}
[23-Sep-2025 08:03:15 America/Montevideo] ✅ ID de partida válido: 129
[23-Sep-2025 08:03:15 America/Montevideo] ✅ Acceso validado correctamente
[23-Sep-2025 08:03:15 America/Montevideo] ✅ Validaciones pasadas: ronda=4, turno=1, jugadorActivo=2
[23-Sep-2025 08:03:15 America/Montevideo] Estado formateado para BD: {"recintos_count":6,"ronda_actual":4,"jugador_activo":2}
[23-Sep-2025 08:03:15 America/Montevideo] ✅ Partida guardada exitosamente en BD
[23-Sep-2025 08:03:16 America/Montevideo] === INICIO validarColocacionDino ===
[23-Sep-2025 08:03:16 America/Montevideo] Método: POST
[23-Sep-2025 08:03:16 America/Montevideo] Content-Type: application/json
[23-Sep-2025 08:03:16 America/Montevideo] === Validando estado de usuario ID: 4 ===
[23-Sep-2025 08:03:16 America/Montevideo] === UserRepository::findById(4) ===
[23-Sep-2025 08:03:16 America/Montevideo] Usuario ID 4 encontrado: martin (estado: activo)
[23-Sep-2025 08:03:16 America/Montevideo] Usuario 4 está activo
[23-Sep-2025 08:03:16 America/Montevideo] ✅ Usuario autenticado: 4
[23-Sep-2025 08:03:16 America/Montevideo] Datos recibidos para validación: {"partidaId":129,"restriccion":1,"recintoId":"pradera-amor","especie":"trex"}
[23-Sep-2025 08:03:16 America/Montevideo] ✅ COLOCACIÓN VÁLIDA: Dado tirado (restricción=1), recinto=pradera-amor, especie=trex
[23-Sep-2025 08:03:16 America/Montevideo] === FIN validarColocacionDino ===
[23-Sep-2025 08:03:16 America/Montevideo] === DEBUG GUARDAR ESTADO PARTIDA ===
[23-Sep-2025 08:03:16 America/Montevideo] Método HTTP: POST
[23-Sep-2025 08:03:16 America/Montevideo] Content-Type: application/json
[23-Sep-2025 08:03:16 America/Montevideo] === Validando estado de usuario ID: 4 ===
[23-Sep-2025 08:03:16 America/Montevideo] === UserRepository::findById(4) ===
[23-Sep-2025 08:03:16 America/Montevideo] Usuario ID 4 encontrado: martin (estado: activo)
[23-Sep-2025 08:03:16 America/Montevideo] Usuario 4 está activo
[23-Sep-2025 08:03:16 America/Montevideo] ✅ Usuario autenticado: ID=4, Username=martin
[23-Sep-2025 08:03:16 America/Montevideo] Raw input recibido (length=1413): {"id":129,"partidaId":129,"ronda":4,"turno":1,"jugadorActivo":2,"jugadorQueTiroDado":1,"restriccion":1,"colocadosEnTurno":2,"mano1":["dino3","dino5","trex","dino4","dino4"],"mano2":["dino2","dino4","dino3","dino4","dino1"],"colocaciones":[{"recinto":"bosque-semejanza","jugador":2,"especie":"trex"},{"recinto":"trio-frondoso","jugador":2,"especie":"dino5"},{"recinto":"trio-frondoso","jugador":1,"especie":"dino1"},{"recinto":"trio-frondoso","jugador":1,"especie":"dino1"},{"recinto":"trio-frondoso",
[23-Sep-2025 08:03:16 America/Montevideo] ✅ JSON decodificado correctamente
[23-Sep-2025 08:03:16 America/Montevideo] Datos principales: {"id":129,"partidaId":129,"ronda":4,"colocaciones_count":20}
[23-Sep-2025 08:03:16 America/Montevideo] ✅ ID de partida válido: 129
[23-Sep-2025 08:03:16 America/Montevideo] ✅ Acceso validado correctamente
[23-Sep-2025 08:03:16 America/Montevideo] ✅ Validaciones pasadas: ronda=4, turno=1, jugadorActivo=2
[23-Sep-2025 08:03:16 America/Montevideo] Estado formateado para BD: {"recintos_count":6,"ronda_actual":4,"jugador_activo":2}
[23-Sep-2025 08:03:16 America/Montevideo] ✅ Partida guardada exitosamente en BD
[23-Sep-2025 08:03:16 America/Montevideo] === DEBUG GUARDAR ESTADO PARTIDA ===
[23-Sep-2025 08:03:16 America/Montevideo] Método HTTP: POST
[23-Sep-2025 08:03:16 America/Montevideo] Content-Type: application/json
[23-Sep-2025 08:03:16 America/Montevideo] === Validando estado de usuario ID: 4 ===
[23-Sep-2025 08:03:16 America/Montevideo] === UserRepository::findById(4) ===
[23-Sep-2025 08:03:16 America/Montevideo] Usuario ID 4 encontrado: martin (estado: activo)
[23-Sep-2025 08:03:16 America/Montevideo] Usuario 4 está activo
[23-Sep-2025 08:03:16 America/Montevideo] ✅ Usuario autenticado: ID=4, Username=martin
[23-Sep-2025 08:03:16 America/Montevideo] Raw input recibido (length=1416): {"id":129,"partidaId":129,"ronda":4,"turno":2,"jugadorActivo":2,"jugadorQueTiroDado":2,"restriccion":null,"colocadosEnTurno":0,"mano1":["dino2","dino4","dino3","dino4","dino1"],"mano2":["dino3","dino5","trex","dino4","dino4"],"colocaciones":[{"recinto":"bosque-semejanza","jugador":2,"especie":"trex"},{"recinto":"trio-frondoso","jugador":2,"especie":"dino5"},{"recinto":"trio-frondoso","jugador":1,"especie":"dino1"},{"recinto":"trio-frondoso","jugador":1,"especie":"dino1"},{"recinto":"trio-frondos
[23-Sep-2025 08:03:16 America/Montevideo] ✅ JSON decodificado correctamente
[23-Sep-2025 08:03:16 America/Montevideo] Datos principales: {"id":129,"partidaId":129,"ronda":4,"colocaciones_count":20}
[23-Sep-2025 08:03:16 America/Montevideo] ✅ ID de partida válido: 129
[23-Sep-2025 08:03:16 America/Montevideo] ✅ Acceso validado correctamente
[23-Sep-2025 08:03:16 America/Montevideo] ✅ Validaciones pasadas: ronda=4, turno=2, jugadorActivo=2
[23-Sep-2025 08:03:16 America/Montevideo] Estado formateado para BD: {"recintos_count":6,"ronda_actual":4,"jugador_activo":2}
[23-Sep-2025 08:03:16 America/Montevideo] ✅ Partida guardada exitosamente en BD
[23-Sep-2025 08:03:17 America/Montevideo] === DEBUG GUARDAR ESTADO PARTIDA ===
[23-Sep-2025 08:03:17 America/Montevideo] Método HTTP: POST
[23-Sep-2025 08:03:17 America/Montevideo] Content-Type: application/json
[23-Sep-2025 08:03:17 America/Montevideo] === Validando estado de usuario ID: 4 ===
[23-Sep-2025 08:03:17 America/Montevideo] === UserRepository::findById(4) ===
[23-Sep-2025 08:03:17 America/Montevideo] Usuario ID 4 encontrado: martin (estado: activo)
[23-Sep-2025 08:03:17 America/Montevideo] Usuario 4 está activo
[23-Sep-2025 08:03:17 America/Montevideo] ✅ Usuario autenticado: ID=4, Username=martin
[23-Sep-2025 08:03:17 America/Montevideo] Raw input recibido (length=1413): {"id":129,"partidaId":129,"ronda":4,"turno":2,"jugadorActivo":2,"jugadorQueTiroDado":2,"restriccion":4,"colocadosEnTurno":0,"mano1":["dino2","dino4","dino3","dino4","dino1"],"mano2":["dino3","dino5","trex","dino4","dino4"],"colocaciones":[{"recinto":"bosque-semejanza","jugador":2,"especie":"trex"},{"recinto":"trio-frondoso","jugador":2,"especie":"dino5"},{"recinto":"trio-frondoso","jugador":1,"especie":"dino1"},{"recinto":"trio-frondoso","jugador":1,"especie":"dino1"},{"recinto":"trio-frondoso",
[23-Sep-2025 08:03:17 America/Montevideo] ✅ JSON decodificado correctamente
[23-Sep-2025 08:03:17 America/Montevideo] Datos principales: {"id":129,"partidaId":129,"ronda":4,"colocaciones_count":20}
[23-Sep-2025 08:03:17 America/Montevideo] ✅ ID de partida válido: 129
[23-Sep-2025 08:03:17 America/Montevideo] ✅ Acceso validado correctamente
[23-Sep-2025 08:03:17 America/Montevideo] ✅ Validaciones pasadas: ronda=4, turno=2, jugadorActivo=2
[23-Sep-2025 08:03:17 America/Montevideo] Estado formateado para BD: {"recintos_count":6,"ronda_actual":4,"jugador_activo":2}
[23-Sep-2025 08:03:17 America/Montevideo] ✅ Partida guardada exitosamente en BD
[23-Sep-2025 08:03:19 America/Montevideo] === INICIO validarColocacionDino ===
[23-Sep-2025 08:03:19 America/Montevideo] Método: POST
[23-Sep-2025 08:03:19 America/Montevideo] Content-Type: application/json
[23-Sep-2025 08:03:19 America/Montevideo] === Validando estado de usuario ID: 4 ===
[23-Sep-2025 08:03:19 America/Montevideo] === UserRepository::findById(4) ===
[23-Sep-2025 08:03:19 America/Montevideo] Usuario ID 4 encontrado: martin (estado: activo)
[23-Sep-2025 08:03:19 America/Montevideo] Usuario 4 está activo
[23-Sep-2025 08:03:19 America/Montevideo] ✅ Usuario autenticado: 4
[23-Sep-2025 08:03:19 America/Montevideo] Datos recibidos para validación: {"partidaId":129,"restriccion":4,"recintoId":"prado-diferencia","especie":"dino4"}
[23-Sep-2025 08:03:19 America/Montevideo] ✅ COLOCACIÓN VÁLIDA: Dado tirado (restricción=4), recinto=prado-diferencia, especie=dino4
[23-Sep-2025 08:03:19 America/Montevideo] === FIN validarColocacionDino ===
[23-Sep-2025 08:03:19 America/Montevideo] === DEBUG GUARDAR ESTADO PARTIDA ===
[23-Sep-2025 08:03:19 America/Montevideo] Método HTTP: POST
[23-Sep-2025 08:03:19 America/Montevideo] Content-Type: application/json
[23-Sep-2025 08:03:19 America/Montevideo] === Validando estado de usuario ID: 4 ===
[23-Sep-2025 08:03:19 America/Montevideo] === UserRepository::findById(4) ===
[23-Sep-2025 08:03:19 America/Montevideo] Usuario ID 4 encontrado: martin (estado: activo)
[23-Sep-2025 08:03:19 America/Montevideo] Usuario 4 está activo
[23-Sep-2025 08:03:19 America/Montevideo] ✅ Usuario autenticado: ID=4, Username=martin
[23-Sep-2025 08:03:19 America/Montevideo] Raw input recibido (length=1466): {"id":129,"partidaId":129,"ronda":4,"turno":2,"jugadorActivo":2,"jugadorQueTiroDado":2,"restriccion":4,"colocadosEnTurno":1,"mano1":["dino2","dino4","dino3","dino4","dino1"],"mano2":["dino3","dino5","trex","dino4"],"colocaciones":[{"recinto":"bosque-semejanza","jugador":2,"especie":"trex"},{"recinto":"trio-frondoso","jugador":2,"especie":"dino5"},{"recinto":"trio-frondoso","jugador":1,"especie":"dino1"},{"recinto":"trio-frondoso","jugador":1,"especie":"dino1"},{"recinto":"trio-frondoso","jugador
[23-Sep-2025 08:03:19 America/Montevideo] ✅ JSON decodificado correctamente
[23-Sep-2025 08:03:19 America/Montevideo] Datos principales: {"id":129,"partidaId":129,"ronda":4,"colocaciones_count":21}
[23-Sep-2025 08:03:19 America/Montevideo] ✅ ID de partida válido: 129
[23-Sep-2025 08:03:19 America/Montevideo] ✅ Acceso validado correctamente
[23-Sep-2025 08:03:19 America/Montevideo] ✅ Validaciones pasadas: ronda=4, turno=2, jugadorActivo=2
[23-Sep-2025 08:03:19 America/Montevideo] Estado formateado para BD: {"recintos_count":6,"ronda_actual":4,"jugador_activo":2}
[23-Sep-2025 08:03:19 America/Montevideo] ✅ Partida guardada exitosamente en BD
[23-Sep-2025 08:03:21 America/Montevideo] === INICIO validarColocacionDino ===
[23-Sep-2025 08:03:21 America/Montevideo] Método: POST
[23-Sep-2025 08:03:21 America/Montevideo] Content-Type: application/json
[23-Sep-2025 08:03:21 America/Montevideo] === Validando estado de usuario ID: 4 ===
[23-Sep-2025 08:03:21 America/Montevideo] === UserRepository::findById(4) ===
[23-Sep-2025 08:03:21 America/Montevideo] Usuario ID 4 encontrado: martin (estado: activo)
[23-Sep-2025 08:03:21 America/Montevideo] Usuario 4 está activo
[23-Sep-2025 08:03:21 America/Montevideo] ✅ Usuario autenticado: 4
[23-Sep-2025 08:03:21 America/Montevideo] Datos recibidos para validación: {"partidaId":129,"restriccion":4,"recintoId":"rio","especie":"dino4"}
[23-Sep-2025 08:03:21 America/Montevideo] ✅ COLOCACIÓN VÁLIDA: Dado tirado (restricción=4), recinto=rio, especie=dino4
[23-Sep-2025 08:03:21 America/Montevideo] === FIN validarColocacionDino ===
[23-Sep-2025 08:03:21 America/Montevideo] === DEBUG GUARDAR ESTADO PARTIDA ===
[23-Sep-2025 08:03:21 America/Montevideo] Método HTTP: POST
[23-Sep-2025 08:03:21 America/Montevideo] Content-Type: application/json
[23-Sep-2025 08:03:21 America/Montevideo] === Validando estado de usuario ID: 4 ===
[23-Sep-2025 08:03:21 America/Montevideo] === UserRepository::findById(4) ===
[23-Sep-2025 08:03:21 America/Montevideo] Usuario ID 4 encontrado: martin (estado: activo)
[23-Sep-2025 08:03:21 America/Montevideo] Usuario 4 está activo
[23-Sep-2025 08:03:21 America/Montevideo] ✅ Usuario autenticado: ID=4, Username=martin
[23-Sep-2025 08:03:21 America/Montevideo] Raw input recibido (length=1506): {"id":129,"partidaId":129,"ronda":4,"turno":2,"jugadorActivo":1,"jugadorQueTiroDado":2,"restriccion":4,"colocadosEnTurno":2,"mano1":["dino2","dino4","dino3","dino1"],"mano2":["dino3","dino5","trex","dino4"],"colocaciones":[{"recinto":"bosque-semejanza","jugador":2,"especie":"trex"},{"recinto":"trio-frondoso","jugador":2,"especie":"dino5"},{"recinto":"trio-frondoso","jugador":1,"especie":"dino1"},{"recinto":"trio-frondoso","jugador":1,"especie":"dino1"},{"recinto":"trio-frondoso","jugador":2,"esp
[23-Sep-2025 08:03:21 America/Montevideo] ✅ JSON decodificado correctamente
[23-Sep-2025 08:03:21 America/Montevideo] Datos principales: {"id":129,"partidaId":129,"ronda":4,"colocaciones_count":22}
[23-Sep-2025 08:03:21 America/Montevideo] ✅ ID de partida válido: 129
[23-Sep-2025 08:03:21 America/Montevideo] ✅ Acceso validado correctamente
[23-Sep-2025 08:03:21 America/Montevideo] ✅ Validaciones pasadas: ronda=4, turno=2, jugadorActivo=1
[23-Sep-2025 08:03:21 America/Montevideo] Estado formateado para BD: {"recintos_count":7,"ronda_actual":4,"jugador_activo":1}
[23-Sep-2025 08:03:21 America/Montevideo] ✅ Partida guardada exitosamente en BD
[23-Sep-2025 08:03:21 America/Montevideo] === DEBUG GUARDAR ESTADO PARTIDA ===
[23-Sep-2025 08:03:21 America/Montevideo] Método HTTP: POST
[23-Sep-2025 08:03:21 America/Montevideo] Content-Type: application/json
[23-Sep-2025 08:03:21 America/Montevideo] === Validando estado de usuario ID: 4 ===
[23-Sep-2025 08:03:21 America/Montevideo] === UserRepository::findById(4) ===
[23-Sep-2025 08:03:21 America/Montevideo] Usuario ID 4 encontrado: martin (estado: activo)
[23-Sep-2025 08:03:21 America/Montevideo] Usuario 4 está activo
[23-Sep-2025 08:03:21 America/Montevideo] ✅ Usuario autenticado: ID=4, Username=martin
[23-Sep-2025 08:03:21 America/Montevideo] Raw input recibido (length=1509): {"id":129,"partidaId":129,"ronda":4,"turno":3,"jugadorActivo":1,"jugadorQueTiroDado":1,"restriccion":null,"colocadosEnTurno":0,"mano1":["dino3","dino5","trex","dino4"],"mano2":["dino2","dino4","dino3","dino1"],"colocaciones":[{"recinto":"bosque-semejanza","jugador":2,"especie":"trex"},{"recinto":"trio-frondoso","jugador":2,"especie":"dino5"},{"recinto":"trio-frondoso","jugador":1,"especie":"dino1"},{"recinto":"trio-frondoso","jugador":1,"especie":"dino1"},{"recinto":"trio-frondoso","jugador":2,"
[23-Sep-2025 08:03:21 America/Montevideo] ✅ JSON decodificado correctamente
[23-Sep-2025 08:03:21 America/Montevideo] Datos principales: {"id":129,"partidaId":129,"ronda":4,"colocaciones_count":22}
[23-Sep-2025 08:03:21 America/Montevideo] ✅ ID de partida válido: 129
[23-Sep-2025 08:03:21 America/Montevideo] ✅ Acceso validado correctamente
[23-Sep-2025 08:03:21 America/Montevideo] ✅ Validaciones pasadas: ronda=4, turno=3, jugadorActivo=1
[23-Sep-2025 08:03:21 America/Montevideo] Estado formateado para BD: {"recintos_count":7,"ronda_actual":4,"jugador_activo":1}
[23-Sep-2025 08:03:21 America/Montevideo] ✅ Partida guardada exitosamente en BD
[23-Sep-2025 08:03:22 America/Montevideo] === DEBUG GUARDAR ESTADO PARTIDA ===
[23-Sep-2025 08:03:22 America/Montevideo] Método HTTP: POST
[23-Sep-2025 08:03:22 America/Montevideo] Content-Type: application/json
[23-Sep-2025 08:03:22 America/Montevideo] === Validando estado de usuario ID: 4 ===
[23-Sep-2025 08:03:22 America/Montevideo] === UserRepository::findById(4) ===
[23-Sep-2025 08:03:22 America/Montevideo] Usuario ID 4 encontrado: martin (estado: activo)
[23-Sep-2025 08:03:22 America/Montevideo] Usuario 4 está activo
[23-Sep-2025 08:03:22 America/Montevideo] ✅ Usuario autenticado: ID=4, Username=martin
[23-Sep-2025 08:03:22 America/Montevideo] Raw input recibido (length=1506): {"id":129,"partidaId":129,"ronda":4,"turno":3,"jugadorActivo":1,"jugadorQueTiroDado":1,"restriccion":1,"colocadosEnTurno":0,"mano1":["dino3","dino5","trex","dino4"],"mano2":["dino2","dino4","dino3","dino1"],"colocaciones":[{"recinto":"bosque-semejanza","jugador":2,"especie":"trex"},{"recinto":"trio-frondoso","jugador":2,"especie":"dino5"},{"recinto":"trio-frondoso","jugador":1,"especie":"dino1"},{"recinto":"trio-frondoso","jugador":1,"especie":"dino1"},{"recinto":"trio-frondoso","jugador":2,"esp
[23-Sep-2025 08:03:22 America/Montevideo] ✅ JSON decodificado correctamente
[23-Sep-2025 08:03:22 America/Montevideo] Datos principales: {"id":129,"partidaId":129,"ronda":4,"colocaciones_count":22}
[23-Sep-2025 08:03:22 America/Montevideo] ✅ ID de partida válido: 129
[23-Sep-2025 08:03:22 America/Montevideo] ✅ Acceso validado correctamente
[23-Sep-2025 08:03:22 America/Montevideo] ✅ Validaciones pasadas: ronda=4, turno=3, jugadorActivo=1
[23-Sep-2025 08:03:22 America/Montevideo] Estado formateado para BD: {"recintos_count":7,"ronda_actual":4,"jugador_activo":1}
[23-Sep-2025 08:03:22 America/Montevideo] ✅ Partida guardada exitosamente en BD
[23-Sep-2025 08:03:25 America/Montevideo] === INICIO validarColocacionDino ===
[23-Sep-2025 08:03:25 America/Montevideo] Método: POST
[23-Sep-2025 08:03:25 America/Montevideo] Content-Type: application/json
[23-Sep-2025 08:03:25 America/Montevideo] === Validando estado de usuario ID: 4 ===
[23-Sep-2025 08:03:25 America/Montevideo] === UserRepository::findById(4) ===
[23-Sep-2025 08:03:25 America/Montevideo] Usuario ID 4 encontrado: martin (estado: activo)
[23-Sep-2025 08:03:25 America/Montevideo] Usuario 4 está activo
[23-Sep-2025 08:03:25 America/Montevideo] ✅ Usuario autenticado: 4
[23-Sep-2025 08:03:25 America/Montevideo] Datos recibidos para validación: {"partidaId":129,"restriccion":1,"recintoId":"bosque-semejanza","especie":"dino4"}
[23-Sep-2025 08:03:25 America/Montevideo] ✅ COLOCACIÓN VÁLIDA: Dado tirado (restricción=1), recinto=bosque-semejanza, especie=dino4
[23-Sep-2025 08:03:25 America/Montevideo] === FIN validarColocacionDino ===
[23-Sep-2025 08:03:25 America/Montevideo] === DEBUG GUARDAR ESTADO PARTIDA ===
[23-Sep-2025 08:03:25 America/Montevideo] Método HTTP: POST
[23-Sep-2025 08:03:25 America/Montevideo] Content-Type: application/json
[23-Sep-2025 08:03:25 America/Montevideo] === Validando estado de usuario ID: 4 ===
[23-Sep-2025 08:03:25 America/Montevideo] === UserRepository::findById(4) ===
[23-Sep-2025 08:03:25 America/Montevideo] Usuario ID 4 encontrado: martin (estado: activo)
[23-Sep-2025 08:03:25 America/Montevideo] Usuario 4 está activo
[23-Sep-2025 08:03:25 America/Montevideo] ✅ Usuario autenticado: ID=4, Username=martin
[23-Sep-2025 08:03:25 America/Montevideo] Raw input recibido (length=1559): {"id":129,"partidaId":129,"ronda":4,"turno":3,"jugadorActivo":1,"jugadorQueTiroDado":1,"restriccion":1,"colocadosEnTurno":1,"mano1":["dino3","dino5","trex"],"mano2":["dino2","dino4","dino3","dino1"],"colocaciones":[{"recinto":"bosque-semejanza","jugador":2,"especie":"trex"},{"recinto":"bosque-semejanza","jugador":1,"especie":"dino4"},{"recinto":"trio-frondoso","jugador":2,"especie":"dino5"},{"recinto":"trio-frondoso","jugador":1,"especie":"dino1"},{"recinto":"trio-frondoso","jugador":1,"especie"
[23-Sep-2025 08:03:25 America/Montevideo] ✅ JSON decodificado correctamente
[23-Sep-2025 08:03:25 America/Montevideo] Datos principales: {"id":129,"partidaId":129,"ronda":4,"colocaciones_count":23}
[23-Sep-2025 08:03:25 America/Montevideo] ✅ ID de partida válido: 129
[23-Sep-2025 08:03:25 America/Montevideo] ✅ Acceso validado correctamente
[23-Sep-2025 08:03:25 America/Montevideo] ✅ Validaciones pasadas: ronda=4, turno=3, jugadorActivo=1
[23-Sep-2025 08:03:25 America/Montevideo] Estado formateado para BD: {"recintos_count":7,"ronda_actual":4,"jugador_activo":1}
[23-Sep-2025 08:03:25 America/Montevideo] ✅ Partida guardada exitosamente en BD
[23-Sep-2025 08:03:27 America/Montevideo] === INICIO validarColocacionDino ===
[23-Sep-2025 08:03:27 America/Montevideo] Método: POST
[23-Sep-2025 08:03:27 America/Montevideo] Content-Type: application/json
[23-Sep-2025 08:03:27 America/Montevideo] === Validando estado de usuario ID: 4 ===
[23-Sep-2025 08:03:27 America/Montevideo] === UserRepository::findById(4) ===
[23-Sep-2025 08:03:27 America/Montevideo] Usuario ID 4 encontrado: martin (estado: activo)
[23-Sep-2025 08:03:27 America/Montevideo] Usuario 4 está activo
[23-Sep-2025 08:03:27 America/Montevideo] ✅ Usuario autenticado: 4
[23-Sep-2025 08:03:27 America/Montevideo] Datos recibidos para validación: {"partidaId":129,"restriccion":1,"recintoId":"pradera-amor","especie":"dino1"}
[23-Sep-2025 08:03:27 America/Montevideo] ✅ COLOCACIÓN VÁLIDA: Dado tirado (restricción=1), recinto=pradera-amor, especie=dino1
[23-Sep-2025 08:03:27 America/Montevideo] === FIN validarColocacionDino ===
[23-Sep-2025 08:03:27 America/Montevideo] === DEBUG GUARDAR ESTADO PARTIDA ===
[23-Sep-2025 08:03:27 America/Montevideo] Método HTTP: POST
[23-Sep-2025 08:03:27 America/Montevideo] Content-Type: application/json
[23-Sep-2025 08:03:27 America/Montevideo] === Validando estado de usuario ID: 4 ===
[23-Sep-2025 08:03:27 America/Montevideo] === UserRepository::findById(4) ===
[23-Sep-2025 08:03:27 America/Montevideo] Usuario ID 4 encontrado: martin (estado: activo)
[23-Sep-2025 08:03:27 America/Montevideo] Usuario 4 está activo
[23-Sep-2025 08:03:27 America/Montevideo] ✅ Usuario autenticado: ID=4, Username=martin
[23-Sep-2025 08:03:27 America/Montevideo] Raw input recibido (length=1608): {"id":129,"partidaId":129,"ronda":4,"turno":3,"jugadorActivo":2,"jugadorQueTiroDado":1,"restriccion":1,"colocadosEnTurno":2,"mano1":["dino3","dino5","trex"],"mano2":["dino2","dino4","dino3"],"colocaciones":[{"recinto":"bosque-semejanza","jugador":2,"especie":"trex"},{"recinto":"bosque-semejanza","jugador":1,"especie":"dino4"},{"recinto":"trio-frondoso","jugador":2,"especie":"dino5"},{"recinto":"trio-frondoso","jugador":1,"especie":"dino1"},{"recinto":"trio-frondoso","jugador":1,"especie":"dino1"
[23-Sep-2025 08:03:27 America/Montevideo] ✅ JSON decodificado correctamente
[23-Sep-2025 08:03:27 America/Montevideo] Datos principales: {"id":129,"partidaId":129,"ronda":4,"colocaciones_count":24}
[23-Sep-2025 08:03:27 America/Montevideo] ✅ ID de partida válido: 129
[23-Sep-2025 08:03:27 America/Montevideo] ✅ Acceso validado correctamente
[23-Sep-2025 08:03:27 America/Montevideo] ✅ Validaciones pasadas: ronda=4, turno=3, jugadorActivo=2
[23-Sep-2025 08:03:27 America/Montevideo] Estado formateado para BD: {"recintos_count":7,"ronda_actual":4,"jugador_activo":2}
[23-Sep-2025 08:03:27 America/Montevideo] ✅ Partida guardada exitosamente en BD
[23-Sep-2025 08:03:28 America/Montevideo] === DEBUG GUARDAR ESTADO PARTIDA ===
[23-Sep-2025 08:03:28 America/Montevideo] Método HTTP: POST
[23-Sep-2025 08:03:28 America/Montevideo] Content-Type: application/json
[23-Sep-2025 08:03:28 America/Montevideo] === Validando estado de usuario ID: 4 ===
[23-Sep-2025 08:03:28 America/Montevideo] === UserRepository::findById(4) ===
[23-Sep-2025 08:03:28 America/Montevideo] Usuario ID 4 encontrado: martin (estado: activo)
[23-Sep-2025 08:03:28 America/Montevideo] Usuario 4 está activo
[23-Sep-2025 08:03:28 America/Montevideo] ✅ Usuario autenticado: ID=4, Username=martin
[23-Sep-2025 08:03:28 America/Montevideo] Raw input recibido (length=1611): {"id":129,"partidaId":129,"ronda":5,"turno":1,"jugadorActivo":2,"jugadorQueTiroDado":1,"restriccion":null,"colocadosEnTurno":0,"mano1":["dino3","dino5","trex"],"mano2":["dino2","dino4","dino3"],"colocaciones":[{"recinto":"bosque-semejanza","jugador":2,"especie":"trex"},{"recinto":"bosque-semejanza","jugador":1,"especie":"dino4"},{"recinto":"trio-frondoso","jugador":2,"especie":"dino5"},{"recinto":"trio-frondoso","jugador":1,"especie":"dino1"},{"recinto":"trio-frondoso","jugador":1,"especie":"din
[23-Sep-2025 08:03:28 America/Montevideo] ✅ JSON decodificado correctamente
[23-Sep-2025 08:03:28 America/Montevideo] Datos principales: {"id":129,"partidaId":129,"ronda":5,"colocaciones_count":24}
[23-Sep-2025 08:03:28 America/Montevideo] ✅ ID de partida válido: 129
[23-Sep-2025 08:03:28 America/Montevideo] ✅ Acceso validado correctamente
[23-Sep-2025 08:03:28 America/Montevideo] ❌ Ronda inválida: 5 (debe estar entre 1-4)
[23-Sep-2025 08:03:28 America/Montevideo] ❌ ERROR COMPLETO: Ronda inválida: 5. Debe estar entre 1 y 4.
[23-Sep-2025 08:03:28 America/Montevideo] Stack trace: #0 C:\Users\USUARIO\Documents\GitHub\Draftosaurus\public\index.php(511): TableroController->guardarEstadoPartida()
#1 {main}
[23-Sep-2025 08:03:28 America/Montevideo] === Validando estado de usuario ID: 4 ===
[23-Sep-2025 08:03:28 America/Montevideo] === UserRepository::findById(4) ===
[23-Sep-2025 08:03:28 America/Montevideo] Usuario ID 4 encontrado: martin (estado: activo)
[23-Sep-2025 08:03:28 America/Montevideo] Usuario 4 está activo
[23-Sep-2025 08:03:28 America/Montevideo] === INICIANDO FINALIZACION DE PARTIDA ===
[23-Sep-2025 08:03:28 America/Montevideo] Usuario: 4 (martin)
[23-Sep-2025 08:03:28 America/Montevideo] Partida ID: 129
[23-Sep-2025 08:03:28 America/Montevideo] Datos recibidos: {"partidaId":129}
[23-Sep-2025 08:03:28 America/Montevideo] Iniciando finalización simple de partida 129 para usuario 4
[23-Sep-2025 08:03:28 America/Montevideo] Partida cargada: {"id":129,"jugador1":"martin","jugador2":"asdas","recintos_count":7}
[23-Sep-2025 08:03:28 America/Montevideo] Acceso validado
[23-Sep-2025 08:03:28 America/Montevideo] Total de dinosaurios en la partida: 24
[23-Sep-2025 08:03:28 America/Montevideo] Iniciando cálculo de puntuaciones...
[23-Sep-2025 08:03:28 America/Montevideo] Estructura de recintos: {
    "bosque-semejanza": {
        "dinosaurios": [
            {
                "especie": "trex",
                "jugador": 2
            },
            {
                "especie": "dino4",
                "jugador": 1
            }
        ]
    },
    "trio-frondoso": {
        "dinosaurios": [
            {
                "especie": "dino5",
                "jugador": 2
            },
            {
                "especie": "dino1",
                "jugador": 1
            },
            {
                "especie": "dino1",
                "jugador": 1
            },
            {
                "especie": "dino1",
                "jugador": 2
            },
            {
                "especie": "trex",
                "jugador": 1
            },
            {
                "especie": "dino1",
                "jugador": 2
            }
        ]
    },
    "pradera-amor": {
        "dinosaurios": [
            {
                "especie": "dino2",
                "jugador": 1
            },
            {
                "especie": "dino4",
                "jugador": 2
            },
            {
                "especie": "dino2",
                "jugador": 1
            },
            {
                "especie": "dino5",
                "jugador": 1
            },
            {
                "especie": "dino5",
                "jugador": 2
            },
            {
                "especie": "trex",
                "jugador": 2
            },
            {
                "especie": "dino1",
                "jugador": 2
            }
        ]
    },
    "rey-selva": {
        "dinosaurios": [
            {
                "especie": "trex",
                "jugador": 1
            },
            {
                "especie": "trex",
                "jugador": 2
            }
        ]
    },
    "prado-diferencia": {
        "dinosaurios": [
            {
                "especie": "dino4",
                "jugador": 1
            },
            {
                "especie": "dino1",
                "jugador": 2
            },
            {
                "especie": "trex",
                "jugador": 1
            },
            {
                "especie": "dino4",
                "jugador": 2
            }
        ]
    },
    "rio": {
        "dinosaurios": [
            {
                "especie": "dino4",
                "jugador": 1
            }
        ]
    },
    "isla-solitario": {
        "dinosaurios": [
            {
                "especie": "dino4",
                "jugador": 2
            },
            {
                "especie": "dino4",
                "jugador": 1
            }
        ]
    }
}
[23-Sep-2025 08:03:28 America/Montevideo] === INICIO CÁLCULO DE PUNTUACIONES ===
[23-Sep-2025 08:03:28 America/Montevideo] Recintos recibidos: {
    "bosque-semejanza": {
        "dinosaurios": [
            {
                "especie": "trex",
                "jugador": 2
            },
            {
                "especie": "dino4",
                "jugador": 1
            }
        ]
    },
    "trio-frondoso": {
        "dinosaurios": [
            {
                "especie": "dino5",
                "jugador": 2
            },
            {
                "especie": "dino1",
                "jugador": 1
            },
            {
                "especie": "dino1",
                "jugador": 1
            },
            {
                "especie": "dino1",
                "jugador": 2
            },
            {
                "especie": "trex",
                "jugador": 1
            },
            {
                "especie": "dino1",
                "jugador": 2
            }
        ]
    },
    "pradera-amor": {
        "dinosaurios": [
            {
                "especie": "dino2",
                "jugador": 1
            },
            {
                "especie": "dino4",
                "jugador": 2
            },
            {
                "especie": "dino2",
                "jugador": 1
            },
            {
                "especie": "dino5",
                "jugador": 1
            },
            {
                "especie": "dino5",
                "jugador": 2
            },
            {
                "especie": "trex",
                "jugador": 2
            },
            {
                "especie": "dino1",
                "jugador": 2
            }
        ]
    },
    "rey-selva": {
        "dinosaurios": [
            {
                "especie": "trex",
                "jugador": 1
            },
            {
                "especie": "trex",
                "jugador": 2
            }
        ]
    },
    "prado-diferencia": {
        "dinosaurios": [
            {
                "especie": "dino4",
                "jugador": 1
            },
            {
                "especie": "dino1",
                "jugador": 2
            },
            {
                "especie": "trex",
                "jugador": 1
            },
            {
                "especie": "dino4",
                "jugador": 2
            }
        ]
    },
    "rio": {
        "dinosaurios": [
            {
                "especie": "dino4",
                "jugador": 1
            }
        ]
    },
    "isla-solitario": {
        "dinosaurios": [
            {
                "especie": "dino4",
                "jugador": 2
            },
            {
                "especie": "dino4",
                "jugador": 1
            }
        ]
    }
}
[23-Sep-2025 08:03:28 America/Montevideo] --- Procesando recinto: bosque-semejanza ---
[23-Sep-2025 08:03:28 America/Montevideo] Configuración: {"nombre":"El Bosque de la Semejanza","tipo":"bosque-semejanza","ambiente":"boscoso","zona":"izquierda","capacidad_max":null,"puntos_por_dino":{"1":1,"2":3,"3":6,"4":10,"5":15,"6":21}}
[23-Sep-2025 08:03:28 America/Montevideo] Dinosaurios: [{"especie":"trex","jugador":2},{"especie":"dino4","jugador":1}]
[23-Sep-2025 08:03:28 America/Montevideo] Dinosaurios por jugador: {"1":["dino4"],"2":["trex"]}
[23-Sep-2025 08:03:28 America/Montevideo] Bosque Semejanza: max cantidad 1 = 1 puntos
[23-Sep-2025 08:03:28 America/Montevideo] Recinto bosque-semejanza - Jugador 1: 1 puntos (especies: ["dino4"])
[23-Sep-2025 08:03:28 America/Montevideo] Jugador 1 en bosque-semejanza: 1 puntos
[23-Sep-2025 08:03:28 America/Montevideo] Bosque Semejanza: max cantidad 1 = 1 puntos
[23-Sep-2025 08:03:28 America/Montevideo] Bonus T-Rex aplicado (+1) en recinto bosque-semejanza para jugador 2
[23-Sep-2025 08:03:28 America/Montevideo] Recinto bosque-semejanza - Jugador 2: 2 puntos (especies: ["trex"])
[23-Sep-2025 08:03:28 America/Montevideo] Jugador 2 en bosque-semejanza: 2 puntos
[23-Sep-2025 08:03:28 America/Montevideo] --- Procesando recinto: trio-frondoso ---
[23-Sep-2025 08:03:28 America/Montevideo] Configuración: {"nombre":"El Tr\u00edo Frondoso","tipo":"trio-frondoso","ambiente":"boscoso","zona":"izquierda","capacidad_max":3,"puntos_por_trio":7}
[23-Sep-2025 08:03:28 America/Montevideo] Dinosaurios: [{"especie":"dino5","jugador":2},{"especie":"dino1","jugador":1},{"especie":"dino1","jugador":1},{"especie":"dino1","jugador":2},{"especie":"trex","jugador":1},{"especie":"dino1","jugador":2}]
[23-Sep-2025 08:03:28 America/Montevideo] Dinosaurios por jugador: {"1":["dino1","dino1","trex"],"2":["dino5","dino1","dino1"]}
[23-Sep-2025 08:03:28 America/Montevideo] Trío Frondoso: 3 dinosaurios = 7 puntos
[23-Sep-2025 08:03:28 America/Montevideo] Bonus T-Rex aplicado (+1) en recinto trio-frondoso para jugador 1
[23-Sep-2025 08:03:28 America/Montevideo] Recinto trio-frondoso - Jugador 1: 8 puntos (especies: ["dino1","dino1","trex"])
[23-Sep-2025 08:03:28 America/Montevideo] Jugador 1 en trio-frondoso: 8 puntos
[23-Sep-2025 08:03:28 America/Montevideo] Trío Frondoso: 3 dinosaurios = 7 puntos
[23-Sep-2025 08:03:28 America/Montevideo] Recinto trio-frondoso - Jugador 2: 7 puntos (especies: ["dino5","dino1","dino1"])
[23-Sep-2025 08:03:28 America/Montevideo] Jugador 2 en trio-frondoso: 7 puntos
[23-Sep-2025 08:03:28 America/Montevideo] --- Procesando recinto: pradera-amor ---
[23-Sep-2025 08:03:28 America/Montevideo] Configuración: {"nombre":"La Pradera del Amor","tipo":"pradera-amor","ambiente":"rocoso","zona":"izquierda","capacidad_max":null,"puntos_por_pareja":5}
[23-Sep-2025 08:03:28 America/Montevideo] Dinosaurios: [{"especie":"dino2","jugador":1},{"especie":"dino4","jugador":2},{"especie":"dino2","jugador":1},{"especie":"dino5","jugador":1},{"especie":"dino5","jugador":2},{"especie":"trex","jugador":2},{"especie":"dino1","jugador":2}]
[23-Sep-2025 08:03:28 America/Montevideo] Dinosaurios por jugador: {"1":["dino2","dino2","dino5"],"2":["dino4","dino5","trex","dino1"]}
[23-Sep-2025 08:03:28 America/Montevideo] Pradera Amor: dino2: 1 parejas = 5 pts = 5 puntos total
[23-Sep-2025 08:03:28 America/Montevideo] Recinto pradera-amor - Jugador 1: 5 puntos (especies: ["dino2","dino2","dino5"])
[23-Sep-2025 08:03:28 America/Montevideo] Jugador 1 en pradera-amor: 5 puntos
[23-Sep-2025 08:03:28 America/Montevideo] Pradera Amor:  = 0 puntos total
[23-Sep-2025 08:03:28 America/Montevideo] Bonus T-Rex aplicado (+1) en recinto pradera-amor para jugador 2
[23-Sep-2025 08:03:28 America/Montevideo] Recinto pradera-amor - Jugador 2: 1 puntos (especies: ["dino4","dino5","trex","dino1"])
[23-Sep-2025 08:03:28 America/Montevideo] Jugador 2 en pradera-amor: 1 puntos
[23-Sep-2025 08:03:28 America/Montevideo] --- Procesando recinto: rey-selva ---
[23-Sep-2025 08:03:28 America/Montevideo] Configuración: {"nombre":"El Rey de la Selva","tipo":"rey-selva","ambiente":"boscoso","zona":"derecha","capacidad_max":1,"puntos_ganador":7}
[23-Sep-2025 08:03:28 America/Montevideo] Dinosaurios: [{"especie":"trex","jugador":1},{"especie":"trex","jugador":2}]
[23-Sep-2025 08:03:28 America/Montevideo] Dinosaurios por jugador: {"1":["trex"],"2":["trex"]}
[23-Sep-2025 08:03:28 America/Montevideo] Rey Selva - Especie trex: J1=3, J2=3
[23-Sep-2025 08:03:28 America/Montevideo] Rey Selva: Jugador 1 gana con trex
[23-Sep-2025 08:03:28 America/Montevideo] Bonus T-Rex aplicado (+1) en recinto rey-selva para jugador 1
[23-Sep-2025 08:03:28 America/Montevideo] Recinto rey-selva - Jugador 1: 8 puntos (especies: ["trex"])
[23-Sep-2025 08:03:28 America/Montevideo] Jugador 1 en rey-selva: 8 puntos
[23-Sep-2025 08:03:28 America/Montevideo] Rey Selva - Especie trex: J1=3, J2=3
[23-Sep-2025 08:03:28 America/Montevideo] Rey Selva: Jugador 2 gana con trex
[23-Sep-2025 08:03:28 America/Montevideo] Bonus T-Rex aplicado (+1) en recinto rey-selva para jugador 2
[23-Sep-2025 08:03:28 America/Montevideo] Recinto rey-selva - Jugador 2: 8 puntos (especies: ["trex"])
[23-Sep-2025 08:03:28 America/Montevideo] Jugador 2 en rey-selva: 8 puntos
[23-Sep-2025 08:03:28 America/Montevideo] --- Procesando recinto: prado-diferencia ---
[23-Sep-2025 08:03:28 America/Montevideo] Configuración: {"nombre":"El Prado de la Diferencia","tipo":"prado-diferencia","ambiente":"rocoso","zona":"derecha","capacidad_max":6,"puntos_por_dino":{"1":1,"2":3,"3":6,"4":10,"5":15,"6":21}}
[23-Sep-2025 08:03:28 America/Montevideo] Dinosaurios: [{"especie":"dino4","jugador":1},{"especie":"dino1","jugador":2},{"especie":"trex","jugador":1},{"especie":"dino4","jugador":2}]
[23-Sep-2025 08:03:28 America/Montevideo] Dinosaurios por jugador: {"1":["dino4","trex"],"2":["dino1","dino4"]}
[23-Sep-2025 08:03:28 America/Montevideo] Prado Diferencia: 2 especies = 3 puntos
[23-Sep-2025 08:03:28 America/Montevideo] Bonus T-Rex aplicado (+1) en recinto prado-diferencia para jugador 1
[23-Sep-2025 08:03:28 America/Montevideo] Recinto prado-diferencia - Jugador 1: 4 puntos (especies: ["dino4","trex"])
[23-Sep-2025 08:03:28 America/Montevideo] Jugador 1 en prado-diferencia: 4 puntos
[23-Sep-2025 08:03:28 America/Montevideo] Prado Diferencia: 2 especies = 3 puntos
[23-Sep-2025 08:03:28 America/Montevideo] Recinto prado-diferencia - Jugador 2: 3 puntos (especies: ["dino1","dino4"])
[23-Sep-2025 08:03:28 America/Montevideo] Jugador 2 en prado-diferencia: 3 puntos
[23-Sep-2025 08:03:28 America/Montevideo] --- Procesando recinto: rio ---
[23-Sep-2025 08:03:28 America/Montevideo] Configuración: {"nombre":"El R\u00edo","tipo":"rio","ambiente":"neutral","zona":"centro","capacidad_max":null,"puntos_por_dino":1}
[23-Sep-2025 08:03:28 America/Montevideo] Dinosaurios: [{"especie":"dino4","jugador":1}]
[23-Sep-2025 08:03:28 America/Montevideo] Dinosaurios por jugador: {"1":["dino4"],"2":[]}
[23-Sep-2025 08:03:28 America/Montevideo] Río: 1 dinosaurios = 1 puntos
[23-Sep-2025 08:03:28 America/Montevideo] Recinto rio - Jugador 1: 1 puntos (especies: ["dino4"])
[23-Sep-2025 08:03:28 America/Montevideo] Jugador 1 en rio: 1 puntos
[23-Sep-2025 08:03:28 America/Montevideo] --- Procesando recinto: isla-solitario ---
[23-Sep-2025 08:03:28 America/Montevideo] Configuración: {"nombre":"La Isla Solitaria","tipo":"isla-solitario","ambiente":"rocoso","zona":"derecha","capacidad_max":1,"puntos_solitario":7}
[23-Sep-2025 08:03:28 America/Montevideo] Dinosaurios: [{"especie":"dino4","jugador":2},{"especie":"dino4","jugador":1}]
[23-Sep-2025 08:03:28 America/Montevideo] Dinosaurios por jugador: {"1":["dino4"],"2":["dino4"]}
[23-Sep-2025 08:03:28 America/Montevideo] Isla Solitaria - Especie dino4: Jugador 1 tiene 4 en total
[23-Sep-2025 08:03:28 America/Montevideo] Recinto isla-solitario - Jugador 1: 0 puntos (especies: ["dino4"])
[23-Sep-2025 08:03:28 America/Montevideo] Jugador 1 en isla-solitario: 0 puntos
[23-Sep-2025 08:03:28 America/Montevideo] Isla Solitaria - Especie dino4: Jugador 2 tiene 3 en total
[23-Sep-2025 08:03:28 America/Montevideo] Recinto isla-solitario - Jugador 2: 0 puntos (especies: ["dino4"])
[23-Sep-2025 08:03:28 America/Montevideo] Jugador 2 en isla-solitario: 0 puntos
[23-Sep-2025 08:03:28 America/Montevideo] === RESUMEN FINAL ===
[23-Sep-2025 08:03:28 America/Montevideo] Jugador 1: 27 puntos total
[23-Sep-2025 08:03:28 America/Montevideo] Detalle J1: {"bosque-semejanza":1,"trio-frondoso":8,"pradera-amor":5,"rey-selva":8,"prado-diferencia":4,"rio":1,"isla-solitario":0}
[23-Sep-2025 08:03:28 America/Montevideo] Jugador 2: 21 puntos total
[23-Sep-2025 08:03:28 America/Montevideo] Detalle J2: {"bosque-semejanza":2,"trio-frondoso":7,"pradera-amor":1,"rey-selva":8,"prado-diferencia":3,"isla-solitario":0}
[23-Sep-2025 08:03:28 America/Montevideo] === FIN CÁLCULO DE PUNTUACIONES ===
[23-Sep-2025 08:03:28 America/Montevideo] Puntos calculados por el servicio: [27,21]
[23-Sep-2025 08:03:28 America/Montevideo] Determinando ganador: J1=27, J2=21
[23-Sep-2025 08:03:28 America/Montevideo] Ganador: Jugador 1
[23-Sep-2025 08:03:28 America/Montevideo] Ganador determinado: 1
[23-Sep-2025 08:03:28 America/Montevideo] Nombre del ganador: martin
[23-Sep-2025 08:03:28 America/Montevideo] Partida finalizada en BD con ganador: 1, puntos: [27, 21]
[23-Sep-2025 08:03:28 America/Montevideo] Estadísticas actualizadas para jugador ID: 4
[23-Sep-2025 08:03:28 America/Montevideo] Estadísticas actualizadas para jugador 1 (ID: 4)
[23-Sep-2025 08:03:28 America/Montevideo] Transacción completada exitosamente
[23-Sep-2025 08:03:28 America/Montevideo] Respuesta final: {"ganador":1,"puntos":[27,21],"nombreGanador":"martin","totalDinosaurios":24}
[23-Sep-2025 08:03:28 America/Montevideo] === RESULTADO DE FINALIZACION ===
[23-Sep-2025 08:03:28 America/Montevideo] Ganador: 1
[23-Sep-2025 08:03:28 America/Montevideo] Puntos: [27,21]
[23-Sep-2025 08:03:28 America/Montevideo] Nombre ganador: martin
[23-Sep-2025 08:03:28 America/Montevideo] Respuesta enviada: {"success":true,"ganador":1,"puntos":[27,21],"nombreGanador":"martin","nombreJ1":"martin","nombreJ2":"asdas","totalDinosaurios":24,"message":"Partida finalizada correctamente"}
[23-Sep-2025 08:03:43 America/Montevideo] === Validando estado de usuario ID: 4 ===
[23-Sep-2025 08:03:43 America/Montevideo] === UserRepository::findById(4) ===
[23-Sep-2025 08:03:43 America/Montevideo] Usuario ID 4 encontrado: martin (estado: activo)
[23-Sep-2025 08:03:43 America/Montevideo] Usuario 4 está activo
[23-Sep-2025 08:03:43 America/Montevideo] requireLogin: Usuario 4 validado correctamente
[23-Sep-2025 08:03:43 America/Montevideo] === Validando estado de usuario ID: 4 ===
[23-Sep-2025 08:03:43 America/Montevideo] === UserRepository::findById(4) ===
[23-Sep-2025 08:03:43 America/Montevideo] Usuario ID 4 encontrado: martin (estado: activo)
[23-Sep-2025 08:03:43 America/Montevideo] Usuario 4 está activo
[23-Sep-2025 08:03:43 America/Montevideo] === Validando estado de usuario ID: 4 ===
[23-Sep-2025 08:03:43 America/Montevideo] === UserRepository::findById(4) ===
[23-Sep-2025 08:03:43 America/Montevideo] Usuario ID 4 encontrado: martin (estado: activo)
[23-Sep-2025 08:03:43 America/Montevideo] Usuario 4 está activo
[23-Sep-2025 08:18:43 America/Montevideo] === Validando estado de usuario ID: 4 ===
[23-Sep-2025 08:18:43 America/Montevideo] === UserRepository::findById(4) ===
[23-Sep-2025 08:18:43 America/Montevideo] Usuario ID 4 encontrado: martin (estado: activo)
[23-Sep-2025 08:18:43 America/Montevideo] Usuario 4 está activo
[23-Sep-2025 08:18:48 America/Montevideo] === Validando estado de usuario ID: 4 ===
[23-Sep-2025 08:18:48 America/Montevideo] === UserRepository::findById(4) ===
[23-Sep-2025 08:18:48 America/Montevideo] Usuario ID 4 encontrado: martin (estado: activo)
[23-Sep-2025 08:18:48 America/Montevideo] Usuario 4 está activo
[23-Sep-2025 08:18:48 America/Montevideo] === Validando estado de usuario ID: 4 ===
[23-Sep-2025 08:18:48 America/Montevideo] === UserRepository::findById(4) ===
[23-Sep-2025 08:18:48 America/Montevideo] Usuario ID 4 encontrado: martin (estado: activo)
[23-Sep-2025 08:18:48 America/Montevideo] Usuario 4 está activo
[23-Sep-2025 08:18:49 America/Montevideo] === Validando estado de usuario ID: 4 ===
[23-Sep-2025 08:18:49 America/Montevideo] === UserRepository::findById(4) ===
[23-Sep-2025 08:18:49 America/Montevideo] Usuario ID 4 encontrado: martin (estado: activo)
[23-Sep-2025 08:18:49 America/Montevideo] Usuario 4 está activo
[23-Sep-2025 08:18:49 America/Montevideo] ⚠️ ADVERTENCIA: Petición sin cuerpo recibida
[23-Sep-2025 08:19:19 America/Montevideo] === DEBUG GUARDAR ESTADO PARTIDA ===
[23-Sep-2025 08:19:19 America/Montevideo] Método HTTP: POST
[23-Sep-2025 08:19:19 America/Montevideo] Content-Type: application/json
[23-Sep-2025 08:19:19 America/Montevideo] === Validando estado de usuario ID: 4 ===
[23-Sep-2025 08:19:19 America/Montevideo] === UserRepository::findById(4) ===
[23-Sep-2025 08:19:19 America/Montevideo] Usuario ID 4 encontrado: martin (estado: activo)
[23-Sep-2025 08:19:19 America/Montevideo] Usuario 4 está activo
[23-Sep-2025 08:19:19 America/Montevideo] ✅ Usuario autenticado: ID=4, Username=martin
[23-Sep-2025 08:19:19 America/Montevideo] Raw input recibido (length=280): {"id":130,"partidaId":130,"ronda":1,"turno":1,"jugadorActivo":2,"jugadorQueTiroDado":1,"restriccion":null,"colocadosEnTurno":0,"mano1":["dino4","dino2","dino5","dino1","dino3","trex"],"mano2":["dino3","dino3","dino1","trex","dino1","dino4"],"colocaciones":[],"jugador2":"fsdfdsg"}
[23-Sep-2025 08:19:19 America/Montevideo] ✅ JSON decodificado correctamente
[23-Sep-2025 08:19:19 America/Montevideo] Datos principales: {"id":130,"partidaId":130,"ronda":1,"colocaciones_count":0}
[23-Sep-2025 08:19:19 America/Montevideo] ✅ ID de partida válido: 130
[23-Sep-2025 08:19:19 America/Montevideo] ✅ Acceso validado correctamente
[23-Sep-2025 08:19:19 America/Montevideo] ✅ Validaciones pasadas: ronda=1, turno=1, jugadorActivo=2
[23-Sep-2025 08:19:19 America/Montevideo] Estado formateado para BD: {"recintos_count":0,"ronda_actual":1,"jugador_activo":2}
[23-Sep-2025 08:19:19 America/Montevideo] ✅ Partida guardada exitosamente en BD
[23-Sep-2025 08:19:24 America/Montevideo] === Validando estado de usuario ID: 4 ===
[23-Sep-2025 08:19:24 America/Montevideo] === UserRepository::findById(4) ===
[23-Sep-2025 08:19:24 America/Montevideo] Usuario ID 4 encontrado: martin (estado: activo)
[23-Sep-2025 08:19:24 America/Montevideo] Usuario 4 está activo
[23-Sep-2025 08:19:24 America/Montevideo] requireLogin: Usuario 4 validado correctamente
[23-Sep-2025 08:19:24 America/Montevideo] === DEBUG GUARDAR ESTADO PARTIDA ===
[23-Sep-2025 08:19:24 America/Montevideo] Método HTTP: POST
[23-Sep-2025 08:19:24 America/Montevideo] Content-Type: application/json
[23-Sep-2025 08:19:24 America/Montevideo] === Validando estado de usuario ID: 4 ===
[23-Sep-2025 08:19:24 America/Montevideo] === UserRepository::findById(4) ===
[23-Sep-2025 08:19:24 America/Montevideo] Usuario ID 4 encontrado: martin (estado: activo)
[23-Sep-2025 08:19:24 America/Montevideo] Usuario 4 está activo
[23-Sep-2025 08:19:24 America/Montevideo] ✅ Usuario autenticado: ID=4, Username=martin
[23-Sep-2025 08:19:24 America/Montevideo] Raw input recibido (length=280): {"id":130,"partidaId":130,"ronda":1,"turno":1,"jugadorActivo":2,"jugadorQueTiroDado":1,"restriccion":null,"colocadosEnTurno":0,"mano1":["dino4","dino2","dino5","dino1","dino3","trex"],"mano2":["dino3","dino3","dino1","trex","dino1","dino4"],"colocaciones":[],"jugador2":"fsdfdsg"}
[23-Sep-2025 08:19:24 America/Montevideo] ✅ JSON decodificado correctamente
[23-Sep-2025 08:19:24 America/Montevideo] Datos principales: {"id":130,"partidaId":130,"ronda":1,"colocaciones_count":0}
[23-Sep-2025 08:19:24 America/Montevideo] ✅ ID de partida válido: 130
[23-Sep-2025 08:19:24 America/Montevideo] ✅ Acceso validado correctamente
[23-Sep-2025 08:19:24 America/Montevideo] ✅ Validaciones pasadas: ronda=1, turno=1, jugadorActivo=2
[23-Sep-2025 08:19:24 America/Montevideo] Estado formateado para BD: {"recintos_count":0,"ronda_actual":1,"jugador_activo":2}
[23-Sep-2025 08:19:24 America/Montevideo] ✅ Partida guardada exitosamente en BD
[23-Sep-2025 08:19:24 America/Montevideo] === DEBUG GUARDAR ESTADO PARTIDA ===
[23-Sep-2025 08:19:24 America/Montevideo] Método HTTP: POST
[23-Sep-2025 08:19:24 America/Montevideo] Content-Type: application/json
[23-Sep-2025 08:19:24 America/Montevideo] === Validando estado de usuario ID: 4 ===
[23-Sep-2025 08:19:24 America/Montevideo] === UserRepository::findById(4) ===
[23-Sep-2025 08:19:24 America/Montevideo] Usuario ID 4 encontrado: martin (estado: activo)
[23-Sep-2025 08:19:24 America/Montevideo] Usuario 4 está activo
[23-Sep-2025 08:19:24 America/Montevideo] ✅ Usuario autenticado: ID=4, Username=martin
[23-Sep-2025 08:19:24 America/Montevideo] Raw input recibido (length=280): {"id":130,"partidaId":130,"ronda":1,"turno":1,"jugadorActivo":2,"jugadorQueTiroDado":1,"restriccion":null,"colocadosEnTurno":0,"mano1":["dino4","dino2","dino5","dino1","dino3","trex"],"mano2":["dino3","dino3","dino1","trex","dino1","dino4"],"colocaciones":[],"jugador2":"fsdfdsg"}
[23-Sep-2025 08:19:24 America/Montevideo] ✅ JSON decodificado correctamente
[23-Sep-2025 08:19:24 America/Montevideo] Datos principales: {"id":130,"partidaId":130,"ronda":1,"colocaciones_count":0}
[23-Sep-2025 08:19:24 America/Montevideo] ✅ ID de partida válido: 130
[23-Sep-2025 08:19:24 America/Montevideo] ✅ Acceso validado correctamente
[23-Sep-2025 08:19:24 America/Montevideo] ✅ Validaciones pasadas: ronda=1, turno=1, jugadorActivo=2
[23-Sep-2025 08:19:24 America/Montevideo] Estado formateado para BD: {"recintos_count":0,"ronda_actual":1,"jugador_activo":2}
[23-Sep-2025 08:19:24 America/Montevideo] ✅ Partida guardada exitosamente en BD
[23-Sep-2025 08:19:25 America/Montevideo] === Validando estado de usuario ID: 4 ===
[23-Sep-2025 08:19:25 America/Montevideo] === UserRepository::findById(4) ===
[23-Sep-2025 08:19:25 America/Montevideo] Usuario ID 4 encontrado: martin (estado: activo)
[23-Sep-2025 08:19:25 America/Montevideo] Usuario 4 está activo
[23-Sep-2025 08:19:25 America/Montevideo] === Validando estado de usuario ID: 4 ===
[23-Sep-2025 08:19:25 America/Montevideo] === UserRepository::findById(4) ===
[23-Sep-2025 08:19:25 America/Montevideo] Usuario ID 4 encontrado: martin (estado: activo)
[23-Sep-2025 08:19:25 America/Montevideo] Usuario 4 está activo
[23-Sep-2025 08:19:40 America/Montevideo] === Validando estado de usuario ID: 4 ===
[23-Sep-2025 08:19:40 America/Montevideo] === UserRepository::findById(4) ===
[23-Sep-2025 08:19:40 America/Montevideo] Usuario ID 4 encontrado: martin (estado: activo)
[23-Sep-2025 08:19:40 America/Montevideo] Usuario 4 está activo
[23-Sep-2025 08:19:40 America/Montevideo] === Validando estado de usuario ID: 4 ===
[23-Sep-2025 08:19:40 America/Montevideo] === UserRepository::findById(4) ===
[23-Sep-2025 08:19:40 America/Montevideo] Usuario ID 4 encontrado: martin (estado: activo)
[23-Sep-2025 08:19:40 America/Montevideo] Usuario 4 está activo
[23-Sep-2025 08:19:41 America/Montevideo] === Validando estado de usuario ID: 4 ===
[23-Sep-2025 08:19:41 America/Montevideo] === UserRepository::findById(4) ===
[23-Sep-2025 08:19:41 America/Montevideo] Usuario ID 4 encontrado: martin (estado: activo)
[23-Sep-2025 08:19:41 America/Montevideo] Usuario 4 está activo
[23-Sep-2025 08:19:41 America/Montevideo] ⚠️ ADVERTENCIA: Petición sin cuerpo recibida
[23-Sep-2025 08:22:06 America/Montevideo] === DEBUG GUARDAR ESTADO PARTIDA ===
[23-Sep-2025 08:22:06 America/Montevideo] Método HTTP: POST
[23-Sep-2025 08:22:06 America/Montevideo] Content-Type: application/json
[23-Sep-2025 08:22:06 America/Montevideo] === Validando estado de usuario ID: 4 ===
[23-Sep-2025 08:22:06 America/Montevideo] === UserRepository::findById(4) ===
[23-Sep-2025 08:22:06 America/Montevideo] Usuario ID 4 encontrado: martin (estado: activo)
[23-Sep-2025 08:22:06 America/Montevideo] Usuario 4 está activo
[23-Sep-2025 08:22:06 America/Montevideo] ✅ Usuario autenticado: ID=4, Username=martin
[23-Sep-2025 08:22:06 America/Montevideo] Raw input recibido (length=283): {"id":131,"partidaId":131,"ronda":1,"turno":1,"jugadorActivo":1,"jugadorQueTiroDado":1,"restriccion":null,"colocadosEnTurno":0,"mano1":["dino5","dino4","dino3","dino2","trex","dino2"],"mano2":["dino2","dino2","dino2","dino3","dino4","dino1"],"colocaciones":[],"jugador2":"fsdfdsggk"}
[23-Sep-2025 08:22:06 America/Montevideo] ✅ JSON decodificado correctamente
[23-Sep-2025 08:22:06 America/Montevideo] Datos principales: {"id":131,"partidaId":131,"ronda":1,"colocaciones_count":0}
[23-Sep-2025 08:22:06 America/Montevideo] ✅ ID de partida válido: 131
[23-Sep-2025 08:22:06 America/Montevideo] ✅ Acceso validado correctamente
[23-Sep-2025 08:22:06 America/Montevideo] ✅ Validaciones pasadas: ronda=1, turno=1, jugadorActivo=1
[23-Sep-2025 08:22:06 America/Montevideo] Estado formateado para BD: {"recintos_count":0,"ronda_actual":1,"jugador_activo":1}
[23-Sep-2025 08:22:06 America/Montevideo] ✅ Partida guardada exitosamente en BD
[23-Sep-2025 08:22:06 America/Montevideo] === Validando estado de usuario ID: 4 ===
[23-Sep-2025 08:22:06 America/Montevideo] === UserRepository::findById(4) ===
[23-Sep-2025 08:22:06 America/Montevideo] Usuario ID 4 encontrado: martin (estado: activo)
[23-Sep-2025 08:22:06 America/Montevideo] Usuario 4 está activo
[23-Sep-2025 08:22:06 America/Montevideo] === Validando estado de usuario ID: 4 ===
[23-Sep-2025 08:22:06 America/Montevideo] === UserRepository::findById(4) ===
[23-Sep-2025 08:22:06 America/Montevideo] Usuario ID 4 encontrado: martin (estado: activo)
[23-Sep-2025 08:22:06 America/Montevideo] Usuario 4 está activo
[23-Sep-2025 08:22:06 America/Montevideo] requireLogin: Usuario 4 validado correctamente
[23-Sep-2025 08:22:07 America/Montevideo] === Validando estado de usuario ID: 4 ===
[23-Sep-2025 08:22:07 America/Montevideo] === UserRepository::findById(4) ===
[23-Sep-2025 08:22:07 America/Montevideo] Usuario ID 4 encontrado: martin (estado: activo)
[23-Sep-2025 08:22:07 America/Montevideo] Usuario 4 está activo
[23-Sep-2025 08:22:07 America/Montevideo] === Validando estado de usuario ID: 4 ===
[23-Sep-2025 08:22:07 America/Montevideo] === UserRepository::findById(4) ===
[23-Sep-2025 08:22:07 America/Montevideo] Usuario ID 4 encontrado: martin (estado: activo)
[23-Sep-2025 08:22:07 America/Montevideo] Usuario 4 está activo
[23-Sep-2025 08:22:13 America/Montevideo] === Validando estado de usuario ID: 4 ===
[23-Sep-2025 08:22:13 America/Montevideo] === UserRepository::findById(4) ===
[23-Sep-2025 08:22:13 America/Montevideo] Usuario ID 4 encontrado: martin (estado: activo)
[23-Sep-2025 08:22:13 America/Montevideo] Usuario 4 está activo
[23-Sep-2025 08:22:13 America/Montevideo] === Validando estado de usuario ID: 4 ===
[23-Sep-2025 08:22:13 America/Montevideo] === UserRepository::findById(4) ===
[23-Sep-2025 08:22:13 America/Montevideo] Usuario ID 4 encontrado: martin (estado: activo)
[23-Sep-2025 08:22:13 America/Montevideo] Usuario 4 está activo
[23-Sep-2025 08:22:13 America/Montevideo] === Validando estado de usuario ID: 4 ===
[23-Sep-2025 08:22:13 America/Montevideo] === UserRepository::findById(4) ===
[23-Sep-2025 08:22:13 America/Montevideo] Usuario ID 4 encontrado: martin (estado: activo)
[23-Sep-2025 08:22:13 America/Montevideo] Usuario 4 está activo
[23-Sep-2025 08:22:13 America/Montevideo] ⚠️ ADVERTENCIA: Petición sin cuerpo recibida
[23-Sep-2025 08:22:13 America/Montevideo] === Validando estado de usuario ID: 4 ===
[23-Sep-2025 08:22:13 America/Montevideo] === UserRepository::findById(4) ===
[23-Sep-2025 08:22:13 America/Montevideo] Usuario ID 4 encontrado: martin (estado: activo)
[23-Sep-2025 08:22:13 America/Montevideo] Usuario 4 está activo
[23-Sep-2025 08:22:19 America/Montevideo] === DEBUG GUARDAR ESTADO PARTIDA ===
[23-Sep-2025 08:22:19 America/Montevideo] Método HTTP: POST
[23-Sep-2025 08:22:19 America/Montevideo] Content-Type: application/json
[23-Sep-2025 08:22:19 America/Montevideo] === Validando estado de usuario ID: 4 ===
[23-Sep-2025 08:22:19 America/Montevideo] === UserRepository::findById(4) ===
[23-Sep-2025 08:22:19 America/Montevideo] Usuario ID 4 encontrado: martin (estado: activo)
[23-Sep-2025 08:22:19 America/Montevideo] Usuario 4 está activo
[23-Sep-2025 08:22:19 America/Montevideo] ✅ Usuario autenticado: ID=4, Username=martin
[23-Sep-2025 08:22:19 America/Montevideo] Raw input recibido (length=277): {"id":132,"partidaId":132,"ronda":1,"turno":1,"jugadorActivo":1,"jugadorQueTiroDado":1,"restriccion":6,"colocadosEnTurno":0,"mano1":["dino4","dino5","dino4","trex","dino3","dino1"],"mano2":["dino1","trex","dino4","dino5","dino1","dino1"],"colocaciones":[],"jugador2":"asdasdf"}
[23-Sep-2025 08:22:19 America/Montevideo] ✅ JSON decodificado correctamente
[23-Sep-2025 08:22:19 America/Montevideo] Datos principales: {"id":132,"partidaId":132,"ronda":1,"colocaciones_count":0}
[23-Sep-2025 08:22:19 America/Montevideo] ✅ ID de partida válido: 132
[23-Sep-2025 08:22:19 America/Montevideo] ✅ Acceso validado correctamente
[23-Sep-2025 08:22:19 America/Montevideo] ✅ Validaciones pasadas: ronda=1, turno=1, jugadorActivo=1
[23-Sep-2025 08:22:19 America/Montevideo] Estado formateado para BD: {"recintos_count":0,"ronda_actual":1,"jugador_activo":1}
[23-Sep-2025 08:22:19 America/Montevideo] ✅ Partida guardada exitosamente en BD
[23-Sep-2025 08:22:22 America/Montevideo] === INICIO validarColocacionDino ===
[23-Sep-2025 08:22:22 America/Montevideo] Método: POST
[23-Sep-2025 08:22:22 America/Montevideo] Content-Type: application/json
[23-Sep-2025 08:22:22 America/Montevideo] === Validando estado de usuario ID: 4 ===
[23-Sep-2025 08:22:22 America/Montevideo] === UserRepository::findById(4) ===
[23-Sep-2025 08:22:22 America/Montevideo] Usuario ID 4 encontrado: martin (estado: activo)
[23-Sep-2025 08:22:22 America/Montevideo] Usuario 4 está activo
[23-Sep-2025 08:22:22 America/Montevideo] ✅ Usuario autenticado: 4
[23-Sep-2025 08:22:22 America/Montevideo] Datos recibidos para validación: {"partidaId":132,"restriccion":6,"recintoId":"rey-selva","especie":"trex"}
[23-Sep-2025 08:22:22 America/Montevideo] ✅ COLOCACIÓN VÁLIDA: Dado tirado (restricción=6), recinto=rey-selva, especie=trex
[23-Sep-2025 08:22:22 America/Montevideo] === FIN validarColocacionDino ===
[23-Sep-2025 08:22:22 America/Montevideo] === DEBUG GUARDAR ESTADO PARTIDA ===
[23-Sep-2025 08:22:22 America/Montevideo] Método HTTP: POST
[23-Sep-2025 08:22:22 America/Montevideo] Content-Type: application/json
[23-Sep-2025 08:22:22 America/Montevideo] === Validando estado de usuario ID: 4 ===
[23-Sep-2025 08:22:22 America/Montevideo] === UserRepository::findById(4) ===
[23-Sep-2025 08:22:22 America/Montevideo] Usuario ID 4 encontrado: martin (estado: activo)
[23-Sep-2025 08:22:22 America/Montevideo] Usuario 4 está activo
[23-Sep-2025 08:22:22 America/Montevideo] ✅ Usuario autenticado: ID=4, Username=martin
[23-Sep-2025 08:22:22 America/Montevideo] Raw input recibido (length=322): {"id":132,"partidaId":132,"ronda":1,"turno":1,"jugadorActivo":1,"jugadorQueTiroDado":1,"restriccion":6,"colocadosEnTurno":1,"mano1":["dino4","dino5","dino4","dino3","dino1"],"mano2":["dino1","trex","dino4","dino5","dino1","dino1"],"colocaciones":[{"recinto":"rey-selva","jugador":1,"especie":"trex"}],"jugador2":"asdasdf"}
[23-Sep-2025 08:22:22 America/Montevideo] ✅ JSON decodificado correctamente
[23-Sep-2025 08:22:22 America/Montevideo] Datos principales: {"id":132,"partidaId":132,"ronda":1,"colocaciones_count":1}
[23-Sep-2025 08:22:22 America/Montevideo] ✅ ID de partida válido: 132
[23-Sep-2025 08:22:22 America/Montevideo] ✅ Acceso validado correctamente
[23-Sep-2025 08:22:22 America/Montevideo] ✅ Validaciones pasadas: ronda=1, turno=1, jugadorActivo=1
[23-Sep-2025 08:22:22 America/Montevideo] Estado formateado para BD: {"recintos_count":1,"ronda_actual":1,"jugador_activo":1}
[23-Sep-2025 08:22:22 America/Montevideo] ✅ Partida guardada exitosamente en BD
[23-Sep-2025 08:22:29 America/Montevideo] === Validando estado de usuario ID: 4 ===
[23-Sep-2025 08:22:29 America/Montevideo] === UserRepository::findById(4) ===
[23-Sep-2025 08:22:29 America/Montevideo] Usuario ID 4 encontrado: martin (estado: activo)
[23-Sep-2025 08:22:29 America/Montevideo] Usuario 4 está activo
[23-Sep-2025 08:22:29 America/Montevideo] requireLogin: Usuario 4 validado correctamente
[23-Sep-2025 08:22:29 America/Montevideo] === DEBUG GUARDAR ESTADO PARTIDA ===
[23-Sep-2025 08:22:29 America/Montevideo] Método HTTP: POST
[23-Sep-2025 08:22:29 America/Montevideo] Content-Type: application/json
[23-Sep-2025 08:22:29 America/Montevideo] === Validando estado de usuario ID: 4 ===
[23-Sep-2025 08:22:29 America/Montevideo] === UserRepository::findById(4) ===
[23-Sep-2025 08:22:29 America/Montevideo] Usuario ID 4 encontrado: martin (estado: activo)
[23-Sep-2025 08:22:29 America/Montevideo] Usuario 4 está activo
[23-Sep-2025 08:22:29 America/Montevideo] ✅ Usuario autenticado: ID=4, Username=martin
[23-Sep-2025 08:22:29 America/Montevideo] Raw input recibido (length=322): {"id":132,"partidaId":132,"ronda":1,"turno":1,"jugadorActivo":2,"jugadorQueTiroDado":1,"restriccion":6,"colocadosEnTurno":1,"mano1":["dino4","dino5","dino4","dino3","dino1"],"mano2":["dino1","trex","dino4","dino5","dino1","dino1"],"colocaciones":[{"recinto":"rey-selva","jugador":1,"especie":"trex"}],"jugador2":"asdasdf"}
[23-Sep-2025 08:22:29 America/Montevideo] ✅ JSON decodificado correctamente
[23-Sep-2025 08:22:29 America/Montevideo] Datos principales: {"id":132,"partidaId":132,"ronda":1,"colocaciones_count":1}
[23-Sep-2025 08:22:29 America/Montevideo] ✅ ID de partida válido: 132
[23-Sep-2025 08:22:29 America/Montevideo] ✅ Acceso validado correctamente
[23-Sep-2025 08:22:29 America/Montevideo] ✅ Validaciones pasadas: ronda=1, turno=1, jugadorActivo=2
[23-Sep-2025 08:22:29 America/Montevideo] Estado formateado para BD: {"recintos_count":1,"ronda_actual":1,"jugador_activo":2}
[23-Sep-2025 08:22:29 America/Montevideo] ✅ Partida guardada exitosamente en BD
[23-Sep-2025 08:22:29 America/Montevideo] === Validando estado de usuario ID: 4 ===
[23-Sep-2025 08:22:29 America/Montevideo] === UserRepository::findById(4) ===
[23-Sep-2025 08:22:29 America/Montevideo] Usuario ID 4 encontrado: martin (estado: activo)
[23-Sep-2025 08:22:29 America/Montevideo] Usuario 4 está activo
[23-Sep-2025 08:22:29 America/Montevideo] === Validando estado de usuario ID: 4 ===
[23-Sep-2025 08:22:29 America/Montevideo] === UserRepository::findById(4) ===
[23-Sep-2025 08:22:29 America/Montevideo] Usuario ID 4 encontrado: martin (estado: activo)
[23-Sep-2025 08:22:29 America/Montevideo] Usuario 4 está activo
[23-Sep-2025 08:22:35 America/Montevideo] === Validando estado de usuario ID: 4 ===
[23-Sep-2025 08:22:35 America/Montevideo] === UserRepository::findById(4) ===
[23-Sep-2025 08:22:35 America/Montevideo] Usuario ID 4 encontrado: martin (estado: activo)
[23-Sep-2025 08:22:35 America/Montevideo] Usuario 4 está activo
[23-Sep-2025 08:22:43 America/Montevideo] === Validando estado de usuario ID: 4 ===
[23-Sep-2025 08:22:43 America/Montevideo] === UserRepository::findById(4) ===
[23-Sep-2025 08:22:43 America/Montevideo] Usuario ID 4 encontrado: martin (estado: activo)
[23-Sep-2025 08:22:43 America/Montevideo] Usuario 4 está activo
[23-Sep-2025 08:22:43 America/Montevideo] requireLogin: Usuario 4 validado correctamente
[23-Sep-2025 08:22:43 America/Montevideo] === Validando estado de usuario ID: 4 ===
[23-Sep-2025 08:22:43 America/Montevideo] === UserRepository::findById(4) ===
[23-Sep-2025 08:22:43 America/Montevideo] Usuario ID 4 encontrado: martin (estado: activo)
[23-Sep-2025 08:22:43 America/Montevideo] Usuario 4 está activo
[23-Sep-2025 08:22:43 America/Montevideo] === Validando estado de usuario ID: 4 ===
[23-Sep-2025 08:22:43 America/Montevideo] === UserRepository::findById(4) ===
[23-Sep-2025 08:22:43 America/Montevideo] Usuario ID 4 encontrado: martin (estado: activo)
[23-Sep-2025 08:22:43 America/Montevideo] Usuario 4 está activo
[23-Sep-2025 08:22:51 America/Montevideo] === Validando estado de usuario ID: 4 ===
[23-Sep-2025 08:22:51 America/Montevideo] === UserRepository::findById(4) ===
[23-Sep-2025 08:22:51 America/Montevideo] Usuario ID 4 encontrado: martin (estado: activo)
[23-Sep-2025 08:22:51 America/Montevideo] Usuario 4 está activo
[23-Sep-2025 08:22:51 America/Montevideo] === Validando estado de usuario ID: 4 ===
[23-Sep-2025 08:22:51 America/Montevideo] === UserRepository::findById(4) ===
[23-Sep-2025 08:22:51 America/Montevideo] Usuario ID 4 encontrado: martin (estado: activo)
[23-Sep-2025 08:22:51 America/Montevideo] Usuario 4 está activo
[23-Sep-2025 08:22:51 America/Montevideo] === Validando estado de usuario ID: 4 ===
[23-Sep-2025 08:22:51 America/Montevideo] === UserRepository::findById(4) ===
[23-Sep-2025 08:22:51 America/Montevideo] Usuario ID 4 encontrado: martin (estado: activo)
[23-Sep-2025 08:22:51 America/Montevideo] Usuario 4 está activo
[23-Sep-2025 08:22:51 America/Montevideo] ⚠️ ADVERTENCIA: Petición sin cuerpo recibida
[23-Sep-2025 08:22:51 America/Montevideo] === Validando estado de usuario ID: 4 ===
[23-Sep-2025 08:22:51 America/Montevideo] === UserRepository::findById(4) ===
[23-Sep-2025 08:22:51 America/Montevideo] Usuario ID 4 encontrado: martin (estado: activo)
[23-Sep-2025 08:22:51 America/Montevideo] Usuario 4 está activo
[23-Sep-2025 08:22:53 America/Montevideo] === DEBUG GUARDAR ESTADO PARTIDA ===
[23-Sep-2025 08:22:53 America/Montevideo] Método HTTP: POST
[23-Sep-2025 08:22:53 America/Montevideo] Content-Type: application/json
[23-Sep-2025 08:22:53 America/Montevideo] === Validando estado de usuario ID: 4 ===
[23-Sep-2025 08:22:53 America/Montevideo] === UserRepository::findById(4) ===
[23-Sep-2025 08:22:53 America/Montevideo] Usuario ID 4 encontrado: martin (estado: activo)
[23-Sep-2025 08:22:53 America/Montevideo] Usuario 4 está activo
[23-Sep-2025 08:22:53 America/Montevideo] ✅ Usuario autenticado: ID=4, Username=martin
[23-Sep-2025 08:22:53 America/Montevideo] Raw input recibido (length=276): {"id":133,"partidaId":133,"ronda":1,"turno":1,"jugadorActivo":1,"jugadorQueTiroDado":1,"restriccion":1,"colocadosEnTurno":0,"mano1":["dino4","dino1","dino2","trex","dino3","dino1"],"mano2":["dino4","dino4","trex","dino2","dino4","dino5"],"colocaciones":[],"jugador2":"asdasd"}
[23-Sep-2025 08:22:53 America/Montevideo] ✅ JSON decodificado correctamente
[23-Sep-2025 08:22:53 America/Montevideo] Datos principales: {"id":133,"partidaId":133,"ronda":1,"colocaciones_count":0}
[23-Sep-2025 08:22:53 America/Montevideo] ✅ ID de partida válido: 133
[23-Sep-2025 08:22:53 America/Montevideo] ✅ Acceso validado correctamente
[23-Sep-2025 08:22:53 America/Montevideo] ✅ Validaciones pasadas: ronda=1, turno=1, jugadorActivo=1
[23-Sep-2025 08:22:53 America/Montevideo] Estado formateado para BD: {"recintos_count":0,"ronda_actual":1,"jugador_activo":1}
[23-Sep-2025 08:22:53 America/Montevideo] ✅ Partida guardada exitosamente en BD
[23-Sep-2025 08:23:01 America/Montevideo] === INICIO validarColocacionDino ===
[23-Sep-2025 08:23:01 America/Montevideo] Método: POST
[23-Sep-2025 08:23:01 America/Montevideo] Content-Type: application/json
[23-Sep-2025 08:23:01 America/Montevideo] === Validando estado de usuario ID: 4 ===
[23-Sep-2025 08:23:01 America/Montevideo] === UserRepository::findById(4) ===
[23-Sep-2025 08:23:01 America/Montevideo] Usuario ID 4 encontrado: martin (estado: activo)
[23-Sep-2025 08:23:01 America/Montevideo] Usuario 4 está activo
[23-Sep-2025 08:23:01 America/Montevideo] ✅ Usuario autenticado: 4
[23-Sep-2025 08:23:01 America/Montevideo] Datos recibidos para validación: {"partidaId":133,"restriccion":1,"recintoId":"rey-selva","especie":"trex"}
[23-Sep-2025 08:23:01 America/Montevideo] ✅ COLOCACIÓN VÁLIDA: Dado tirado (restricción=1), recinto=rey-selva, especie=trex
[23-Sep-2025 08:23:01 America/Montevideo] === FIN validarColocacionDino ===
[23-Sep-2025 08:23:01 America/Montevideo] === DEBUG GUARDAR ESTADO PARTIDA ===
[23-Sep-2025 08:23:01 America/Montevideo] Método HTTP: POST
[23-Sep-2025 08:23:01 America/Montevideo] Content-Type: application/json
[23-Sep-2025 08:23:01 America/Montevideo] === Validando estado de usuario ID: 4 ===
[23-Sep-2025 08:23:01 America/Montevideo] === UserRepository::findById(4) ===
[23-Sep-2025 08:23:01 America/Montevideo] Usuario ID 4 encontrado: martin (estado: activo)
[23-Sep-2025 08:23:01 America/Montevideo] Usuario 4 está activo
[23-Sep-2025 08:23:01 America/Montevideo] ✅ Usuario autenticado: ID=4, Username=martin
[23-Sep-2025 08:23:01 America/Montevideo] Raw input recibido (length=321): {"id":133,"partidaId":133,"ronda":1,"turno":1,"jugadorActivo":1,"jugadorQueTiroDado":1,"restriccion":1,"colocadosEnTurno":1,"mano1":["dino4","dino1","dino2","dino3","dino1"],"mano2":["dino4","dino4","trex","dino2","dino4","dino5"],"colocaciones":[{"recinto":"rey-selva","jugador":1,"especie":"trex"}],"jugador2":"asdasd"}
[23-Sep-2025 08:23:01 America/Montevideo] ✅ JSON decodificado correctamente
[23-Sep-2025 08:23:01 America/Montevideo] Datos principales: {"id":133,"partidaId":133,"ronda":1,"colocaciones_count":1}
[23-Sep-2025 08:23:01 America/Montevideo] ✅ ID de partida válido: 133
[23-Sep-2025 08:23:01 America/Montevideo] ✅ Acceso validado correctamente
[23-Sep-2025 08:23:01 America/Montevideo] ✅ Validaciones pasadas: ronda=1, turno=1, jugadorActivo=1
[23-Sep-2025 08:23:01 America/Montevideo] Estado formateado para BD: {"recintos_count":1,"ronda_actual":1,"jugador_activo":1}
[23-Sep-2025 08:23:01 America/Montevideo] ✅ Partida guardada exitosamente en BD
[23-Sep-2025 08:23:06 America/Montevideo] === INICIO validarColocacionDino ===
[23-Sep-2025 08:23:06 America/Montevideo] Método: POST
[23-Sep-2025 08:23:06 America/Montevideo] Content-Type: application/json
[23-Sep-2025 08:23:06 America/Montevideo] === Validando estado de usuario ID: 4 ===
[23-Sep-2025 08:23:06 America/Montevideo] === UserRepository::findById(4) ===
[23-Sep-2025 08:23:06 America/Montevideo] Usuario ID 4 encontrado: martin (estado: activo)
[23-Sep-2025 08:23:06 America/Montevideo] Usuario 4 está activo
[23-Sep-2025 08:23:06 America/Montevideo] ✅ Usuario autenticado: 4
[23-Sep-2025 08:23:06 America/Montevideo] Datos recibidos para validación: {"partidaId":133,"restriccion":1,"recintoId":"trio-frondoso","especie":"dino2"}
[23-Sep-2025 08:23:06 America/Montevideo] ✅ COLOCACIÓN VÁLIDA: Dado tirado (restricción=1), recinto=trio-frondoso, especie=dino2
[23-Sep-2025 08:23:06 America/Montevideo] === FIN validarColocacionDino ===
[23-Sep-2025 08:23:06 America/Montevideo] === DEBUG GUARDAR ESTADO PARTIDA ===
[23-Sep-2025 08:23:06 America/Montevideo] Método HTTP: POST
[23-Sep-2025 08:23:06 America/Montevideo] Content-Type: application/json
[23-Sep-2025 08:23:06 America/Montevideo] === Validando estado de usuario ID: 4 ===
[23-Sep-2025 08:23:06 America/Montevideo] === UserRepository::findById(4) ===
[23-Sep-2025 08:23:06 America/Montevideo] Usuario ID 4 encontrado: martin (estado: activo)
[23-Sep-2025 08:23:06 America/Montevideo] Usuario 4 está activo
[23-Sep-2025 08:23:06 America/Montevideo] ✅ Usuario autenticado: ID=4, Username=martin
[23-Sep-2025 08:23:06 America/Montevideo] Raw input recibido (length=371): {"id":133,"partidaId":133,"ronda":1,"turno":1,"jugadorActivo":2,"jugadorQueTiroDado":1,"restriccion":1,"colocadosEnTurno":2,"mano1":["dino4","dino1","dino2","dino3","dino1"],"mano2":["dino4","dino4","trex","dino4","dino5"],"colocaciones":[{"recinto":"trio-frondoso","jugador":2,"especie":"dino2"},{"recinto":"rey-selva","jugador":1,"especie":"trex"}],"jugador2":"asdasd"}
[23-Sep-2025 08:23:06 America/Montevideo] ✅ JSON decodificado correctamente
[23-Sep-2025 08:23:06 America/Montevideo] Datos principales: {"id":133,"partidaId":133,"ronda":1,"colocaciones_count":2}
[23-Sep-2025 08:23:06 America/Montevideo] ✅ ID de partida válido: 133
[23-Sep-2025 08:23:06 America/Montevideo] ✅ Acceso validado correctamente
[23-Sep-2025 08:23:06 America/Montevideo] ✅ Validaciones pasadas: ronda=1, turno=1, jugadorActivo=2
[23-Sep-2025 08:23:06 America/Montevideo] Estado formateado para BD: {"recintos_count":2,"ronda_actual":1,"jugador_activo":2}
[23-Sep-2025 08:23:06 America/Montevideo] ✅ Partida guardada exitosamente en BD
[23-Sep-2025 08:23:06 America/Montevideo] === DEBUG GUARDAR ESTADO PARTIDA ===
[23-Sep-2025 08:23:06 America/Montevideo] Método HTTP: POST
[23-Sep-2025 08:23:06 America/Montevideo] Content-Type: application/json
[23-Sep-2025 08:23:06 America/Montevideo] === Validando estado de usuario ID: 4 ===
[23-Sep-2025 08:23:06 America/Montevideo] === UserRepository::findById(4) ===
[23-Sep-2025 08:23:06 America/Montevideo] Usuario ID 4 encontrado: martin (estado: activo)
[23-Sep-2025 08:23:06 America/Montevideo] Usuario 4 está activo
[23-Sep-2025 08:23:06 America/Montevideo] ✅ Usuario autenticado: ID=4, Username=martin
[23-Sep-2025 08:23:06 America/Montevideo] Raw input recibido (length=374): {"id":133,"partidaId":133,"ronda":1,"turno":2,"jugadorActivo":2,"jugadorQueTiroDado":2,"restriccion":null,"colocadosEnTurno":0,"mano1":["dino4","dino4","trex","dino4","dino5"],"mano2":["dino4","dino1","dino2","dino3","dino1"],"colocaciones":[{"recinto":"trio-frondoso","jugador":2,"especie":"dino2"},{"recinto":"rey-selva","jugador":1,"especie":"trex"}],"jugador2":"asdasd"}
[23-Sep-2025 08:23:06 America/Montevideo] ✅ JSON decodificado correctamente
[23-Sep-2025 08:23:06 America/Montevideo] Datos principales: {"id":133,"partidaId":133,"ronda":1,"colocaciones_count":2}
[23-Sep-2025 08:23:06 America/Montevideo] ✅ ID de partida válido: 133
[23-Sep-2025 08:23:06 America/Montevideo] ✅ Acceso validado correctamente
[23-Sep-2025 08:23:06 America/Montevideo] ✅ Validaciones pasadas: ronda=1, turno=2, jugadorActivo=2
[23-Sep-2025 08:23:06 America/Montevideo] Estado formateado para BD: {"recintos_count":2,"ronda_actual":1,"jugador_activo":2}
[23-Sep-2025 08:23:06 America/Montevideo] ✅ Partida guardada exitosamente en BD
[23-Sep-2025 08:23:21 America/Montevideo] === DEBUG GUARDAR ESTADO PARTIDA ===
[23-Sep-2025 08:23:21 America/Montevideo] Método HTTP: POST
[23-Sep-2025 08:23:21 America/Montevideo] Content-Type: application/json
[23-Sep-2025 08:23:21 America/Montevideo] === Validando estado de usuario ID: 4 ===
[23-Sep-2025 08:23:21 America/Montevideo] === UserRepository::findById(4) ===
[23-Sep-2025 08:23:21 America/Montevideo] Usuario ID 4 encontrado: martin (estado: activo)
[23-Sep-2025 08:23:21 America/Montevideo] Usuario 4 está activo
[23-Sep-2025 08:23:21 America/Montevideo] ✅ Usuario autenticado: ID=4, Username=martin
[23-Sep-2025 08:23:21 America/Montevideo] Raw input recibido (length=374): {"id":133,"partidaId":133,"ronda":1,"turno":2,"jugadorActivo":2,"jugadorQueTiroDado":2,"restriccion":null,"colocadosEnTurno":0,"mano1":["dino4","dino4","trex","dino4","dino5"],"mano2":["dino4","dino1","dino2","dino3","dino1"],"colocaciones":[{"recinto":"trio-frondoso","jugador":2,"especie":"dino2"},{"recinto":"rey-selva","jugador":1,"especie":"trex"}],"jugador2":"asdasd"}
[23-Sep-2025 08:23:21 America/Montevideo] ✅ JSON decodificado correctamente
[23-Sep-2025 08:23:21 America/Montevideo] Datos principales: {"id":133,"partidaId":133,"ronda":1,"colocaciones_count":2}
[23-Sep-2025 08:23:21 America/Montevideo] ✅ ID de partida válido: 133
[23-Sep-2025 08:23:21 America/Montevideo] ✅ Acceso validado correctamente
[23-Sep-2025 08:23:21 America/Montevideo] ✅ Validaciones pasadas: ronda=1, turno=2, jugadorActivo=2
[23-Sep-2025 08:23:21 America/Montevideo] Estado formateado para BD: {"recintos_count":2,"ronda_actual":1,"jugador_activo":2}
[23-Sep-2025 08:23:21 America/Montevideo] ✅ Partida guardada exitosamente en BD
[23-Sep-2025 08:23:22 America/Montevideo] === DEBUG GUARDAR ESTADO PARTIDA ===
[23-Sep-2025 08:23:22 America/Montevideo] Método HTTP: POST
[23-Sep-2025 08:23:22 America/Montevideo] Content-Type: application/json
[23-Sep-2025 08:23:22 America/Montevideo] === Validando estado de usuario ID: 4 ===
[23-Sep-2025 08:23:22 America/Montevideo] === UserRepository::findById(4) ===
[23-Sep-2025 08:23:22 America/Montevideo] Usuario ID 4 encontrado: martin (estado: activo)
[23-Sep-2025 08:23:22 America/Montevideo] Usuario 4 está activo
[23-Sep-2025 08:23:22 America/Montevideo] ✅ Usuario autenticado: ID=4, Username=martin
[23-Sep-2025 08:23:22 America/Montevideo] Raw input recibido (length=371): {"id":133,"partidaId":133,"ronda":1,"turno":2,"jugadorActivo":2,"jugadorQueTiroDado":2,"restriccion":2,"colocadosEnTurno":0,"mano1":["dino4","dino4","trex","dino4","dino5"],"mano2":["dino4","dino1","dino2","dino3","dino1"],"colocaciones":[{"recinto":"trio-frondoso","jugador":2,"especie":"dino2"},{"recinto":"rey-selva","jugador":1,"especie":"trex"}],"jugador2":"asdasd"}
[23-Sep-2025 08:23:22 America/Montevideo] ✅ JSON decodificado correctamente
[23-Sep-2025 08:23:22 America/Montevideo] Datos principales: {"id":133,"partidaId":133,"ronda":1,"colocaciones_count":2}
[23-Sep-2025 08:23:22 America/Montevideo] ✅ ID de partida válido: 133
[23-Sep-2025 08:23:22 America/Montevideo] ✅ Acceso validado correctamente
[23-Sep-2025 08:23:22 America/Montevideo] ✅ Validaciones pasadas: ronda=1, turno=2, jugadorActivo=2
[23-Sep-2025 08:23:22 America/Montevideo] Estado formateado para BD: {"recintos_count":2,"ronda_actual":1,"jugador_activo":2}
[23-Sep-2025 08:23:22 America/Montevideo] ✅ Partida guardada exitosamente en BD
[23-Sep-2025 08:23:23 America/Montevideo] === INICIO validarColocacionDino ===
[23-Sep-2025 08:23:23 America/Montevideo] Método: POST
[23-Sep-2025 08:23:23 America/Montevideo] Content-Type: application/json
[23-Sep-2025 08:23:23 America/Montevideo] === Validando estado de usuario ID: 4 ===
[23-Sep-2025 08:23:23 America/Montevideo] === UserRepository::findById(4) ===
[23-Sep-2025 08:23:23 America/Montevideo] Usuario ID 4 encontrado: martin (estado: activo)
[23-Sep-2025 08:23:23 America/Montevideo] Usuario 4 está activo
[23-Sep-2025 08:23:23 America/Montevideo] ✅ Usuario autenticado: 4
[23-Sep-2025 08:23:23 America/Montevideo] Datos recibidos para validación: {"partidaId":133,"restriccion":2,"recintoId":"prado-diferencia","especie":"dino3"}
[23-Sep-2025 08:23:23 America/Montevideo] ✅ COLOCACIÓN VÁLIDA: Dado tirado (restricción=2), recinto=prado-diferencia, especie=dino3
[23-Sep-2025 08:23:23 America/Montevideo] === FIN validarColocacionDino ===
[23-Sep-2025 08:23:23 America/Montevideo] === DEBUG GUARDAR ESTADO PARTIDA ===
[23-Sep-2025 08:23:23 America/Montevideo] Método HTTP: POST
[23-Sep-2025 08:23:23 America/Montevideo] Content-Type: application/json
[23-Sep-2025 08:23:23 America/Montevideo] === Validando estado de usuario ID: 4 ===
[23-Sep-2025 08:23:23 America/Montevideo] === UserRepository::findById(4) ===
[23-Sep-2025 08:23:23 America/Montevideo] Usuario ID 4 encontrado: martin (estado: activo)
[23-Sep-2025 08:23:23 America/Montevideo] Usuario 4 está activo
[23-Sep-2025 08:23:23 America/Montevideo] ✅ Usuario autenticado: ID=4, Username=martin
[23-Sep-2025 08:23:23 America/Montevideo] Raw input recibido (length=374): {"id":133,"partidaId":133,"ronda":1,"turno":2,"jugadorActivo":2,"jugadorQueTiroDado":2,"restriccion":2,"colocadosEnTurno":1,"mano1":["dino4","dino4","trex","dino4","dino5"],"mano2":["dino4","dino1","dino2","dino1"],"colocaciones":[{"recinto":"bosque-semejanza","jugador":1,"especie":"dino1"},{"recinto":"prado-diferencia","jugador":2,"especie":"dino3"}],"jugador2":"asdasd"}
[23-Sep-2025 08:23:23 America/Montevideo] ✅ JSON decodificado correctamente
[23-Sep-2025 08:23:23 America/Montevideo] Datos principales: {"id":133,"partidaId":133,"ronda":1,"colocaciones_count":2}
[23-Sep-2025 08:23:23 America/Montevideo] ✅ ID de partida válido: 133
[23-Sep-2025 08:23:23 America/Montevideo] ✅ Acceso validado correctamente
[23-Sep-2025 08:23:23 America/Montevideo] ✅ Validaciones pasadas: ronda=1, turno=2, jugadorActivo=2
[23-Sep-2025 08:23:23 America/Montevideo] Estado formateado para BD: {"recintos_count":2,"ronda_actual":1,"jugador_activo":2}
[23-Sep-2025 08:23:23 America/Montevideo] ✅ Partida guardada exitosamente en BD
[23-Sep-2025 08:23:51 America/Montevideo] === DEBUG GUARDAR ESTADO PARTIDA ===
[23-Sep-2025 08:23:51 America/Montevideo] Método HTTP: POST
[23-Sep-2025 08:23:51 America/Montevideo] Content-Type: application/json
[23-Sep-2025 08:23:51 America/Montevideo] === Validando estado de usuario ID: 4 ===
[23-Sep-2025 08:23:51 America/Montevideo] === UserRepository::findById(4) ===
[23-Sep-2025 08:23:51 America/Montevideo] Usuario ID 4 encontrado: martin (estado: activo)
[23-Sep-2025 08:23:51 America/Montevideo] Usuario 4 está activo
[23-Sep-2025 08:23:51 America/Montevideo] ✅ Usuario autenticado: ID=4, Username=martin
[23-Sep-2025 08:23:51 America/Montevideo] Raw input recibido (length=374): {"id":133,"partidaId":133,"ronda":1,"turno":2,"jugadorActivo":1,"jugadorQueTiroDado":2,"restriccion":2,"colocadosEnTurno":1,"mano1":["dino4","dino4","trex","dino4","dino5"],"mano2":["dino4","dino1","dino2","dino1"],"colocaciones":[{"recinto":"bosque-semejanza","jugador":1,"especie":"dino1"},{"recinto":"prado-diferencia","jugador":2,"especie":"dino3"}],"jugador2":"asdasd"}
[23-Sep-2025 08:23:51 America/Montevideo] ✅ JSON decodificado correctamente
[23-Sep-2025 08:23:51 America/Montevideo] Datos principales: {"id":133,"partidaId":133,"ronda":1,"colocaciones_count":2}
[23-Sep-2025 08:23:51 America/Montevideo] ✅ ID de partida válido: 133
[23-Sep-2025 08:23:51 America/Montevideo] ✅ Acceso validado correctamente
[23-Sep-2025 08:23:51 America/Montevideo] ✅ Validaciones pasadas: ronda=1, turno=2, jugadorActivo=1
[23-Sep-2025 08:23:51 America/Montevideo] Estado formateado para BD: {"recintos_count":2,"ronda_actual":1,"jugador_activo":1}
[23-Sep-2025 08:23:51 America/Montevideo] ✅ Partida guardada exitosamente en BD
[23-Sep-2025 08:24:21 America/Montevideo] === DEBUG GUARDAR ESTADO PARTIDA ===
[23-Sep-2025 08:24:21 America/Montevideo] Método HTTP: POST
[23-Sep-2025 08:24:21 America/Montevideo] Content-Type: application/json
[23-Sep-2025 08:24:21 America/Montevideo] === Validando estado de usuario ID: 4 ===
[23-Sep-2025 08:24:21 America/Montevideo] === UserRepository::findById(4) ===
[23-Sep-2025 08:24:21 America/Montevideo] Usuario ID 4 encontrado: martin (estado: activo)
[23-Sep-2025 08:24:21 America/Montevideo] Usuario 4 está activo
[23-Sep-2025 08:24:21 America/Montevideo] ✅ Usuario autenticado: ID=4, Username=martin
[23-Sep-2025 08:24:21 America/Montevideo] Raw input recibido (length=374): {"id":133,"partidaId":133,"ronda":1,"turno":2,"jugadorActivo":1,"jugadorQueTiroDado":2,"restriccion":2,"colocadosEnTurno":1,"mano1":["dino4","dino4","trex","dino4","dino5"],"mano2":["dino4","dino1","dino2","dino1"],"colocaciones":[{"recinto":"bosque-semejanza","jugador":1,"especie":"dino1"},{"recinto":"prado-diferencia","jugador":2,"especie":"dino3"}],"jugador2":"asdasd"}
[23-Sep-2025 08:24:21 America/Montevideo] ✅ JSON decodificado correctamente
[23-Sep-2025 08:24:21 America/Montevideo] Datos principales: {"id":133,"partidaId":133,"ronda":1,"colocaciones_count":2}
[23-Sep-2025 08:24:21 America/Montevideo] ✅ ID de partida válido: 133
[23-Sep-2025 08:24:21 America/Montevideo] ✅ Acceso validado correctamente
[23-Sep-2025 08:24:21 America/Montevideo] ✅ Validaciones pasadas: ronda=1, turno=2, jugadorActivo=1
[23-Sep-2025 08:24:21 America/Montevideo] Estado formateado para BD: {"recintos_count":2,"ronda_actual":1,"jugador_activo":1}
[23-Sep-2025 08:24:21 America/Montevideo] ✅ Partida guardada exitosamente en BD
[23-Sep-2025 08:24:31 America/Montevideo] === INICIO validarColocacionDino ===
[23-Sep-2025 08:24:31 America/Montevideo] Método: POST
[23-Sep-2025 08:24:31 America/Montevideo] Content-Type: application/json
[23-Sep-2025 08:24:31 America/Montevideo] === Validando estado de usuario ID: 4 ===
[23-Sep-2025 08:24:31 America/Montevideo] === UserRepository::findById(4) ===
[23-Sep-2025 08:24:31 America/Montevideo] Usuario ID 4 encontrado: martin (estado: activo)
[23-Sep-2025 08:24:31 America/Montevideo] Usuario 4 está activo
[23-Sep-2025 08:24:31 America/Montevideo] ✅ Usuario autenticado: 4
[23-Sep-2025 08:24:31 America/Montevideo] Datos recibidos para validación: {"partidaId":133,"restriccion":2,"recintoId":"prado-diferencia","especie":"dino4"}
[23-Sep-2025 08:24:31 America/Montevideo] ✅ COLOCACIÓN VÁLIDA: Dado tirado (restricción=2), recinto=prado-diferencia, especie=dino4
[23-Sep-2025 08:24:31 America/Montevideo] === FIN validarColocacionDino ===
[23-Sep-2025 08:24:31 America/Montevideo] === DEBUG GUARDAR ESTADO PARTIDA ===
[23-Sep-2025 08:24:31 America/Montevideo] Método HTTP: POST
[23-Sep-2025 08:24:31 America/Montevideo] Content-Type: application/json
[23-Sep-2025 08:24:31 America/Montevideo] === Validando estado de usuario ID: 4 ===
[23-Sep-2025 08:24:31 America/Montevideo] === UserRepository::findById(4) ===
[23-Sep-2025 08:24:31 America/Montevideo] Usuario ID 4 encontrado: martin (estado: activo)
[23-Sep-2025 08:24:31 America/Montevideo] Usuario 4 está activo
[23-Sep-2025 08:24:31 America/Montevideo] ✅ Usuario autenticado: ID=4, Username=martin
[23-Sep-2025 08:24:31 America/Montevideo] Raw input recibido (length=427): {"id":133,"partidaId":133,"ronda":1,"turno":2,"jugadorActivo":1,"jugadorQueTiroDado":2,"restriccion":2,"colocadosEnTurno":2,"mano1":["dino4","dino4","trex","dino5"],"mano2":["dino4","dino1","dino2","dino1"],"colocaciones":[{"recinto":"bosque-semejanza","jugador":1,"especie":"dino1"},{"recinto":"prado-diferencia","jugador":2,"especie":"dino3"},{"recinto":"prado-diferencia","jugador":1,"especie":"dino4"}],"jugador2":"asdasd"}
[23-Sep-2025 08:24:31 America/Montevideo] ✅ JSON decodificado correctamente
[23-Sep-2025 08:24:31 America/Montevideo] Datos principales: {"id":133,"partidaId":133,"ronda":1,"colocaciones_count":3}
[23-Sep-2025 08:24:31 America/Montevideo] ✅ ID de partida válido: 133
[23-Sep-2025 08:24:31 America/Montevideo] ✅ Acceso validado correctamente
[23-Sep-2025 08:24:31 America/Montevideo] ✅ Validaciones pasadas: ronda=1, turno=2, jugadorActivo=1
[23-Sep-2025 08:24:31 America/Montevideo] Estado formateado para BD: {"recintos_count":2,"ronda_actual":1,"jugador_activo":1}
[23-Sep-2025 08:24:31 America/Montevideo] ✅ Partida guardada exitosamente en BD
[23-Sep-2025 08:24:31 America/Montevideo] === DEBUG GUARDAR ESTADO PARTIDA ===
[23-Sep-2025 08:24:31 America/Montevideo] Método HTTP: POST
[23-Sep-2025 08:24:31 America/Montevideo] Content-Type: application/json
[23-Sep-2025 08:24:31 America/Montevideo] === Validando estado de usuario ID: 4 ===
[23-Sep-2025 08:24:31 America/Montevideo] === UserRepository::findById(4) ===
[23-Sep-2025 08:24:31 America/Montevideo] Usuario ID 4 encontrado: martin (estado: activo)
[23-Sep-2025 08:24:31 America/Montevideo] Usuario 4 está activo
[23-Sep-2025 08:24:31 America/Montevideo] ✅ Usuario autenticado: ID=4, Username=martin
[23-Sep-2025 08:24:31 America/Montevideo] Raw input recibido (length=430): {"id":133,"partidaId":133,"ronda":1,"turno":3,"jugadorActivo":1,"jugadorQueTiroDado":1,"restriccion":null,"colocadosEnTurno":0,"mano1":["dino4","dino1","dino2","dino1"],"mano2":["dino4","dino4","trex","dino5"],"colocaciones":[{"recinto":"bosque-semejanza","jugador":1,"especie":"dino1"},{"recinto":"prado-diferencia","jugador":2,"especie":"dino3"},{"recinto":"prado-diferencia","jugador":1,"especie":"dino4"}],"jugador2":"asdasd"}
[23-Sep-2025 08:24:31 America/Montevideo] ✅ JSON decodificado correctamente
[23-Sep-2025 08:24:31 America/Montevideo] Datos principales: {"id":133,"partidaId":133,"ronda":1,"colocaciones_count":3}
[23-Sep-2025 08:24:31 America/Montevideo] ✅ ID de partida válido: 133
[23-Sep-2025 08:24:31 America/Montevideo] ✅ Acceso validado correctamente
[23-Sep-2025 08:24:31 America/Montevideo] ✅ Validaciones pasadas: ronda=1, turno=3, jugadorActivo=1
[23-Sep-2025 08:24:31 America/Montevideo] Estado formateado para BD: {"recintos_count":2,"ronda_actual":1,"jugador_activo":1}
[23-Sep-2025 08:24:31 America/Montevideo] ✅ Partida guardada exitosamente en BD
[23-Sep-2025 08:24:51 America/Montevideo] === DEBUG GUARDAR ESTADO PARTIDA ===
[23-Sep-2025 08:24:51 America/Montevideo] Método HTTP: POST
[23-Sep-2025 08:24:51 America/Montevideo] Content-Type: application/json
[23-Sep-2025 08:24:51 America/Montevideo] === Validando estado de usuario ID: 4 ===
[23-Sep-2025 08:24:51 America/Montevideo] === UserRepository::findById(4) ===
[23-Sep-2025 08:24:51 America/Montevideo] Usuario ID 4 encontrado: martin (estado: activo)
[23-Sep-2025 08:24:51 America/Montevideo] Usuario 4 está activo
[23-Sep-2025 08:24:51 America/Montevideo] ✅ Usuario autenticado: ID=4, Username=martin
[23-Sep-2025 08:24:51 America/Montevideo] Raw input recibido (length=308): {"id":133,"partidaId":133,"ronda":1,"turno":3,"jugadorActivo":1,"jugadorQueTiroDado":1,"restriccion":null,"colocadosEnTurno":0,"mano1":["dino4","dino1","dino2","dino1"],"mano2":["dino4","dino4","trex","dino5"],"colocaciones":[{"recinto":"bosque-semejanza","jugador":1,"especie":"dino1"}],"jugador2":"asdasd"}
[23-Sep-2025 08:24:51 America/Montevideo] ✅ JSON decodificado correctamente
[23-Sep-2025 08:24:51 America/Montevideo] Datos principales: {"id":133,"partidaId":133,"ronda":1,"colocaciones_count":1}
[23-Sep-2025 08:24:51 America/Montevideo] ✅ ID de partida válido: 133
[23-Sep-2025 08:24:51 America/Montevideo] ✅ Acceso validado correctamente
[23-Sep-2025 08:24:51 America/Montevideo] ✅ Validaciones pasadas: ronda=1, turno=3, jugadorActivo=1
[23-Sep-2025 08:24:51 America/Montevideo] Estado formateado para BD: {"recintos_count":1,"ronda_actual":1,"jugador_activo":1}
[23-Sep-2025 08:24:51 America/Montevideo] ✅ Partida guardada exitosamente en BD
[23-Sep-2025 08:25:21 America/Montevideo] === DEBUG GUARDAR ESTADO PARTIDA ===
[23-Sep-2025 08:25:21 America/Montevideo] Método HTTP: POST
[23-Sep-2025 08:25:21 America/Montevideo] Content-Type: application/json
[23-Sep-2025 08:25:21 America/Montevideo] === Validando estado de usuario ID: 4 ===
[23-Sep-2025 08:25:21 America/Montevideo] === UserRepository::findById(4) ===
[23-Sep-2025 08:25:21 America/Montevideo] Usuario ID 4 encontrado: martin (estado: activo)
[23-Sep-2025 08:25:21 America/Montevideo] Usuario 4 está activo
[23-Sep-2025 08:25:21 America/Montevideo] ✅ Usuario autenticado: ID=4, Username=martin
[23-Sep-2025 08:25:21 America/Montevideo] Raw input recibido (length=308): {"id":133,"partidaId":133,"ronda":1,"turno":3,"jugadorActivo":1,"jugadorQueTiroDado":1,"restriccion":null,"colocadosEnTurno":0,"mano1":["dino4","dino1","dino2","dino1"],"mano2":["dino4","dino4","trex","dino5"],"colocaciones":[{"recinto":"bosque-semejanza","jugador":1,"especie":"dino1"}],"jugador2":"asdasd"}
[23-Sep-2025 08:25:21 America/Montevideo] ✅ JSON decodificado correctamente
[23-Sep-2025 08:25:21 America/Montevideo] Datos principales: {"id":133,"partidaId":133,"ronda":1,"colocaciones_count":1}
[23-Sep-2025 08:25:21 America/Montevideo] ✅ ID de partida válido: 133
[23-Sep-2025 08:25:21 America/Montevideo] ✅ Acceso validado correctamente
[23-Sep-2025 08:25:21 America/Montevideo] ✅ Validaciones pasadas: ronda=1, turno=3, jugadorActivo=1
[23-Sep-2025 08:25:21 America/Montevideo] Estado formateado para BD: {"recintos_count":1,"ronda_actual":1,"jugador_activo":1}
[23-Sep-2025 08:25:21 America/Montevideo] ✅ Partida guardada exitosamente en BD
[23-Sep-2025 08:25:51 America/Montevideo] === DEBUG GUARDAR ESTADO PARTIDA ===
[23-Sep-2025 08:25:51 America/Montevideo] Método HTTP: POST
[23-Sep-2025 08:25:51 America/Montevideo] Content-Type: application/json
[23-Sep-2025 08:25:51 America/Montevideo] === Validando estado de usuario ID: 4 ===
[23-Sep-2025 08:25:51 America/Montevideo] === UserRepository::findById(4) ===
[23-Sep-2025 08:25:51 America/Montevideo] Usuario ID 4 encontrado: martin (estado: activo)
[23-Sep-2025 08:25:51 America/Montevideo] Usuario 4 está activo
[23-Sep-2025 08:25:51 America/Montevideo] ✅ Usuario autenticado: ID=4, Username=martin
[23-Sep-2025 08:25:51 America/Montevideo] Raw input recibido (length=308): {"id":133,"partidaId":133,"ronda":1,"turno":3,"jugadorActivo":1,"jugadorQueTiroDado":1,"restriccion":null,"colocadosEnTurno":0,"mano1":["dino4","dino1","dino2","dino1"],"mano2":["dino4","dino4","trex","dino5"],"colocaciones":[{"recinto":"bosque-semejanza","jugador":1,"especie":"dino1"}],"jugador2":"asdasd"}
[23-Sep-2025 08:25:51 America/Montevideo] ✅ JSON decodificado correctamente
[23-Sep-2025 08:25:51 America/Montevideo] Datos principales: {"id":133,"partidaId":133,"ronda":1,"colocaciones_count":1}
[23-Sep-2025 08:25:51 America/Montevideo] ✅ ID de partida válido: 133
[23-Sep-2025 08:25:51 America/Montevideo] ✅ Acceso validado correctamente
[23-Sep-2025 08:25:51 America/Montevideo] ✅ Validaciones pasadas: ronda=1, turno=3, jugadorActivo=1
[23-Sep-2025 08:25:51 America/Montevideo] Estado formateado para BD: {"recintos_count":1,"ronda_actual":1,"jugador_activo":1}
[23-Sep-2025 08:25:51 America/Montevideo] ✅ Partida guardada exitosamente en BD
[23-Sep-2025 08:26:21 America/Montevideo] === DEBUG GUARDAR ESTADO PARTIDA ===
[23-Sep-2025 08:26:21 America/Montevideo] Método HTTP: POST
[23-Sep-2025 08:26:21 America/Montevideo] Content-Type: application/json
[23-Sep-2025 08:26:21 America/Montevideo] === Validando estado de usuario ID: 4 ===
[23-Sep-2025 08:26:21 America/Montevideo] === UserRepository::findById(4) ===
[23-Sep-2025 08:26:21 America/Montevideo] Usuario ID 4 encontrado: martin (estado: activo)
[23-Sep-2025 08:26:21 America/Montevideo] Usuario 4 está activo
[23-Sep-2025 08:26:21 America/Montevideo] ✅ Usuario autenticado: ID=4, Username=martin
[23-Sep-2025 08:26:21 America/Montevideo] Raw input recibido (length=308): {"id":133,"partidaId":133,"ronda":1,"turno":3,"jugadorActivo":1,"jugadorQueTiroDado":1,"restriccion":null,"colocadosEnTurno":0,"mano1":["dino4","dino1","dino2","dino1"],"mano2":["dino4","dino4","trex","dino5"],"colocaciones":[{"recinto":"bosque-semejanza","jugador":1,"especie":"dino1"}],"jugador2":"asdasd"}
[23-Sep-2025 08:26:21 America/Montevideo] ✅ JSON decodificado correctamente
[23-Sep-2025 08:26:21 America/Montevideo] Datos principales: {"id":133,"partidaId":133,"ronda":1,"colocaciones_count":1}
[23-Sep-2025 08:26:21 America/Montevideo] ✅ ID de partida válido: 133
[23-Sep-2025 08:26:21 America/Montevideo] ✅ Acceso validado correctamente
[23-Sep-2025 08:26:21 America/Montevideo] ✅ Validaciones pasadas: ronda=1, turno=3, jugadorActivo=1
[23-Sep-2025 08:26:21 America/Montevideo] Estado formateado para BD: {"recintos_count":1,"ronda_actual":1,"jugador_activo":1}
[23-Sep-2025 08:26:21 America/Montevideo] ✅ Partida guardada exitosamente en BD
[23-Sep-2025 08:26:51 America/Montevideo] === DEBUG GUARDAR ESTADO PARTIDA ===
[23-Sep-2025 08:26:51 America/Montevideo] Método HTTP: POST
[23-Sep-2025 08:26:51 America/Montevideo] Content-Type: application/json
[23-Sep-2025 08:26:51 America/Montevideo] === Validando estado de usuario ID: 4 ===
[23-Sep-2025 08:26:51 America/Montevideo] === UserRepository::findById(4) ===
[23-Sep-2025 08:26:51 America/Montevideo] Usuario ID 4 encontrado: martin (estado: activo)
[23-Sep-2025 08:26:51 America/Montevideo] Usuario 4 está activo
[23-Sep-2025 08:26:51 America/Montevideo] ✅ Usuario autenticado: ID=4, Username=martin
[23-Sep-2025 08:26:51 America/Montevideo] Raw input recibido (length=308): {"id":133,"partidaId":133,"ronda":1,"turno":3,"jugadorActivo":1,"jugadorQueTiroDado":1,"restriccion":null,"colocadosEnTurno":0,"mano1":["dino4","dino1","dino2","dino1"],"mano2":["dino4","dino4","trex","dino5"],"colocaciones":[{"recinto":"bosque-semejanza","jugador":1,"especie":"dino1"}],"jugador2":"asdasd"}
[23-Sep-2025 08:26:51 America/Montevideo] ✅ JSON decodificado correctamente
[23-Sep-2025 08:26:51 America/Montevideo] Datos principales: {"id":133,"partidaId":133,"ronda":1,"colocaciones_count":1}
[23-Sep-2025 08:26:51 America/Montevideo] ✅ ID de partida válido: 133
[23-Sep-2025 08:26:51 America/Montevideo] ✅ Acceso validado correctamente
[23-Sep-2025 08:26:51 America/Montevideo] ✅ Validaciones pasadas: ronda=1, turno=3, jugadorActivo=1
[23-Sep-2025 08:26:51 America/Montevideo] Estado formateado para BD: {"recintos_count":1,"ronda_actual":1,"jugador_activo":1}
[23-Sep-2025 08:26:51 America/Montevideo] ✅ Partida guardada exitosamente en BD
[23-Sep-2025 08:27:21 America/Montevideo] === DEBUG GUARDAR ESTADO PARTIDA ===
[23-Sep-2025 08:27:21 America/Montevideo] Método HTTP: POST
[23-Sep-2025 08:27:21 America/Montevideo] Content-Type: application/json
[23-Sep-2025 08:27:21 America/Montevideo] === Validando estado de usuario ID: 4 ===
[23-Sep-2025 08:27:21 America/Montevideo] === UserRepository::findById(4) ===
[23-Sep-2025 08:27:21 America/Montevideo] Usuario ID 4 encontrado: martin (estado: activo)
[23-Sep-2025 08:27:21 America/Montevideo] Usuario 4 está activo
[23-Sep-2025 08:27:21 America/Montevideo] ✅ Usuario autenticado: ID=4, Username=martin
[23-Sep-2025 08:27:21 America/Montevideo] Raw input recibido (length=308): {"id":133,"partidaId":133,"ronda":1,"turno":3,"jugadorActivo":1,"jugadorQueTiroDado":1,"restriccion":null,"colocadosEnTurno":0,"mano1":["dino4","dino1","dino2","dino1"],"mano2":["dino4","dino4","trex","dino5"],"colocaciones":[{"recinto":"bosque-semejanza","jugador":1,"especie":"dino1"}],"jugador2":"asdasd"}
[23-Sep-2025 08:27:21 America/Montevideo] ✅ JSON decodificado correctamente
[23-Sep-2025 08:27:21 America/Montevideo] Datos principales: {"id":133,"partidaId":133,"ronda":1,"colocaciones_count":1}
[23-Sep-2025 08:27:21 America/Montevideo] ✅ ID de partida válido: 133
[23-Sep-2025 08:27:21 America/Montevideo] ✅ Acceso validado correctamente
[23-Sep-2025 08:27:21 America/Montevideo] ✅ Validaciones pasadas: ronda=1, turno=3, jugadorActivo=1
[23-Sep-2025 08:27:21 America/Montevideo] Estado formateado para BD: {"recintos_count":1,"ronda_actual":1,"jugador_activo":1}
[23-Sep-2025 08:27:21 America/Montevideo] ✅ Partida guardada exitosamente en BD
[23-Sep-2025 08:27:51 America/Montevideo] === DEBUG GUARDAR ESTADO PARTIDA ===
[23-Sep-2025 08:27:51 America/Montevideo] Método HTTP: POST
[23-Sep-2025 08:27:51 America/Montevideo] Content-Type: application/json
[23-Sep-2025 08:27:51 America/Montevideo] === Validando estado de usuario ID: 4 ===
[23-Sep-2025 08:27:51 America/Montevideo] === UserRepository::findById(4) ===
[23-Sep-2025 08:27:51 America/Montevideo] Usuario ID 4 encontrado: martin (estado: activo)
[23-Sep-2025 08:27:51 America/Montevideo] Usuario 4 está activo
[23-Sep-2025 08:27:51 America/Montevideo] ✅ Usuario autenticado: ID=4, Username=martin
[23-Sep-2025 08:27:51 America/Montevideo] Raw input recibido (length=308): {"id":133,"partidaId":133,"ronda":1,"turno":3,"jugadorActivo":1,"jugadorQueTiroDado":1,"restriccion":null,"colocadosEnTurno":0,"mano1":["dino4","dino1","dino2","dino1"],"mano2":["dino4","dino4","trex","dino5"],"colocaciones":[{"recinto":"bosque-semejanza","jugador":1,"especie":"dino1"}],"jugador2":"asdasd"}
[23-Sep-2025 08:27:51 America/Montevideo] ✅ JSON decodificado correctamente
[23-Sep-2025 08:27:51 America/Montevideo] Datos principales: {"id":133,"partidaId":133,"ronda":1,"colocaciones_count":1}
[23-Sep-2025 08:27:51 America/Montevideo] ✅ ID de partida válido: 133
[23-Sep-2025 08:27:51 America/Montevideo] ✅ Acceso validado correctamente
[23-Sep-2025 08:27:51 America/Montevideo] ✅ Validaciones pasadas: ronda=1, turno=3, jugadorActivo=1
[23-Sep-2025 08:27:51 America/Montevideo] Estado formateado para BD: {"recintos_count":1,"ronda_actual":1,"jugador_activo":1}
[23-Sep-2025 08:27:51 America/Montevideo] ✅ Partida guardada exitosamente en BD
[23-Sep-2025 08:28:21 America/Montevideo] === DEBUG GUARDAR ESTADO PARTIDA ===
[23-Sep-2025 08:28:21 America/Montevideo] Método HTTP: POST
[23-Sep-2025 08:28:21 America/Montevideo] Content-Type: application/json
[23-Sep-2025 08:28:21 America/Montevideo] === Validando estado de usuario ID: 4 ===
[23-Sep-2025 08:28:21 America/Montevideo] === UserRepository::findById(4) ===
[23-Sep-2025 08:28:21 America/Montevideo] Usuario ID 4 encontrado: martin (estado: activo)
[23-Sep-2025 08:28:21 America/Montevideo] Usuario 4 está activo
[23-Sep-2025 08:28:21 America/Montevideo] ✅ Usuario autenticado: ID=4, Username=martin
[23-Sep-2025 08:28:21 America/Montevideo] Raw input recibido (length=308): {"id":133,"partidaId":133,"ronda":1,"turno":3,"jugadorActivo":1,"jugadorQueTiroDado":1,"restriccion":null,"colocadosEnTurno":0,"mano1":["dino4","dino1","dino2","dino1"],"mano2":["dino4","dino4","trex","dino5"],"colocaciones":[{"recinto":"bosque-semejanza","jugador":1,"especie":"dino1"}],"jugador2":"asdasd"}
[23-Sep-2025 08:28:21 America/Montevideo] ✅ JSON decodificado correctamente
[23-Sep-2025 08:28:21 America/Montevideo] Datos principales: {"id":133,"partidaId":133,"ronda":1,"colocaciones_count":1}
[23-Sep-2025 08:28:21 America/Montevideo] ✅ ID de partida válido: 133
[23-Sep-2025 08:28:21 America/Montevideo] ✅ Acceso validado correctamente
[23-Sep-2025 08:28:21 America/Montevideo] ✅ Validaciones pasadas: ronda=1, turno=3, jugadorActivo=1
[23-Sep-2025 08:28:21 America/Montevideo] Estado formateado para BD: {"recintos_count":1,"ronda_actual":1,"jugador_activo":1}
[23-Sep-2025 08:28:21 America/Montevideo] ✅ Partida guardada exitosamente en BD
[23-Sep-2025 08:28:51 America/Montevideo] === DEBUG GUARDAR ESTADO PARTIDA ===
[23-Sep-2025 08:28:51 America/Montevideo] Método HTTP: POST
[23-Sep-2025 08:28:51 America/Montevideo] Content-Type: application/json
[23-Sep-2025 08:28:51 America/Montevideo] === Validando estado de usuario ID: 4 ===
[23-Sep-2025 08:28:51 America/Montevideo] === UserRepository::findById(4) ===
[23-Sep-2025 08:28:51 America/Montevideo] Usuario ID 4 encontrado: martin (estado: activo)
[23-Sep-2025 08:28:51 America/Montevideo] Usuario 4 está activo
[23-Sep-2025 08:28:51 America/Montevideo] ✅ Usuario autenticado: ID=4, Username=martin
[23-Sep-2025 08:28:51 America/Montevideo] Raw input recibido (length=308): {"id":133,"partidaId":133,"ronda":1,"turno":3,"jugadorActivo":1,"jugadorQueTiroDado":1,"restriccion":null,"colocadosEnTurno":0,"mano1":["dino4","dino1","dino2","dino1"],"mano2":["dino4","dino4","trex","dino5"],"colocaciones":[{"recinto":"bosque-semejanza","jugador":1,"especie":"dino1"}],"jugador2":"asdasd"}
[23-Sep-2025 08:28:51 America/Montevideo] ✅ JSON decodificado correctamente
[23-Sep-2025 08:28:51 America/Montevideo] Datos principales: {"id":133,"partidaId":133,"ronda":1,"colocaciones_count":1}
[23-Sep-2025 08:28:51 America/Montevideo] ✅ ID de partida válido: 133
[23-Sep-2025 08:28:51 America/Montevideo] ✅ Acceso validado correctamente
[23-Sep-2025 08:28:51 America/Montevideo] ✅ Validaciones pasadas: ronda=1, turno=3, jugadorActivo=1
[23-Sep-2025 08:28:51 America/Montevideo] Estado formateado para BD: {"recintos_count":1,"ronda_actual":1,"jugador_activo":1}
[23-Sep-2025 08:28:51 America/Montevideo] ✅ Partida guardada exitosamente en BD
[23-Sep-2025 08:29:21 America/Montevideo] === DEBUG GUARDAR ESTADO PARTIDA ===
[23-Sep-2025 08:29:21 America/Montevideo] Método HTTP: POST
[23-Sep-2025 08:29:21 America/Montevideo] Content-Type: application/json
[23-Sep-2025 08:29:21 America/Montevideo] === Validando estado de usuario ID: 4 ===
[23-Sep-2025 08:29:21 America/Montevideo] === UserRepository::findById(4) ===
[23-Sep-2025 08:29:21 America/Montevideo] Usuario ID 4 encontrado: martin (estado: activo)
[23-Sep-2025 08:29:21 America/Montevideo] Usuario 4 está activo
[23-Sep-2025 08:29:21 America/Montevideo] ✅ Usuario autenticado: ID=4, Username=martin
[23-Sep-2025 08:29:21 America/Montevideo] Raw input recibido (length=308): {"id":133,"partidaId":133,"ronda":1,"turno":3,"jugadorActivo":1,"jugadorQueTiroDado":1,"restriccion":null,"colocadosEnTurno":0,"mano1":["dino4","dino1","dino2","dino1"],"mano2":["dino4","dino4","trex","dino5"],"colocaciones":[{"recinto":"bosque-semejanza","jugador":1,"especie":"dino1"}],"jugador2":"asdasd"}
[23-Sep-2025 08:29:21 America/Montevideo] ✅ JSON decodificado correctamente
[23-Sep-2025 08:29:21 America/Montevideo] Datos principales: {"id":133,"partidaId":133,"ronda":1,"colocaciones_count":1}
[23-Sep-2025 08:29:21 America/Montevideo] ✅ ID de partida válido: 133
[23-Sep-2025 08:29:21 America/Montevideo] ✅ Acceso validado correctamente
[23-Sep-2025 08:29:21 America/Montevideo] ✅ Validaciones pasadas: ronda=1, turno=3, jugadorActivo=1
[23-Sep-2025 08:29:21 America/Montevideo] Estado formateado para BD: {"recintos_count":1,"ronda_actual":1,"jugador_activo":1}
[23-Sep-2025 08:29:21 America/Montevideo] ✅ Partida guardada exitosamente en BD
[23-Sep-2025 08:29:51 America/Montevideo] === DEBUG GUARDAR ESTADO PARTIDA ===
[23-Sep-2025 08:29:51 America/Montevideo] Método HTTP: POST
[23-Sep-2025 08:29:51 America/Montevideo] Content-Type: application/json
[23-Sep-2025 08:29:51 America/Montevideo] === Validando estado de usuario ID: 4 ===
[23-Sep-2025 08:29:51 America/Montevideo] === UserRepository::findById(4) ===
[23-Sep-2025 08:29:51 America/Montevideo] Usuario ID 4 encontrado: martin (estado: activo)
[23-Sep-2025 08:29:51 America/Montevideo] Usuario 4 está activo
[23-Sep-2025 08:29:51 America/Montevideo] ✅ Usuario autenticado: ID=4, Username=martin
[23-Sep-2025 08:29:51 America/Montevideo] Raw input recibido (length=308): {"id":133,"partidaId":133,"ronda":1,"turno":3,"jugadorActivo":1,"jugadorQueTiroDado":1,"restriccion":null,"colocadosEnTurno":0,"mano1":["dino4","dino1","dino2","dino1"],"mano2":["dino4","dino4","trex","dino5"],"colocaciones":[{"recinto":"bosque-semejanza","jugador":1,"especie":"dino1"}],"jugador2":"asdasd"}
[23-Sep-2025 08:29:51 America/Montevideo] ✅ JSON decodificado correctamente
[23-Sep-2025 08:29:51 America/Montevideo] Datos principales: {"id":133,"partidaId":133,"ronda":1,"colocaciones_count":1}
[23-Sep-2025 08:29:51 America/Montevideo] ✅ ID de partida válido: 133
[23-Sep-2025 08:29:51 America/Montevideo] ✅ Acceso validado correctamente
[23-Sep-2025 08:29:51 America/Montevideo] ✅ Validaciones pasadas: ronda=1, turno=3, jugadorActivo=1
[23-Sep-2025 08:29:51 America/Montevideo] Estado formateado para BD: {"recintos_count":1,"ronda_actual":1,"jugador_activo":1}
[23-Sep-2025 08:29:51 America/Montevideo] ✅ Partida guardada exitosamente en BD
[23-Sep-2025 08:29:59 America/Montevideo] === DEBUG GUARDAR ESTADO PARTIDA ===
[23-Sep-2025 08:29:59 America/Montevideo] Método HTTP: POST
[23-Sep-2025 08:29:59 America/Montevideo] Content-Type: application/json
[23-Sep-2025 08:29:59 America/Montevideo] === Validando estado de usuario ID: 4 ===
[23-Sep-2025 08:29:59 America/Montevideo] === UserRepository::findById(4) ===
[23-Sep-2025 08:29:59 America/Montevideo] Usuario ID 4 encontrado: martin (estado: activo)
[23-Sep-2025 08:29:59 America/Montevideo] Usuario 4 está activo
[23-Sep-2025 08:29:59 America/Montevideo] ✅ Usuario autenticado: ID=4, Username=martin
[23-Sep-2025 08:29:59 America/Montevideo] Raw input recibido (length=308): {"id":133,"partidaId":133,"ronda":1,"turno":3,"jugadorActivo":1,"jugadorQueTiroDado":1,"restriccion":null,"colocadosEnTurno":0,"mano1":["dino4","dino1","dino2","dino1"],"mano2":["dino4","dino4","trex","dino5"],"colocaciones":[{"recinto":"bosque-semejanza","jugador":1,"especie":"dino1"}],"jugador2":"asdasd"}
[23-Sep-2025 08:29:59 America/Montevideo] ✅ JSON decodificado correctamente
[23-Sep-2025 08:29:59 America/Montevideo] Datos principales: {"id":133,"partidaId":133,"ronda":1,"colocaciones_count":1}
[23-Sep-2025 08:29:59 America/Montevideo] ✅ ID de partida válido: 133
[23-Sep-2025 08:29:59 America/Montevideo] ✅ Acceso validado correctamente
[23-Sep-2025 08:29:59 America/Montevideo] ✅ Validaciones pasadas: ronda=1, turno=3, jugadorActivo=1
[23-Sep-2025 08:29:59 America/Montevideo] Estado formateado para BD: {"recintos_count":1,"ronda_actual":1,"jugador_activo":1}
[23-Sep-2025 08:29:59 America/Montevideo] ✅ Partida guardada exitosamente en BD
[23-Sep-2025 08:30:22 America/Montevideo] === DEBUG GUARDAR ESTADO PARTIDA ===
[23-Sep-2025 08:30:22 America/Montevideo] Método HTTP: POST
[23-Sep-2025 08:30:22 America/Montevideo] Content-Type: application/json
[23-Sep-2025 08:30:22 America/Montevideo] === Validando estado de usuario ID: 4 ===
[23-Sep-2025 08:30:22 America/Montevideo] === UserRepository::findById(4) ===
[23-Sep-2025 08:30:22 America/Montevideo] Usuario ID 4 encontrado: martin (estado: activo)
[23-Sep-2025 08:30:22 America/Montevideo] Usuario 4 está activo
[23-Sep-2025 08:30:22 America/Montevideo] ✅ Usuario autenticado: ID=4, Username=martin
[23-Sep-2025 08:30:22 America/Montevideo] Raw input recibido (length=308): {"id":133,"partidaId":133,"ronda":1,"turno":3,"jugadorActivo":1,"jugadorQueTiroDado":1,"restriccion":null,"colocadosEnTurno":0,"mano1":["dino4","dino1","dino2","dino1"],"mano2":["dino4","dino4","trex","dino5"],"colocaciones":[{"recinto":"bosque-semejanza","jugador":1,"especie":"dino1"}],"jugador2":"asdasd"}
[23-Sep-2025 08:30:22 America/Montevideo] ✅ JSON decodificado correctamente
[23-Sep-2025 08:30:22 America/Montevideo] Datos principales: {"id":133,"partidaId":133,"ronda":1,"colocaciones_count":1}
[23-Sep-2025 08:30:22 America/Montevideo] ✅ ID de partida válido: 133
[23-Sep-2025 08:30:22 America/Montevideo] ✅ Acceso validado correctamente
[23-Sep-2025 08:30:22 America/Montevideo] ✅ Validaciones pasadas: ronda=1, turno=3, jugadorActivo=1
[23-Sep-2025 08:30:22 America/Montevideo] Estado formateado para BD: {"recintos_count":1,"ronda_actual":1,"jugador_activo":1}
[23-Sep-2025 08:30:22 America/Montevideo] ✅ Partida guardada exitosamente en BD
[23-Sep-2025 08:30:52 America/Montevideo] === DEBUG GUARDAR ESTADO PARTIDA ===
[23-Sep-2025 08:30:52 America/Montevideo] Método HTTP: POST
[23-Sep-2025 08:30:52 America/Montevideo] Content-Type: application/json
[23-Sep-2025 08:30:52 America/Montevideo] === Validando estado de usuario ID: 4 ===
[23-Sep-2025 08:30:52 America/Montevideo] === UserRepository::findById(4) ===
[23-Sep-2025 08:30:52 America/Montevideo] Usuario ID 4 encontrado: martin (estado: activo)
[23-Sep-2025 08:30:52 America/Montevideo] Usuario 4 está activo
[23-Sep-2025 08:30:52 America/Montevideo] ✅ Usuario autenticado: ID=4, Username=martin
[23-Sep-2025 08:30:52 America/Montevideo] Raw input recibido (length=308): {"id":133,"partidaId":133,"ronda":1,"turno":3,"jugadorActivo":1,"jugadorQueTiroDado":1,"restriccion":null,"colocadosEnTurno":0,"mano1":["dino4","dino1","dino2","dino1"],"mano2":["dino4","dino4","trex","dino5"],"colocaciones":[{"recinto":"bosque-semejanza","jugador":1,"especie":"dino1"}],"jugador2":"asdasd"}
[23-Sep-2025 08:30:52 America/Montevideo] ✅ JSON decodificado correctamente
[23-Sep-2025 08:30:52 America/Montevideo] Datos principales: {"id":133,"partidaId":133,"ronda":1,"colocaciones_count":1}
[23-Sep-2025 08:30:52 America/Montevideo] ✅ ID de partida válido: 133
[23-Sep-2025 08:30:52 America/Montevideo] ✅ Acceso validado correctamente
[23-Sep-2025 08:30:52 America/Montevideo] ✅ Validaciones pasadas: ronda=1, turno=3, jugadorActivo=1
[23-Sep-2025 08:30:52 America/Montevideo] Estado formateado para BD: {"recintos_count":1,"ronda_actual":1,"jugador_activo":1}
[23-Sep-2025 08:30:52 America/Montevideo] ✅ Partida guardada exitosamente en BD
[23-Sep-2025 08:31:44 America/Montevideo] === DEBUG GUARDAR ESTADO PARTIDA ===
[23-Sep-2025 08:31:44 America/Montevideo] Método HTTP: POST
[23-Sep-2025 08:31:44 America/Montevideo] Content-Type: application/json
[23-Sep-2025 08:31:44 America/Montevideo] === Validando estado de usuario ID: 4 ===
[23-Sep-2025 08:31:44 America/Montevideo] === UserRepository::findById(4) ===
[23-Sep-2025 08:31:44 America/Montevideo] Usuario ID 4 encontrado: martin (estado: activo)
[23-Sep-2025 08:31:44 America/Montevideo] Usuario 4 está activo
[23-Sep-2025 08:31:44 America/Montevideo] ✅ Usuario autenticado: ID=4, Username=martin
[23-Sep-2025 08:31:44 America/Montevideo] Raw input recibido (length=308): {"id":133,"partidaId":133,"ronda":1,"turno":3,"jugadorActivo":1,"jugadorQueTiroDado":1,"restriccion":null,"colocadosEnTurno":0,"mano1":["dino4","dino1","dino2","dino1"],"mano2":["dino4","dino4","trex","dino5"],"colocaciones":[{"recinto":"bosque-semejanza","jugador":1,"especie":"dino1"}],"jugador2":"asdasd"}
[23-Sep-2025 08:31:44 America/Montevideo] ✅ JSON decodificado correctamente
[23-Sep-2025 08:31:44 America/Montevideo] Datos principales: {"id":133,"partidaId":133,"ronda":1,"colocaciones_count":1}
[23-Sep-2025 08:31:44 America/Montevideo] ✅ ID de partida válido: 133
[23-Sep-2025 08:31:44 America/Montevideo] ✅ Acceso validado correctamente
[23-Sep-2025 08:31:44 America/Montevideo] ✅ Validaciones pasadas: ronda=1, turno=3, jugadorActivo=1
[23-Sep-2025 08:31:44 America/Montevideo] Estado formateado para BD: {"recintos_count":1,"ronda_actual":1,"jugador_activo":1}
[23-Sep-2025 08:31:44 America/Montevideo] ✅ Partida guardada exitosamente en BD
[23-Sep-2025 08:32:44 America/Montevideo] === DEBUG GUARDAR ESTADO PARTIDA ===
[23-Sep-2025 08:32:44 America/Montevideo] Método HTTP: POST
[23-Sep-2025 08:32:44 America/Montevideo] Content-Type: application/json
[23-Sep-2025 08:32:44 America/Montevideo] === Validando estado de usuario ID: 4 ===
[23-Sep-2025 08:32:44 America/Montevideo] === UserRepository::findById(4) ===
[23-Sep-2025 08:32:44 America/Montevideo] Usuario ID 4 encontrado: martin (estado: activo)
[23-Sep-2025 08:32:44 America/Montevideo] Usuario 4 está activo
[23-Sep-2025 08:32:44 America/Montevideo] ✅ Usuario autenticado: ID=4, Username=martin
[23-Sep-2025 08:32:44 America/Montevideo] Raw input recibido (length=308): {"id":133,"partidaId":133,"ronda":1,"turno":3,"jugadorActivo":1,"jugadorQueTiroDado":1,"restriccion":null,"colocadosEnTurno":0,"mano1":["dino4","dino1","dino2","dino1"],"mano2":["dino4","dino4","trex","dino5"],"colocaciones":[{"recinto":"bosque-semejanza","jugador":1,"especie":"dino1"}],"jugador2":"asdasd"}
[23-Sep-2025 08:32:44 America/Montevideo] ✅ JSON decodificado correctamente
[23-Sep-2025 08:32:44 America/Montevideo] Datos principales: {"id":133,"partidaId":133,"ronda":1,"colocaciones_count":1}
[23-Sep-2025 08:32:44 America/Montevideo] ✅ ID de partida válido: 133
[23-Sep-2025 08:32:44 America/Montevideo] ✅ Acceso validado correctamente
[23-Sep-2025 08:32:44 America/Montevideo] ✅ Validaciones pasadas: ronda=1, turno=3, jugadorActivo=1
[23-Sep-2025 08:32:44 America/Montevideo] Estado formateado para BD: {"recintos_count":1,"ronda_actual":1,"jugador_activo":1}
[23-Sep-2025 08:32:44 America/Montevideo] ✅ Partida guardada exitosamente en BD
[23-Sep-2025 08:33:44 America/Montevideo] === DEBUG GUARDAR ESTADO PARTIDA ===
[23-Sep-2025 08:33:44 America/Montevideo] Método HTTP: POST
[23-Sep-2025 08:33:44 America/Montevideo] Content-Type: application/json
[23-Sep-2025 08:33:44 America/Montevideo] === Validando estado de usuario ID: 4 ===
[23-Sep-2025 08:33:44 America/Montevideo] === UserRepository::findById(4) ===
[23-Sep-2025 08:33:44 America/Montevideo] Usuario ID 4 encontrado: martin (estado: activo)
[23-Sep-2025 08:33:44 America/Montevideo] Usuario 4 está activo
[23-Sep-2025 08:33:44 America/Montevideo] ✅ Usuario autenticado: ID=4, Username=martin
[23-Sep-2025 08:33:44 America/Montevideo] Raw input recibido (length=308): {"id":133,"partidaId":133,"ronda":1,"turno":3,"jugadorActivo":1,"jugadorQueTiroDado":1,"restriccion":null,"colocadosEnTurno":0,"mano1":["dino4","dino1","dino2","dino1"],"mano2":["dino4","dino4","trex","dino5"],"colocaciones":[{"recinto":"bosque-semejanza","jugador":1,"especie":"dino1"}],"jugador2":"asdasd"}
[23-Sep-2025 08:33:44 America/Montevideo] ✅ JSON decodificado correctamente
[23-Sep-2025 08:33:44 America/Montevideo] Datos principales: {"id":133,"partidaId":133,"ronda":1,"colocaciones_count":1}
[23-Sep-2025 08:33:44 America/Montevideo] ✅ ID de partida válido: 133
[23-Sep-2025 08:33:44 America/Montevideo] ✅ Acceso validado correctamente
[23-Sep-2025 08:33:44 America/Montevideo] ✅ Validaciones pasadas: ronda=1, turno=3, jugadorActivo=1
[23-Sep-2025 08:33:44 America/Montevideo] Estado formateado para BD: {"recintos_count":1,"ronda_actual":1,"jugador_activo":1}
[23-Sep-2025 08:33:44 America/Montevideo] ✅ Partida guardada exitosamente en BD
[23-Sep-2025 08:34:44 America/Montevideo] === DEBUG GUARDAR ESTADO PARTIDA ===
[23-Sep-2025 08:34:44 America/Montevideo] Método HTTP: POST
[23-Sep-2025 08:34:44 America/Montevideo] Content-Type: application/json
[23-Sep-2025 08:34:44 America/Montevideo] === Validando estado de usuario ID: 4 ===
[23-Sep-2025 08:34:44 America/Montevideo] === UserRepository::findById(4) ===
[23-Sep-2025 08:34:44 America/Montevideo] Usuario ID 4 encontrado: martin (estado: activo)
[23-Sep-2025 08:34:44 America/Montevideo] Usuario 4 está activo
[23-Sep-2025 08:34:44 America/Montevideo] ✅ Usuario autenticado: ID=4, Username=martin
[23-Sep-2025 08:34:44 America/Montevideo] Raw input recibido (length=308): {"id":133,"partidaId":133,"ronda":1,"turno":3,"jugadorActivo":1,"jugadorQueTiroDado":1,"restriccion":null,"colocadosEnTurno":0,"mano1":["dino4","dino1","dino2","dino1"],"mano2":["dino4","dino4","trex","dino5"],"colocaciones":[{"recinto":"bosque-semejanza","jugador":1,"especie":"dino1"}],"jugador2":"asdasd"}
[23-Sep-2025 08:34:44 America/Montevideo] ✅ JSON decodificado correctamente
[23-Sep-2025 08:34:44 America/Montevideo] Datos principales: {"id":133,"partidaId":133,"ronda":1,"colocaciones_count":1}
[23-Sep-2025 08:34:44 America/Montevideo] ✅ ID de partida válido: 133
[23-Sep-2025 08:34:44 America/Montevideo] ✅ Acceso validado correctamente
[23-Sep-2025 08:34:44 America/Montevideo] ✅ Validaciones pasadas: ronda=1, turno=3, jugadorActivo=1
[23-Sep-2025 08:34:44 America/Montevideo] Estado formateado para BD: {"recintos_count":1,"ronda_actual":1,"jugador_activo":1}
[23-Sep-2025 08:34:44 America/Montevideo] ✅ Partida guardada exitosamente en BD
[23-Sep-2025 08:35:44 America/Montevideo] === DEBUG GUARDAR ESTADO PARTIDA ===
[23-Sep-2025 08:35:44 America/Montevideo] Método HTTP: POST
[23-Sep-2025 08:35:44 America/Montevideo] Content-Type: application/json
[23-Sep-2025 08:35:44 America/Montevideo] === Validando estado de usuario ID: 4 ===
[23-Sep-2025 08:35:44 America/Montevideo] === UserRepository::findById(4) ===
[23-Sep-2025 08:35:44 America/Montevideo] Usuario ID 4 encontrado: martin (estado: activo)
[23-Sep-2025 08:35:44 America/Montevideo] Usuario 4 está activo
[23-Sep-2025 08:35:44 America/Montevideo] ✅ Usuario autenticado: ID=4, Username=martin
[23-Sep-2025 08:35:44 America/Montevideo] Raw input recibido (length=308): {"id":133,"partidaId":133,"ronda":1,"turno":3,"jugadorActivo":1,"jugadorQueTiroDado":1,"restriccion":null,"colocadosEnTurno":0,"mano1":["dino4","dino1","dino2","dino1"],"mano2":["dino4","dino4","trex","dino5"],"colocaciones":[{"recinto":"bosque-semejanza","jugador":1,"especie":"dino1"}],"jugador2":"asdasd"}
[23-Sep-2025 08:35:44 America/Montevideo] ✅ JSON decodificado correctamente
[23-Sep-2025 08:35:44 America/Montevideo] Datos principales: {"id":133,"partidaId":133,"ronda":1,"colocaciones_count":1}
[23-Sep-2025 08:35:44 America/Montevideo] ✅ ID de partida válido: 133
[23-Sep-2025 08:35:44 America/Montevideo] ✅ Acceso validado correctamente
[23-Sep-2025 08:35:44 America/Montevideo] ✅ Validaciones pasadas: ronda=1, turno=3, jugadorActivo=1
[23-Sep-2025 08:35:44 America/Montevideo] Estado formateado para BD: {"recintos_count":1,"ronda_actual":1,"jugador_activo":1}
[23-Sep-2025 08:35:44 America/Montevideo] ✅ Partida guardada exitosamente en BD
[23-Sep-2025 08:36:44 America/Montevideo] === DEBUG GUARDAR ESTADO PARTIDA ===
[23-Sep-2025 08:36:44 America/Montevideo] Método HTTP: POST
[23-Sep-2025 08:36:44 America/Montevideo] Content-Type: application/json
[23-Sep-2025 08:36:44 America/Montevideo] === Validando estado de usuario ID: 4 ===
[23-Sep-2025 08:36:44 America/Montevideo] === UserRepository::findById(4) ===
[23-Sep-2025 08:36:44 America/Montevideo] Usuario ID 4 encontrado: martin (estado: activo)
[23-Sep-2025 08:36:44 America/Montevideo] Usuario 4 está activo
[23-Sep-2025 08:36:44 America/Montevideo] ✅ Usuario autenticado: ID=4, Username=martin
[23-Sep-2025 08:36:44 America/Montevideo] Raw input recibido (length=308): {"id":133,"partidaId":133,"ronda":1,"turno":3,"jugadorActivo":1,"jugadorQueTiroDado":1,"restriccion":null,"colocadosEnTurno":0,"mano1":["dino4","dino1","dino2","dino1"],"mano2":["dino4","dino4","trex","dino5"],"colocaciones":[{"recinto":"bosque-semejanza","jugador":1,"especie":"dino1"}],"jugador2":"asdasd"}
[23-Sep-2025 08:36:44 America/Montevideo] ✅ JSON decodificado correctamente
[23-Sep-2025 08:36:44 America/Montevideo] Datos principales: {"id":133,"partidaId":133,"ronda":1,"colocaciones_count":1}
[23-Sep-2025 08:36:44 America/Montevideo] ✅ ID de partida válido: 133
[23-Sep-2025 08:36:44 America/Montevideo] ✅ Acceso validado correctamente
[23-Sep-2025 08:36:44 America/Montevideo] ✅ Validaciones pasadas: ronda=1, turno=3, jugadorActivo=1
[23-Sep-2025 08:36:44 America/Montevideo] Estado formateado para BD: {"recintos_count":1,"ronda_actual":1,"jugador_activo":1}
[23-Sep-2025 08:36:44 America/Montevideo] ✅ Partida guardada exitosamente en BD
